speed,acc_norm,engine_speed,throttle_position,delta_acc_lat,client,cluster_id
0.0,9.068991581880658,0.0,0.0,-7.35632183910262e-05,J,1
1.0,1.0664673347970846,948.0,14.117647058823527,0.0038416024318749797,J,2
0.0,9.51354599779448,0.0,0.0,0.005989543553373555,G,1
48.0,4.607782452901229,2064.5,20.0,0.8275408239301685,G,3
0.0,9.443325020543632,0.0,0.0,0.6683311938382541,A,1
6.0,0.6690171797088339,960.0,23.52941176470588,-0.0881338851022396,C,2
50.0,0.4226621787998057,2128.5,18.431372549019606,0.22835046237915096,I,3
13.0,4.086242087485944,1349.0,18.03921568627451,-0.05897428193726706,H,2
0.0,0.5983216758670906,953.0,13.333333333333334,-0.0006677253478524214,F,2
0.0,1.0506818164620768,944.0,12.941176470588236,0.06123862615983244,F,2
0.0,1.106458555329275,1011.5,15.294117647058822,-0.026824070788848298,H,2
1.0,1.4795529912605165,949.0,14.117647058823527,0.08129197324414716,E,2
42.0,5.063863902708976,1785.5,14.509803921568627,-0.01371891150464144,D,3
9.0,0.4609407575837014,996.0,13.72549019607843,-0.3515087572977481,J,2
11.0,2.3020960777114827,955.0,14.117647058823527,0.7961464055409602,B,2
0.0,0.9875111378230698,949.5,13.72549019607843,0.003509643483342817,H,2
0.0,9.496862670224179,0.0,14.117647058823527,-0.0007590567327409037,J,1
55.0,4.6658076922631375,3260.5,87.05882352941177,-1.247460131446596,I,3
0.0,9.460319897934664,0.0,0.0,0.016323045874056086,A,1
0.0,1.8586792230578697,1682.0,18.431372549019606,-0.13899550517881576,D,3
0.0,1.408825516275398,956.5,12.15686274509804,2.9139072847628178e-05,B,2
38.0,2.0315441516691504,2394.0,44.70588235294117,0.0507236842105262,D,3
0.0,9.070510955849462,0.0,0.0,0.0014503120835969163,B,1
0.0,9.549439117034368,0.0,0.0,-0.8974751085550872,A,1
21.0,3.714101924955295,2061.5,87.84313725490196,-0.4875511896839404,D,3
0.0,1.6469972581207315,0.0,0.0,0.0031986531986532007,G,1
19.0,2.6085925431971186,946.5,12.941176470588236,-0.034808384773662215,A,2
0.0,1.6316810547562204,944.5,14.117647058823527,-0.0013597553054547906,H,2
7.0,0.8395844293242773,1441.5,13.333333333333334,-0.004554455445544614,G,2
0.0,0.9742759992972174,947.0,14.117647058823527,0.024278587327171308,I,2
17.0,4.5237824677785765,3132.5,20.392156862745097,0.2093128818432295,A,3
47.0,1.8927421107153932,955.5,13.333333333333334,-0.7277809040875642,F,2
0.0,1.0588000120905552,947.0,12.941176470588236,0.0006837307152874894,G,2
0.0,1.7343822576266856,954.5,14.509803921568627,-0.004347572148419632,G,2
0.0,1.7326578397258472,0.0,0.0,-0.0010869046784035994,E,1
0.0,9.48733417798591,0.0,14.117647058823527,-0.0009903381642512032,E,1
52.0,0.8382577034657012,1735.5,14.117647058823527,0.07408570898522049,E,3
0.0,9.11580772883718,0.0,0.0,1.0882444377328107,G,1
8.0,4.304490097780264,1073.0,27.45098039215686,-0.9455623305550236,E,2
52.0,1.8390908653994984,1757.5,15.294117647058822,-0.1944886209919161,D,3
0.0,9.496193449392216,0.0,0.0,0.003828289452564193,F,1
39.0,1.0022756479660289,2403.0,15.68627450980392,-0.2575119035349891,F,3
0.0,1.8255905998377773,949.5,14.117647058823527,-0.0018518518518518962,G,2
3.0,1.4738021675800932,1569.0,15.294117647058822,-0.2100789063780949,C,3
24.0,3.998311321391022,2468.0,18.03921568627451,-0.20752557529318016,F,3
0.0,9.06882619771391,0.0,0.0,-0.0004028343720037242,E,1
0.0,9.459170960229102,0.0,0.0,-1.5338171055661325,F,1
29.0,3.6794999906459736,1845.0,14.509803921568627,0.6608417845911951,B,3
0.0,2.260701306619461,944.5,14.117647058823527,-0.002385548814120231,J,2
0.0,1.7175003854335804,0.0,0.0,0.264683688600556,A,1
0.0,1.732960731982222,948.0,13.72549019607843,0.003211299435028181,J,2
38.0,2.073728091756167,1624.0,34.509803921568626,-0.08425726265348898,H,3
18.0,3.3711165346397864,1852.5,16.470588235294116,-0.08286767186129662,D,3
3.0,2.4993560348557433,1673.5,23.137254901960784,-0.054625442410759506,I,3
0.0,9.069195413947112,0.0,0.0,-0.0023955943616962294,E,1
2.0,3.281372471858045,1264.0,23.92156862745098,-0.6427322227136469,E,2
41.0,2.4999431469473983,2563.5,15.68627450980392,0.6607898529554967,C,3
0.0,0.8263750796271799,952.5,12.549019607843135,0.000537249893571734,J,2
16.0,1.0641906690038239,1674.5,16.470588235294116,-0.005556837791199309,G,3
0.0,1.5622521357523924,953.0,14.117647058823527,6.688963210699228e-05,B,2
22.0,2.466073738784468,951.0,12.549019607843135,0.2503809538456805,D,2
0.0,0.5596094521750778,944.0,12.941176470588236,-0.0007605228563634103,J,2
0.0,1.1784063174879047,950.5,13.333333333333334,0.05123056713566099,D,2
14.0,2.416128822477865,2335.5,15.294117647058822,-1.1146326965162356,I,3
27.0,1.0382665805077995,2694.5,16.07843137254902,0.11134760808811442,A,3
49.0,0.9213525652146846,3045.0,17.254901960784313,-0.1354442629644752,J,3
28.0,1.004746475124566,1798.0,14.117647058823527,0.021382536486662496,A,3
0.0,9.115897903391017,0.0,0.0,0.0018321929110474144,E,1
43.0,1.0792396800142408,2718.5,16.07843137254902,-0.04620490589055419,A,3
0.0,1.6688114753132346,949.0,14.117647058823527,-0.0003833725029376289,F,2
21.0,2.1214013656672264,1354.5,21.56862745098039,-0.1430501618122978,D,2
35.0,1.6554490180437056,1481.5,21.176470588235293,-0.2705705528822155,B,2
3.0,0.983943476094147,952.0,13.333333333333334,0.019012626549880507,J,2
0.0,3.2102476956035697,948.0,12.549019607843135,1.5441137254901962,A,2
27.0,2.8701593667492777,1754.0,14.509803921568627,-0.24084052346121299,I,3
0.0,9.497313451376291,0.0,0.0,0.015728164298331238,H,1
55.0,2.042398924374256,2313.5,23.137254901960784,0.11498068760611213,I,3
0.0,9.038641367322555,0.0,0.0,-0.009623750462791403,G,1
0.0,9.068135132184374,0.0,0.0,0.00877860235003114,H,1
30.0,4.072965281281902,1914.5,20.392156862745097,0.00012124540069091694,A,3
19.0,1.9633286644375703,1956.5,20.392156862745097,0.05917536251524591,G,3
51.0,1.8064566056437743,2162.0,88.23529411764706,0.09551697809925659,F,3
0.0,9.527657905620414,0.0,0.0,0.706050644911808,G,1
41.0,1.481619932273289,1224.0,14.117647058823527,0.03021791548616537,I,2
0.0,0.9560010655809059,957.5,13.72549019607843,0.003798873084587373,B,2
55.0,3.055242608813372,3440.5,18.03921568627451,0.09684621413069716,A,3
0.0,9.489998959376496,0.0,0.0,0.0032696329492103438,G,1
0.0,2.0001217052495592,952.5,13.72549019607843,-4.120299035548225e-05,J,2
0.0,2.0078508340582153,942.5,14.117647058823527,-0.0011706550968295093,E,2
0.0,1.6801475718691152,950.5,14.117647058823527,0.0028813559322034,G,2
38.0,2.0116130918855424,2405.0,34.509803921568626,-0.10999520705521473,C,3
0.0,1.9862673652684772,955.5,14.509803921568627,0.0028578989448554415,G,2
13.0,2.1286066863345043,2549.0,23.52941176470588,-0.04371376999522816,C,3
0.0,1.9803923955514282,950.5,13.72549019607843,-0.002837837837837809,G,2
16.0,4.195491395279514,3067.0,16.862745098039216,0.10523854851736471,E,3
4.0,0.7495534971130868,1005.0,13.72549019607843,0.0649721742103363,G,2
0.0,1.0099778970989497,951.0,15.294117647058822,-0.0011784511784511953,B,2
33.0,1.8771320684451511,2046.5,18.823529411764707,-0.030656493186840716,B,3
0.0,1.969991794965906,0.0,0.0,-0.0017845117845117983,D,1
41.0,0.7756157112447225,1711.5,14.117647058823527,-0.030178594317453483,A,3
66.0,0.9312027301195531,4099.0,19.215686274509803,1.4522257053291538,B,3
31.0,1.6674927039651395,1945.5,28.235294117647054,0.14675086107921942,A,3
21.0,4.126848973924325,952.0,12.549019607843135,-1.4032667690732215,C,2
8.0,2.9019182428790464,964.5,23.137254901960784,-1.3690611185854313,G,2
0.0,9.538463436501925,0.0,0.0,0.0054346616980454066,C,1
0.0,2.5720798019729827,953.0,12.941176470588236,-0.06179795839324731,J,2
33.0,2.077031998297907,2186.0,23.92156862745098,-0.15991060544494107,J,3
11.0,1.232541624103002,1145.5,13.72549019607843,0.08176248197789288,C,2
43.0,2.507086208063993,1831.5,14.117647058823527,-0.046012336098204765,E,3
0.0,1.646276155784311,1583.0,18.431372549019606,0.015930593059305886,C,3
0.0,0.8130082860220404,944.5,12.549019607843135,0.0024917720248845976,D,2
0.0,9.491858232612506,0.0,0.0,0.0005365207330273458,B,1
30.0,0.9508256248555743,3026.0,23.52941176470588,0.4062051939467386,F,3
0.0,9.584331175816246,0.0,0.0,-2.8335808635808637,C,1
22.0,2.0238546990864235,2193.5,24.31372549019608,0.0127619792559574,C,3
0.0,3.1785296274095454,949.0,12.549019607843135,-0.0024855577927993533,D,2
0.0,2.069822566011925,948.5,14.117647058823527,-0.0018181818181817189,H,2
0.0,9.499984832322134,0.0,0.0,1.6023526066884357,F,1
33.0,3.8568575079095417,2055.0,18.823529411764707,0.5080593309488743,B,3
0.0,1.7400754146770678,950.0,13.72549019607843,0.012490477054235408,G,2
0.0,2.5855106613066394,953.0,12.941176470588236,-0.44144783801044385,H,2
53.0,0.7747097543268371,954.5,13.333333333333334,-0.1209205746022465,I,2
15.0,3.419932764911503,1476.0,19.215686274509803,-0.06040139064475314,H,2
86.0,1.2821958141740732,2897.5,16.07843137254902,-0.1073892120571126,C,3
16.0,2.1641001174762002,1754.0,25.098039215686278,-1.5634297561653077,H,3
0.0,1.8835076529974724,950.0,13.72549019607843,-0.0011951852514766048,C,2
0.0,9.462241013168551,0.0,0.0,0.8445492047983498,G,1
2.0,3.7324508098691065,949.0,12.549019607843135,-0.06817574444335106,A,2
34.0,1.8148432073829501,2127.0,21.96078431372549,0.07687131969954519,A,3
0.0,1.200158820200168,952.0,14.509803921568627,-0.0015269129652690783,A,2
0.0,0.568272417199492,940.5,12.941176470588236,-0.007921261394432166,F,2
0.0,9.069326069095888,0.0,0.0,0.0015661864495251088,H,1
0.0,1.0795969816765694,948.0,13.333333333333334,-0.002954742519959974,D,2
10.0,3.7300703407045184,2009.0,32.549019607843135,0.3853843849840255,J,3
0.0,9.488271847360831,0.0,14.117647058823527,0.0005797101449274977,F,1
0.0,9.498361352442883,0.0,0.0,-0.0012632929462680353,A,1
0.0,9.508405537116705,0.0,0.0,-1.3973081339712918,G,1
47.0,1.7211375770010102,2955.5,25.098039215686278,-0.1620428525356769,B,3
8.0,0.6418362915744965,1448.5,19.607843137254903,-0.190290526101557,I,2
51.0,1.936667061779847,1718.0,14.901960784313726,-0.052702716108168235,F,3
18.0,1.8440773164201247,1826.0,21.176470588235293,-0.07933356117566637,J,3
0.0,9.07034053273097,0.0,0.0,0.002285280246689503,H,1
24.0,1.8054269261259879,1515.5,25.49019607843137,-0.3213495754891105,E,3
0.0,0.5741577136838295,948.0,12.549019607843135,0.005830256612802565,I,2
0.0,0.5661928054556743,940.5,12.941176470588236,-0.0033269260007384727,F,2
0.0,1.604100662382801,945.0,13.72549019607843,0.002168896818316904,D,2
0.0,9.439514456420683,0.0,0.0,1.3723259429557984,G,1
0.0,9.067594899255248,0.0,0.0,-0.0009678879910843818,D,1
27.0,0.44898844770857876,949.5,12.15686274509804,0.22255832586579521,A,2
0.0,0.529372558702119,947.0,12.941176470588236,0.00031052091695649153,F,2
31.0,4.656272384418551,3123.0,26.666666666666668,-1.3707891395353453,B,3
0.0,9.457194310757716,0.0,0.0,-0.009411471274753391,E,1
0.0,9.525126134366547,0.0,0.0,0.7214753633463309,H,1
44.0,1.8944071729932466,1859.0,14.509803921568627,0.005750798722044426,F,3
0.0,0.2646514100247314,950.0,12.549019607843135,0.8018030713640469,E,2
20.0,5.438068655199249,2046.0,14.901960784313726,0.44942800788954695,D,3
0.0,0.5719861144833148,952.5,12.549019607843135,0.0010035440171120014,C,2
41.0,0.6652896964515511,1761.0,16.470588235294116,-0.23006527388219772,H,3
0.0,1.7231691073365878,950.5,14.117647058823527,-0.00022801191021526446,C,2
0.0,1.9500787687794676,962.0,13.72549019607843,-0.0007229729729730239,F,2
13.0,0.8452606682816693,937.0,14.509803921568627,0.14733933621226514,F,2
35.0,1.4390554969236278,2224.5,24.31372549019608,0.0610143618851048,I,3
60.0,1.03657072174266,2521.5,15.68627450980392,-0.11183749803551779,I,3
4.0,0.41761861964645425,963.0,12.941176470588236,0.0241792349726776,I,2
43.0,1.5383446803248868,2678.5,23.137254901960784,0.7024781552143113,F,3
0.0,1.0557400172398868,946.5,12.549019607843135,-0.002256186317321718,D,2
0.0,1.2299104608683806,954.0,12.15686274509804,-0.004876412429378529,F,2
0.0,1.979040041948543,948.0,13.333333333333334,-0.0012664337593085995,E,2
37.0,1.4255439316192828,2272.0,15.294117647058822,-1.1840000000000002,A,3
0.0,4.57535997709335,0.0,0.0,-0.186711838885752,F,1
35.0,0.8822496548130506,951.0,12.15686274509804,0.22426003344481604,F,2
34.0,1.793574238568546,2099.5,87.84313725490196,-0.06619047619047624,H,3
38.0,3.94701234136407,3819.5,26.666666666666668,-0.376269933289644,G,3
42.0,1.7891034127880105,2621.0,29.41176470588235,-1.1232935837691542,F,3
29.0,4.605460469843266,3001.0,88.23529411764706,0.49897854571925415,F,3
0.0,0.753672059511846,1201.5,13.72549019607843,-1.5531980135421763,G,2
0.0,1.6606591404953543,951.0,13.333333333333334,0.0029253040749478987,D,2
0.0,0.5205032603965932,945.0,12.549019607843135,-0.0032342801985658642,D,2
69.0,3.083127398438439,2878.5,20.7843137254902,0.285136567834681,B,3
23.0,2.5381397317585277,2306.5,88.23529411764706,-0.31423712284053823,J,3
0.0,8.750557088783781,0.0,14.117647058823527,0.034894226468601,G,1
2.0,1.846457791847191,956.5,14.901960784313726,0.2910851505711318,E,2
0.0,1.6681660549940303,1162.0,16.07843137254902,0.03630527346660717,A,2
0.0,0.9001010850393423,951.0,13.72549019607843,-0.07806383119169158,I,2
14.0,3.2887660528335423,949.0,12.549019607843135,-0.7565450916349121,C,2
13.0,1.0637404507168262,1303.5,18.823529411764707,-0.015712140575079747,I,2
27.0,2.4062587052471045,1720.5,14.117647058823527,-0.057974683544303574,B,3
0.0,9.070185864944643,0.0,0.0,0.0005833260699033005,I,1
0.0,3.9594243138665925,952.5,12.549019607843135,0.706366345627973,J,2
0.0,9.115592676563995,0.0,0.0,0.0024650306193931826,D,1
4.0,1.3663083682182144,1049.0,14.509803921568627,0.069693969003432,F,2
36.0,1.7235831731890627,2299.5,15.294117647058822,-0.308140873015873,F,3
0.0,9.068426760520163,0.0,0.0,0.0013267196962849503,F,1
38.0,0.6123914038661852,2396.0,15.68627450980392,0.1489373932268114,A,3
38.0,1.6004779335663677,1009.5,14.117647058823527,-0.17838705595799204,C,2
23.0,0.4094069381625389,1469.0,14.117647058823527,-0.3045053066037736,B,2
27.0,2.036304587916948,2670.0,25.49019607843137,-0.2391947620649067,D,3
0.0,1.5726959043900897,946.5,12.549019607843135,0.003158441769586795,A,2
0.0,2.2322059381803445,1072.5,23.92156862745098,0.04214367315325784,D,2
0.0,1.6499218847721153,958.5,13.333333333333334,-0.0028667628667628925,E,2
21.0,2.3980086485495415,2115.5,48.62745098039216,0.02756675842391859,J,3
0.0,1.6571502250875199,0.0,0.0,0.007138157894736874,E,1
0.0,9.07029484776673,0.0,0.0,0.010537590671819252,G,1
0.0,9.497352763896851,0.0,0.0,0.00024214802903876897,C,1
3.0,1.941792973832105,1673.5,23.137254901960784,0.031218888391302158,E,3
4.0,0.3775221125242505,949.5,12.549019607843135,0.00042622950819670713,I,2
34.0,1.3176096853728891,2130.5,15.294117647058822,-0.004968014097292639,B,3
26.0,4.712182315463019,2647.0,87.84313725490196,0.6694707996406111,J,3
0.0,9.532709455884644,0.0,0.0,1.3824575421940928,J,1
0.0,9.491790336119566,0.0,0.0,-0.004160860845906944,H,1
0.0,1.6110363444110682,956.0,14.117647058823527,-0.024387472035794208,A,2
0.0,9.44511123318016,0.0,0.0,-0.7960982825971388,C,1
0.0,9.44935514776591,0.0,0.0,-0.06744635657843198,F,1
19.0,5.619310990831943,3364.0,29.01960784313725,0.23654468457943945,A,3
44.0,2.508748989379623,2900.5,16.07843137254902,0.16359411800847878,C,3
46.0,3.225245901878817,2848.5,16.470588235294116,0.4847765340388727,J,3
0.0,2.344839413742404,950.5,12.549019607843135,0.002273564264205774,H,2
0.0,1.4487649234938709,946.5,12.549019607843135,-0.0015019067754746818,F,2
27.0,0.8772333863641562,1706.5,14.117647058823527,-0.007714377269814221,C,3
0.0,1.6713661717659158,0.0,0.0,0.11021242581083512,G,1
43.0,1.8327406961655839,1844.5,14.117647058823527,-0.03179431378029789,J,3
0.0,9.473983071633855,0.0,0.0,-0.00013100436681223737,E,1
0.0,2.009611541622087,954.0,13.72549019607843,-0.001695217945217986,E,2
33.0,0.8399025201506227,2049.0,19.215686274509803,0.16765053363637328,A,3
42.0,4.209686684654864,2651.0,23.137254901960784,0.28239470419224233,F,3
0.0,1.3965860510841892,948.5,12.549019607843135,0.005246754218580452,I,2
0.0,1.9772601836773431,948.0,13.72549019607843,0.0026101694915253992,E,2
0.0,0.7856904110884131,953.5,12.941176470588236,-0.0012249443207127397,C,2
6.0,0.8339964407888321,1209.0,9.803921568627452,-0.35257188498402564,E,2
0.0,1.978034236122971,953.5,13.72549019607843,-0.004120702640439511,I,2
56.0,3.2028472118899085,2367.5,25.88235294117647,-0.11227789315795533,C,3
53.0,4.950048181745306,2243.5,21.56862745098039,-0.16206453987730107,C,3
16.0,3.898369980162847,2932.5,16.862745098039216,0.07582358092508568,F,3
51.0,2.255027893570554,3165.5,16.470588235294116,-0.5197123015873016,J,3
0.0,9.470228523666664,0.0,0.0,0.007401694775661938,D,1
28.0,1.5466613231571607,1763.0,14.117647058823527,-0.678307699990013,J,3
0.0,8.072975721534583,0.0,0.0,0.002511705403467346,G,1
28.0,2.777325537955275,2783.0,33.72549019607843,-0.0493294553146483,A,3
0.0,9.527314509640929,0.0,0.0,-0.0025911842198957924,D,1
0.0,3.109732422209464,954.0,12.549019607843135,-0.016668092838504123,B,2
2.0,3.712995531172444,949.0,12.549019607843135,0.047274174101760824,C,2
0.0,1.6756575010729486,948.0,13.72549019607843,0.0018705008569795956,G,2
0.0,1.7133669983959878,951.0,13.72549019607843,-0.00108108108108107,E,2
0.0,9.473758545868636,0.0,0.0,-0.008998812447707283,C,1
0.0,9.528943809519435,0.0,0.0,1.5284854355136646,J,1
23.0,1.5428731521140726,1450.0,18.431372549019606,0.040682507377632994,G,2
0.0,5.439722918843845,973.0,20.0,0.13920000000000066,H,2
56.0,0.7597655909880173,2366.5,22.745098039215687,0.01005187598021473,F,3
0.0,1.704759588827566,948.5,13.72549019607843,-0.029260042283298093,E,2
47.0,0.62221164318512,2436.5,15.68627450980392,-0.2141903741132036,D,3
53.0,1.8654655207385573,1369.5,13.72549019607843,-1.0355864846633072,H,2
0.0,2.003109412918869,957.0,13.72549019607843,0.0016549426138467993,G,2
0.0,1.6804966615942118,956.0,14.117647058823527,-0.0008818140174072786,B,2
0.0,1.612695460251278,945.0,13.72549019607843,-0.001476981218506604,F,2
0.0,9.46276365300298,0.0,0.0,-0.7151082781612431,H,1
38.0,0.9574019786130602,2426.5,17.647058823529413,0.2523133722817267,C,3
0.0,0.7985694473109279,958.5,12.549019607843135,-0.006482334869431616,J,2
38.0,2.038494199252123,1594.0,14.117647058823527,0.2510334907344949,H,3
24.0,2.7417507652063255,2426.0,20.392156862745097,0.1707808038655832,J,3
0.0,0.9030916801300903,948.5,12.549019607843135,-0.004319976962316896,A,2
54.0,1.564240100404954,2273.0,16.07843137254902,0.11149621628097359,J,3
0.0,1.0392269749837062,952.5,12.549019607843135,-0.0009852867171890045,C,2
21.0,1.489081779248048,2129.5,16.862745098039216,0.06539600859137273,I,3
0.0,9.070678955220504,0.0,0.0,-0.0006318732525634196,J,1
46.0,0.8492913896927091,1940.0,14.901960784313726,-0.042986374281456186,H,3
0.0,0.984993643796009,946.5,13.72549019607843,0.05181653670253028,C,2
0.0,9.061272968673618,0.0,0.0,0.0013922737306844013,D,1
0.0,9.480265700935298,0.0,0.0,0.6868130414833606,I,1
12.0,1.163636087579991,980.5,14.117647058823527,-0.31435334713595586,C,2
43.0,2.044049100899173,2693.5,16.470588235294116,0.2763280226975121,C,3
0.0,1.9671592243261227,972.5,13.333333333333334,0.001180165064393196,J,2
0.0,1.086171919804505,947.5,13.72549019607843,-0.0019286232541265713,F,2
19.0,1.0749794948710882,1955.0,16.862745098039216,-0.5872722855754665,A,3
20.0,0.46633769491045324,2035.5,18.03921568627451,-1.2592874822479203,J,3
0.0,9.497270561679048,0.0,14.117647058823527,0.001380279933559804,E,1
27.0,0.5530732225249618,1188.5,13.333333333333334,-0.04190480968626675,F,2
0.0,2.0490680910358074,952.5,14.117647058823527,-0.0031791347661654923,F,2
0.0,1.633487759997077,943.0,13.72549019607843,1.818141006930396e-05,F,2
0.0,9.069832420243307,0.0,0.0,-0.0008674818241902749,D,1
0.0,2.0093903368928285,957.5,13.333333333333334,0.0013098946404030976,G,2
23.0,0.5652967139187945,2378.5,15.294117647058822,0.354995077256927,G,3
0.0,9.533008748219435,0.0,0.0,0.7542735475257332,G,1
13.0,1.8047492817762607,968.0,14.509803921568627,0.5586150447622369,G,2
48.0,1.0476595937960622,2975.5,24.31372549019608,-0.08374838184323713,F,3
0.0,9.495383369885133,0.0,14.117647058823527,-0.0007406567489113974,F,1
43.0,1.0361533793449922,2718.5,16.07843137254902,0.005273975626986897,B,3
48.0,1.5842044918426819,2023.0,14.901960784313726,0.1672872644203313,D,3
0.0,0.545167271052047,953.0,12.941176470588236,-0.0006433832321010025,H,2
0.0,1.6264851738176216,955.5,14.117647058823527,-0.003177257525083521,D,2
0.0,0.5661332549169084,949.5,12.941176470588236,-0.0010298918387413591,A,2
0.0,2.0085843056630823,957.0,13.72549019607843,0.0024746907924874106,D,2
22.0,4.519459651302697,984.5,13.333333333333334,0.8099719826602776,I,2
0.0,0.668435364915875,1198.5,13.72549019607843,-1.2769033882995204,F,2
20.0,4.589648477945015,954.0,12.549019607843135,-0.12056615892451461,A,2
0.0,2.0087123891325054,946.5,13.72549019607843,-0.00021902642241616865,I,2
0.0,9.44540418133288,0.0,0.0,-0.0683926295885231,F,1
0.0,1.7784244868859502,0.0,0.0,0.0015326621923937994,E,1
0.0,0.5435756951305174,953.0,12.549019607843135,-0.00032690347665242925,G,2
47.0,3.115233613695282,2010.0,15.294117647058822,0.42620231904156514,D,3
30.0,5.518278550281551,3012.5,23.52941176470588,-0.9139785809906291,F,3
0.0,1.069095087697508,947.5,14.117647058823527,0.0007528957528957214,G,2
29.0,1.880778174706808,2903.0,17.254901960784313,0.15236311776644174,A,3
3.0,1.2451619539794057,925.5,15.294117647058822,-0.004029326494201679,G,2
19.0,3.3097050660798146,2011.5,14.901960784313726,-0.6879581321428936,G,3
0.0,9.072632563748995,0.0,0.0,0.0013598744292240283,E,1
0.0,9.066673132329433,0.0,0.0,-0.00157856161245995,C,1
0.0,9.49692352915928,0.0,0.0,0.0018269230769231148,E,1
0.0,0.2274536222390497,951.0,12.549019607843135,0.7275716532554795,E,2
18.0,2.1882047096026507,1839.0,87.84313725490196,0.34790749909667096,J,3
33.0,0.9021650847538573,2079.0,21.96078431372549,-0.07863370615149984,F,3
33.0,1.616984998795018,2086.5,19.215686274509803,0.2928268849206349,A,3
32.0,1.8164165988986145,2001.5,18.431372549019606,1.0419713946184535,C,3
0.0,9.467186474418934,0.0,0.0,-0.0004725308606731704,I,1
0.0,1.6064483222867447,949.5,13.72549019607843,0.003563122635287602,B,2
48.0,1.845752421122925,2052.5,20.0,0.32846407601817473,C,3
0.0,9.469527017629662,0.0,0.0,-1.3585209089965755,J,1
0.0,9.450899216016795,0.0,0.0,-0.012370755859128002,D,1
0.0,9.461039768825525,0.0,0.0,1.366152747231168,J,1
52.0,0.36893231677759114,2213.5,19.607843137254903,-0.09697219383409977,C,3
14.0,1.2759008367560305,1331.0,10.980392156862743,0.34843825249398,A,2
1.0,2.2192456150080524,1551.0,18.431372549019606,-0.003825005017058014,H,3
0.0,1.0553238189756604,1211.5,13.72549019607843,0.008371019793459555,D,2
0.0,2.102567825142033,945.0,12.941176470588236,0.0033210979145235076,C,2
0.0,9.531825439478618,0.0,0.0,-0.0034371619184996316,A,1
0.0,1.7122592800798886,0.0,0.0,-0.0002621722846441049,H,1
49.0,1.5211779767813973,3065.0,17.254901960784313,0.22935808480422004,H,3
0.0,9.068083652798801,0.0,0.0,-0.001957430035474328,B,1
25.0,0.7661352679443029,1564.5,13.72549019607843,0.2550624156545209,F,3
105.0,1.9953272846931827,4476.5,19.607843137254903,0.04418394615230037,B,3
1.0,1.8298418519564228,1100.5,12.941176470588236,-0.09378769829451819,H,2
0.0,0.4561814504321178,949.0,12.549019607843135,0.013923058972563906,D,2
78.0,4.064070983532238,3316.0,88.23529411764706,-0.8962721636027411,B,3
26.0,1.1408319103259421,2629.0,18.823529411764707,-0.05654235852765932,B,3
0.0,2.904594988213599,921.0,14.117647058823527,-0.005133333333333434,C,2
18.0,4.683055543708071,948.5,12.549019607843135,-0.6517938356416,D,2
0.0,1.7539065421382964,0.0,0.0,-0.0010135135135134962,C,1
0.0,9.067489379029167,0.0,0.0,-0.00021687376005008474,D,1
2.0,0.8591804473554895,953.5,13.72549019607843,-0.017941687754428393,C,2
35.0,4.479583049824943,2165.0,15.68627450980392,0.225811027058481,A,3
0.0,9.452429319558235,0.0,0.0,-0.129712788091385,I,1
0.0,1.7770920394909095,939.5,14.509803921568627,0.005371665371665391,H,2
0.0,9.500451199402054,0.0,0.0,1.4133529816555297,B,1
0.0,0.6635822782894453,1011.5,15.294117647058822,0.08784988096332857,C,2
31.0,0.4663046377946803,948.5,12.15686274509804,0.094864073095282,H,2
0.0,1.6061730592276673,1196.5,16.07843137254902,-0.004452197875461139,J,2
46.0,0.3824670647653297,1970.5,14.509803921568627,0.2245495553412622,E,3
17.0,1.2659790329075307,982.5,13.72549019607843,0.4682405585277336,E,2
0.0,1.572640561828304,948.5,13.72549019607843,-0.0024020066889631764,J,2
0.0,2.9542108449579474,947.5,12.549019607843135,-1.4628016643550623,A,2
26.0,0.4777705989941629,938.5,14.117647058823527,0.004180817610062899,H,2
0.0,1.617851952712451,1189.5,16.862745098039216,-0.00368254787717881,D,2
0.0,1.6177941756839822,950.0,14.509803921568627,0.005531301205360162,F,2
120.0,2.3661499174285083,5052.5,88.23529411764706,-0.7727407779815068,D,3
0.0,0.5642947061568903,948.5,12.549019607843135,0.002720788385926043,J,2
0.0,9.531302644421606,0.0,0.0,0.694886462407649,F,1
0.0,0.7302871342727335,952.0,13.72549019607843,0.0026733551733553185,A,2
0.0,1.9698107000461955,0.0,0.0,-0.0017383002282331042,C,1
27.0,1.8727384380682115,1691.0,9.803921568627452,-0.06580158391524699,E,3
0.0,3.9528185884528044,951.0,12.549019607843135,-0.6327293636325093,E,2
50.0,3.7771738766573253,3128.0,20.392156862745097,0.5000423607682114,B,3
29.0,0.8187651309740006,2121.5,14.901960784313726,0.7158359621451105,E,3
0.0,1.608769204617414,945.0,14.117647058823527,-0.0014560014560014434,B,2
42.0,0.41751798778781374,1776.5,14.117647058823527,0.21924533725089423,A,3
0.0,1.7905997877408566,0.0,0.0,0.0167376425855513,I,1
34.0,0.5993057606832654,2141.0,15.294117647058822,-0.4415373641167843,I,3
38.0,0.9867971825343299,2419.0,23.52941176470588,-0.189613982330454,H,3
31.0,5.207042221820067,1980.0,19.215686274509803,-2.051756338128471,J,3
33.0,4.641869700719798,2071.0,25.88235294117647,0.6066397547366975,I,3
4.0,2.828907733779372,1574.5,9.803921568627452,-0.02465361705582092,J,3
0.0,9.070221069230021,0.0,0.0,-0.0009263926305722592,B,1
44.0,1.6651614042890555,1885.0,14.509803921568627,0.1303282255403399,A,3
0.0,9.505846764080495,0.0,0.0,0.00023222247759102643,E,1
23.0,1.0764862779885513,2325.0,15.294117647058822,-0.09851920558707983,H,3
62.0,1.36365743277907,951.5,13.333333333333334,-0.5886565495207667,C,2
0.0,1.389188426020482,0.0,0.0,-0.0020875420875420964,D,1
0.0,2.2368300838299833,951.5,13.72549019607843,-0.0004881830464924519,C,2
17.0,2.3842993356609408,1858.0,28.62745098039216,0.16541840747112324,D,3
34.0,0.9618682690742365,2127.0,15.294117647058822,0.0674754098360656,H,3
0.0,1.2589507838275018,941.0,12.941176470588236,-0.0019734122837571366,A,2
0.0,0.6094330087826176,949.5,12.549019607843135,-0.0010675381263617334,C,2
23.0,2.344057567602956,2246.5,14.901960784313726,-0.44816225513616836,E,3
32.0,2.4978351727029526,1976.0,29.01960784313725,-0.1539302179803454,B,3
47.0,1.8560479237098484,1961.5,14.509803921568627,-0.01625921481227488,E,3
39.0,4.1927043792880365,3878.0,26.666666666666668,0.262330136391713,B,3
0.0,1.1429004306999608,947.5,14.117647058823527,0.00023047019622357556,A,2
0.0,9.116423432738905,0.0,0.0,0.008112582781456545,G,1
0.0,1.0599080721252838,944.0,12.549019607843135,-0.00022584427767347037,G,2
0.0,0.9867330589644081,0.0,0.0,0.0067839843347418105,E,1
47.0,4.4303857232197315,2010.5,18.431372549019606,-0.0695368215533998,A,3
27.0,0.8576692145928306,1706.5,14.117647058823527,-0.1278667647367868,D,3
0.0,9.110574399503518,0.0,0.0,0.0051027870680044884,C,1
0.0,1.0750151540023374,948.5,13.72549019607843,0.0005320761265691365,A,2
0.0,0.5789285465974696,948.5,12.549019607843135,-0.0039322722180731295,E,2
0.0,2.0485324741818904,955.0,13.72549019607843,0.0008013605442174221,F,2
0.0,0.9354017783367101,944.0,12.941176470588236,0.061819066147859925,I,2
0.0,9.064325323007159,0.0,0.0,0.0011280579885233344,G,1
0.0,1.7752798349680203,952.5,14.509803921568627,0.02485718108234658,I,2
0.0,2.0255863883160337,961.5,13.72549019607843,0.007040740740740681,A,2
19.0,4.7295988304226295,1934.5,28.62745098039216,-0.05191265516853072,A,3
31.0,1.33722183301497,1929.5,14.901960784313726,-0.23277602523659313,C,3
0.0,0.9915384759786262,951.5,13.72549019607843,-0.0025363069318583564,D,2
28.0,0.5054321111658324,1123.5,14.901960784313726,0.21145222637549999,A,2
39.0,0.8547624415155349,1684.5,16.07843137254902,0.03112762536428504,F,3
43.0,1.858556984098124,1845.0,21.56862745098039,-0.15482146378011752,J,3
73.0,2.2635302801317865,1799.5,14.901960784313726,0.06934941392806881,J,3
0.0,9.49365256771251,0.0,0.0,0.0021767241379310187,A,1
0.0,2.0118532858979203,1583.0,18.431372549019606,0.003488598859886005,B,3
43.0,0.5144173960715652,2659.0,16.07843137254902,0.3427508090614887,H,3
33.0,0.9254827657930748,2046.0,20.7843137254902,-0.03974136321195154,B,3
0.0,9.546246023694863,0.0,0.0,2.3403364841100367,F,1
0.0,2.21747874949096,949.5,13.72549019607843,0.003670033670033712,F,2
16.0,1.750475143510581,1662.0,18.823529411764707,-0.3419733775366686,A,3
0.0,9.492022037067267,0.0,0.0,-0.0003656282022840296,H,1
0.0,9.07111731903886,0.0,0.0,0.0011960418142398233,I,1
0.0,1.23681020861731,948.5,12.549019607843135,0.00024392501735703842,J,2
25.0,3.7725162339569076,2538.5,15.68627450980392,1.6241194616935886,B,3
0.0,9.471363010868977,915.5,17.254901960784313,-0.011895799763669501,E,2
0.0,0.5474346222731942,954.0,12.549019607843135,-0.0007285037237644287,F,2
50.0,0.8269330606988278,2122.5,18.03921568627451,-0.13813568010936428,I,3
29.0,0.7682687125177904,2949.5,24.705882352941178,-0.013689104507782504,A,3
0.0,1.5628823474049267,958.0,13.72549019607843,-0.001484654145671116,D,2
12.0,2.4809179680415197,1265.5,16.862745098039216,0.6540040420083328,F,2
20.0,1.1507337078807591,997.5,13.333333333333334,-0.16346163178647255,E,2
0.0,0.6966782617326333,953.5,14.117647058823527,-0.001675170953521432,A,2
33.0,1.1051589379808517,2079.0,21.96078431372549,0.06709601033295061,D,3
0.0,3.6510035179681535,951.5,12.549019607843135,-1.50220309629228,E,2
0.0,1.6687483813953368,954.5,14.117647058823527,-0.0025474216990550858,J,2
0.0,1.0148561083791223,947.0,12.549019607843135,0.0012204921557884552,J,2
0.0,1.6637637115320536,1194.5,13.72549019607843,0.016636429172173603,F,2
4.0,1.1129158364494967,944.5,13.333333333333334,-0.06544200941094461,D,2
59.0,1.600899402685278,1991.5,27.84313725490196,0.017012384864326602,G,3
0.0,9.46073698811973,0.0,0.0,1.3098062667788597,G,1
0.0,2.2326827587149305,947.5,14.509803921568627,0.004575011452130129,H,2
13.0,4.342299986164098,1307.5,15.68627450980392,-0.6572007806845215,A,2
0.0,9.452179943984026,0.0,0.0,0.07316693110810746,I,1
0.0,0.5314424189797257,0.0,0.0,-0.015038223921063187,A,1
12.0,3.931370982252186,2217.5,19.607843137254903,-1.0484783566366591,H,3
0.0,9.51995028614412,0.0,0.0,0.0017217843166210667,H,1
0.0,2.0680153351949677,949.0,13.72549019607843,-0.0005907664212748687,F,2
5.0,0.5013709365064289,960.0,12.549019607843135,0.007707641196013304,D,2
33.0,4.4748769292827,3149.5,16.862745098039216,0.02588940047021948,G,3
21.0,5.490572897604226,2143.0,23.52941176470588,-1.5376242816091952,J,3
19.0,1.6450690158073948,1173.0,14.901960784313726,-0.7421599281221922,I,2
0.0,0.9753890980616143,990.0,14.509803921568627,-0.0024124918084650337,C,2
0.0,1.2147550189730172,947.5,13.72549019607843,0.0013189464975179033,D,2
0.0,2.0113202812942257,952.5,13.72549019607843,-0.0031374853113984025,C,2
11.0,3.2160918077108747,955.0,14.509803921568627,0.09647560975609759,C,2
0.0,2.003641195243677,945.0,13.72549019607843,0.0029214968476713454,C,2
0.0,1.6228401754021649,951.5,14.117647058823527,0.014185600570804202,I,2
44.0,5.195642721224816,1862.5,14.509803921568627,0.0033473884876968896,E,3
0.0,9.496769711218693,0.0,0.0,0.0039579078738369855,J,1
0.0,0.8468518555645744,949.0,12.549019607843135,-0.0016395002643367906,E,2
47.0,5.108619315046135,2000.0,20.392156862745097,-0.004035087719298502,H,3
0.0,0.6551496610255212,954.5,18.431372549019606,0.014415013019664191,B,2
0.0,9.475549220129006,0.0,0.0,-1.3984825619653434,G,1
0.0,7.674898137838566,0.0,0.0,-0.009758625340967164,C,1
0.0,9.527792392685617,0.0,0.0,0.7716100840336135,F,1
38.0,1.840748425766499,2394.0,44.70588235294117,-0.1907358235823583,G,3
2.0,1.724106561135146,953.5,14.901960784313726,-1.0884415443881748,J,2
0.0,1.0634252463540288,943.5,13.72549019607843,0.0009481268658392272,I,2
44.0,1.7535496399821868,1885.0,14.509803921568627,0.27489819146370864,D,3
0.0,4.7878304068716755,949.5,12.549019607843135,-0.004286293445324496,D,2
0.0,1.7784156049716202,939.5,14.509803921568627,-0.002707660732404804,J,2
23.0,1.88531799027411,2357.0,87.84313725490196,-0.6857645529939288,H,3
0.0,8.151824081065364,0.0,0.0,0.009167150768754073,F,1
0.0,1.1409285279036236,1012.5,13.72549019607843,-0.32231012658227853,D,2
86.0,1.182716525654388,2884.0,16.470588235294116,0.06439562127511445,C,3
0.0,1.6932656276789981,944.5,12.15686274509804,0.00015503517215842422,B,2
26.0,2.858411305683765,1716.5,19.215686274509803,0.8406550438574805,J,3
30.0,4.042591549558835,1914.5,20.392156862745097,0.40972111553784973,I,3
2.0,1.9853732798815484,1505.5,18.431372549019606,0.05280337988261481,C,3
49.0,0.8012881092303246,3065.0,17.254901960784313,0.1411960737034581,I,3
0.0,1.9717759046398666,945.0,13.72549019607843,-0.003622185061315508,E,2
49.0,0.8681927804097752,949.0,13.72549019607843,-0.1110623256757442,F,2
0.0,9.115927523417502,0.0,0.0,0.0009851493968580094,E,1
0.0,9.452634444393748,0.0,0.0,0.7608932445644583,J,1
15.0,3.9979134234036153,1483.5,87.84313725490196,-0.14003261846165893,F,2
36.0,1.4871770000430915,2258.5,19.607843137254903,-0.006562749548186475,D,3
0.0,9.536886572543802,0.0,0.0,1.3885470794450205,F,1
52.0,1.0035860814603406,1735.5,14.117647058823527,-0.12403897683238518,J,3
0.0,1.7057064162463693,0.0,0.0,0.0008764315162619885,I,1
28.0,1.3528240821986592,1741.0,14.117647058823527,1.1048310909480326,F,3
0.0,2.0103188354503914,948.0,13.72549019607843,0.0010137425561154156,J,2
32.0,4.586445805870913,3182.0,37.64705882352941,0.12234614706400992,G,3
0.0,9.480167852376294,0.0,0.0,0.0006243659171148996,B,1
42.0,1.9112766743986915,1568.5,15.68627450980392,-0.07016233766233759,I,3
0.0,1.567335873067337,0.0,0.0,-0.00250577787163149,J,1
0.0,9.496862056621994,0.0,0.0,0.0026041163347760854,J,1
0.0,1.0578429484223395,940.5,13.333333333333334,0.009026845637583825,H,2
12.0,0.5240726183798098,2032.5,14.901960784313726,-0.0034680842033782966,A,3
0.0,1.6437451280593935,952.0,13.333333333333334,-0.00019819819819819062,C,2
1.0,0.5093378636523014,951.0,12.15686274509804,0.006608938289825617,D,2
0.0,2.009697065597486,948.5,13.333333333333334,-0.0008896022268115034,A,2
0.0,1.5728751605130389,1158.0,13.72549019607843,-0.0036226415094339215,A,2
0.0,9.496582790585531,0.0,0.0,-0.0005308344617843685,J,1
35.0,0.6777727395013828,2197.5,18.431372549019606,-0.46093277310924374,J,3
0.0,1.6221421128537266,950.0,13.72549019607843,0.0002994396610632999,C,2
13.0,0.8685740970734509,976.5,14.117647058823527,1.087934426229508,F,2
0.0,2.008208475419397,950.5,13.72549019607843,-0.0027722408026755185,C,2
0.0,1.997045044666905,0.0,0.0,-0.0018175038980407995,I,1
0.0,1.2145322074614873,965.0,13.72549019607843,0.033609271523178885,D,2
18.0,2.324905332289275,1197.5,14.509803921568627,0.5178193146417445,G,2
34.0,0.801144753551032,1460.0,13.333333333333334,0.11303571621899594,I,2
0.0,9.533228548394847,0.0,0.0,-0.0002331002331001919,A,1
5.0,4.204687666948581,954.5,12.941176470588236,-0.08309237944398618,H,2
0.0,1.6114236771143111,947.5,14.509803921568627,-0.0010348619692761574,A,2
1.0,0.49279329756818335,951.0,12.15686274509804,-0.009280146093705421,E,2
0.0,9.06568334086994,0.0,0.0,-0.0006112956810628845,G,1
0.0,1.2115774630162484,953.0,14.117647058823527,-0.0026240045506256138,G,2
49.0,2.230252210373978,2058.5,88.23529411764706,-0.22784672598765554,C,3
0.0,9.069221235747616,0.0,0.0,0.0003345411860777858,A,1
29.0,2.6549667740032583,1845.0,14.509803921568627,-0.485396109223017,F,3
33.0,2.142562642693876,2022.5,32.549019607843135,-0.16100965965867908,E,3
18.0,0.4143403459864524,964.5,14.117647058823527,0.0344488980075299,G,2
0.0,2.4398419160448497,953.0,14.117647058823527,-0.012275818724607812,A,2
0.0,1.6961696702448277,0.0,0.0,0.004811929186685687,D,1
0.0,1.572058960201799,0.0,0.0,0.00014275885792910947,F,1
0.0,9.464181024713323,0.0,0.0,0.7635001350925382,C,1
0.0,0.583928877418397,952.0,12.549019607843135,-9.592326139096219e-05,I,2
15.0,1.3773105977429432,1149.0,13.333333333333334,-0.6396253955696205,J,2
1.0,4.490280176571503,956.0,12.941176470588236,0.20890035685416297,D,2
0.0,9.493191441904406,0.0,0.0,0.0004187479187479637,D,1
0.0,1.4799227931140657,955.0,13.72549019607843,-0.1644922385620915,E,2
69.0,0.7392049727110075,2907.5,16.470588235294116,0.617995754220979,D,3
48.0,2.0863605504559755,1601.5,13.72549019607843,-0.0800527426160337,D,3
0.0,0.6626353137861769,952.0,12.549019607843135,0.009624186590626693,E,2
37.0,0.34809305579442823,1577.0,14.509803921568627,0.08609410831779507,F,3
54.0,1.9344424395032391,1831.5,18.823529411764707,-0.12217318925233639,B,3
10.0,1.4757377154966207,1365.5,26.666666666666668,-0.11913038219641991,H,2
25.0,1.5208731192716327,2525.5,16.07843137254902,-0.03856999401543815,J,3
17.0,1.83322857991766,1144.5,13.72549019607843,0.1875207645795034,J,2
20.0,2.506369423473198,2051.5,26.274509803921568,-0.2133178708937494,G,3
39.0,2.200471675686155,2433.0,30.19607843137255,0.22396091205211727,I,3
0.0,9.485602673824213,1339.0,18.431372549019606,0.007650985871758997,A,2
0.0,9.49507321455189,0.0,0.0,-0.002763924340598245,F,1
3.0,1.0402215878505465,950.5,14.117647058823527,0.024745117845117792,J,2
2.0,3.3060620588099714,1784.0,22.745098039215687,0.02891015132408581,G,3
0.0,7.471102534647401,0.0,0.0,-0.0017739243622210132,B,1
0.0,9.069250244710025,0.0,0.0,0.0003209518791709165,B,1
28.0,1.878863080078069,2859.5,16.862745098039216,-0.0386581469648562,H,3
0.0,9.461007237014256,0.0,0.0,-0.7996871723953338,F,1
23.0,2.3598177133181775,1506.0,24.31372549019608,-0.9764861253441033,G,3
0.0,1.1431179931823574,947.0,13.333333333333334,0.004565428294241836,D,2
43.0,3.013094191019903,2655.5,18.823529411764707,1.8561502618005634,F,3
50.0,0.8206169320538023,3127.5,17.647058823529413,0.043637787383323995,J,3
47.0,0.835442924098573,2961.5,25.88235294117647,-0.161107594936709,C,3
0.0,1.0823585182226385,950.0,13.333333333333334,-0.0018981063002802001,I,2
0.0,1.787680364952348,950.0,13.72549019607843,0.010658486345212492,I,2
0.0,9.450493242006464,0.0,0.0,-0.6499421552598356,A,1
0.0,0.778797061977558,952.0,12.15686274509804,-0.0021828915175865493,B,2
18.0,1.8983888555887218,1838.0,20.0,0.15957542209789097,H,3
0.0,1.218951582331696,950.5,14.117647058823527,-0.007457627118644061,J,2
40.0,1.4693971877119545,2457.0,15.68627450980392,-0.44014076284379866,C,3
0.0,2.0759684704954546,948.5,14.117647058823527,-0.00034566887572573535,B,2
26.0,2.0618756485070295,1716.5,19.215686274509803,0.22248407643312107,H,3
35.0,4.3441785686693555,3320.0,17.254901960784313,0.5299124845990679,D,3
11.0,3.1744040666661415,955.0,12.549019607843135,0.803096871454386,F,2
0.0,0.786417985338952,946.5,14.117647058823527,0.007725523536781798,B,2
0.0,9.49606679620567,867.75,16.862745098039216,-0.0006888114970905052,G,2
15.0,0.9573468559445432,1514.0,18.431372549019606,0.09975781383069332,H,3
0.0,1.3965440915352503,955.0,13.72549019607843,0.004670435741864265,F,2
23.0,3.9799206107682537,2280.0,22.745098039215687,-0.2348101265822784,A,3
45.0,4.593296232369731,2846.0,21.176470588235293,0.012281854691493344,F,3
0.0,9.065593770190818,0.0,0.0,0.0022406181015450777,I,1
0.0,1.2939051030312139,942.0,12.15686274509804,-0.002109497103980895,J,2
0.0,1.9370554313804464,950.0,12.549019607843135,0.7021628593525994,H,2
0.0,9.605106959372794,0.0,0.0,-2.765271825454829,A,1
0.0,9.067100336707993,0.0,0.0,-0.0011329644941633354,A,1
4.0,3.7526508475976055,1768.5,22.352941176470587,-0.20596086726599688,F,3
19.0,4.084321933842918,2006.5,20.7843137254902,0.6769473679734306,C,3
0.0,1.1703391328461406,1444.0,12.941176470588236,0.005334147334147277,B,2
0.0,9.503728954838278,0.0,0.0,-0.001411895890560011,F,1
58.0,1.2173729758588425,2437.5,20.7843137254902,0.13567634329577005,C,3
4.0,1.8785381905881804,1045.5,14.901960784313726,0.013376782157717315,B,2
50.0,2.6939884669389365,3090.5,20.392156862745097,0.7335006639004149,D,3
29.0,2.171452347998119,2903.0,17.254901960784313,0.07805323772272899,B,3
49.0,1.7373312942598393,3063.5,24.31372549019608,-0.09681028938906751,B,3
38.0,1.9949791921058735,2379.0,23.137254901960784,-0.19043610963169333,H,3
1.0,1.1649569740599484,1120.0,11.76470588235294,0.031392283490644185,F,2
37.0,1.8046039419320807,2340.5,22.745098039215687,-0.05187467154358749,I,3
0.0,2.009913234686023,949.0,13.72549019607843,-5.198380198379038e-05,J,2
33.0,1.0080782020877472,2186.0,23.92156862745098,1.110319287881528,E,3
36.0,2.449837522976345,2189.5,15.294117647058822,0.13364750114080526,J,3
0.0,4.6352004349492315,950.0,12.549019607843135,-2.8605269030259897,A,2
42.0,1.7136736075141412,2620.5,20.7843137254902,0.1187350897209833,G,3
44.0,1.7377725440682625,1885.0,14.509803921568627,0.02439951314508282,G,3
1.0,1.8520786635772957,970.5,14.509803921568627,-0.1238305780482574,F,2
0.0,9.493141903110573,0.0,0.0,-0.0004406870788027373,F,1
43.0,0.9064832515749878,2660.0,16.07843137254902,0.0837254901960785,J,3
1.0,2.5117482770665096,1235.5,13.333333333333334,0.1208485774374034,G,2
0.0,1.9795626993203659,972.5,13.333333333333334,0.0028477641521119923,J,2
41.0,0.7597686751710973,1729.5,14.901960784313726,-0.4012992058929978,A,3
53.0,0.914447939078012,1187.5,14.901960784313726,0.0356571024821824,A,2
0.0,2.074341150159835,946.5,13.72549019607843,-0.0013506428942671178,E,2
0.0,0.8832597207709016,941.0,14.901960784313726,0.009947687162452312,I,2
15.0,1.0087679756669012,2742.5,15.294117647058822,0.04123256493777677,I,3
1.0,2.3869593213924576,1551.0,18.431372549019606,-0.09486158578263842,B,3
6.0,2.882170212933218,955.5,12.549019607843135,0.005065869755993546,B,2
0.0,1.9541947251601421,962.0,13.72549019607843,-0.0009853259014901972,D,2
47.0,1.6385986413988043,2008.5,18.431372549019606,0.024783111802895996,F,3
0.0,3.8700487982958616,945.0,12.549019607843135,0.0025589225589226494,H,2
41.0,1.0049098769095528,1730.5,14.117647058823527,0.08713015647226185,I,3
0.0,9.469957537912265,0.0,0.0,0.7050551414838573,G,1
0.0,1.6324010608065447,948.0,13.72549019607843,-0.002579924659132482,G,2
0.0,1.0315439235945116,945.5,12.549019607843135,0.0001894060995184521,J,2
25.0,1.2720503450203955,2538.5,15.68627450980392,0.20711598746081505,F,3
0.0,1.5741271657793299,1055.5,19.215686274509803,0.013423376092698724,J,2
0.0,1.6403332970741358,950.5,14.117647058823527,0.005344525412784795,D,2
2.0,1.090174055570427,1491.5,20.392156862745097,-0.31174099619861273,B,2
29.0,1.8351163228662883,2882.5,15.68627450980392,0.027119969040247494,E,3
28.0,5.4247047030602555,1771.0,14.509803921568627,-0.5699401985632653,B,3
52.0,1.2763769341794438,2227.0,34.90196078431372,-0.873435001004621,F,3
0.0,1.166020129515364,945.5,13.333333333333334,-0.0007007434524213263,F,2
3.0,5.7084924709138845,1149.5,12.941176470588236,-0.5790908177617036,G,2
1.0,2.1873915379460858,1649.0,25.88235294117647,0.1105081714280094,D,3
29.0,0.8000581660361991,1385.5,13.72549019607843,-0.9844255245958032,B,2
79.0,2.0826218933732226,2666.0,19.607843137254903,-0.17152093068535845,D,3
51.0,2.095201718035238,3165.5,16.470588235294116,0.8493364647239263,G,3
51.0,4.283497305691141,3213.0,17.647058823529413,0.007737915884626467,F,3
0.0,9.469926081615716,0.0,14.117647058823527,-0.014627740833932402,A,1
0.0,9.55840354921712,0.0,0.0,-2.2902328051214162,E,1
52.0,4.126641588137943,2710.5,16.470588235294116,-0.6341776077179748,J,3
0.0,9.066331773828903,0.0,0.0,-0.0008830022075052568,C,1
0.0,1.4164587667343647,949.5,13.333333333333334,0.003017603724125406,F,2
45.0,4.599470331636025,1930.0,18.431372549019606,0.659544032258065,F,3
17.0,0.9472606035886381,1267.5,9.803921568627452,1.180915053763441,I,2
34.0,3.169851006105424,1564.5,14.509803921568627,1.1684537570830251,A,3
13.0,1.9691802103810012,968.0,14.509803921568627,-0.026648090096365706,G,2
0.0,9.554574613539836,0.0,0.0,-1.4130245664871566,D,1
0.0,1.7310736111356888,948.0,14.117647058823527,0.00227118644067803,A,2
0.0,1.640783353344385,954.5,13.72549019607843,-0.01148791724810061,A,2
0.0,2.2337237071394376,952.5,13.72549019607843,-0.0020877695877694613,I,2
10.0,0.7488313733100808,1739.5,20.392156862745097,0.0921650717703349,G,3
1.0,1.7469416187832292,1283.0,16.470588235294116,0.034840134251899024,J,2
0.0,0.7229633454468484,951.0,13.72549019607843,-0.0018294430572141085,C,2
41.0,1.7551075387148336,2554.0,26.274509803921568,0.017879816226375633,D,3
0.0,1.5040937496540099,948.5,13.72549019607843,0.0021303707997947993,G,2
0.0,9.491532934003175,0.0,0.0,0.0010394644115573337,H,1
13.0,1.9778751164876698,1317.5,20.392156862745097,-0.0647694215570877,J,2
0.0,3.084099858820129,958.0,12.941176470588236,0.01535355687022566,H,2
0.0,9.48954556216589,0.0,0.0,0.020442664570571645,B,1
0.0,0.9588191770642855,952.5,13.72549019607843,0.00027689322604579347,F,2
58.0,1.287774068515391,2453.5,24.705882352941178,0.0272696287279367,C,3
18.0,3.2679385031390358,1840.5,21.176470588235293,1.113097998619738,D,3
0.0,1.4346026147905755,949.0,14.117647058823527,-0.003793565532696108,H,2
0.0,1.9699465058686991,0.0,0.0,-0.000196580808996899,H,1
76.0,1.2086596180158509,2553.5,15.68627450980392,0.08504069264069258,I,3
3.0,0.4849514069405717,956.0,13.72549019607843,0.010836704932951802,C,2
0.0,9.534542826603902,0.0,0.0,0.7497981974921629,H,1
31.0,1.7818437886217358,3133.5,20.392156862745097,0.14998521344076798,J,3
25.0,3.6678688149146628,2447.0,74.50980392156863,1.6018577591713592,A,3
0.0,1.9785017666855742,951.5,14.117647058823527,-0.0038513513513513953,D,2
0.0,1.770382970788435,956.0,14.509803921568627,0.0010169491525424124,F,2
0.0,0.9007712927182564,949.5,12.549019607843135,-0.0016560576446220665,I,2
43.0,1.651895975547823,1845.0,21.56862745098039,-0.05984472049689446,E,3
0.0,1.7022439590089513,949.5,12.549019607843135,-0.00016891891891890332,B,2
49.0,2.5207441009086238,2066.0,22.352941176470587,-0.2644604166666671,I,3
0.0,1.0169363934771822,961.0,12.941176470588236,-0.002875320576050555,E,2
0.0,2.061294420686371,955.0,13.72549019607843,0.0009853981498277875,I,2
49.0,2.4914358825191796,2102.5,19.215686274509803,2.1650678927642493,I,3
5.0,5.277162168418384,950.5,12.549019607843135,0.2291293494005613,D,2
0.0,9.527561416013269,0.0,0.0,-0.006415996938385016,D,1
0.0,2.0078164125994817,948.0,13.72549019607843,-0.0028282828282828465,G,2
0.0,1.0523450871200106,950.5,12.549019607843135,-0.005842683632157342,F,2
39.0,1.833038948887757,2446.5,36.86274509803921,0.12496316298296492,G,3
0.0,9.06955530427817,0.0,0.0,0.009109465401527128,I,1
7.0,1.0427659280263744,1156.0,17.254901960784313,-0.19781741080033688,A,2
0.0,1.0389328612028386,952.0,12.549019607843135,-0.00022461408232121727,F,2
0.0,9.066831279088145,0.0,0.0,-0.009291565981021987,F,1
0.0,9.493997146415623,0.0,0.0,0.007647352647352723,J,1
6.0,1.00334914139955,952.5,14.901960784313726,-0.8422646677808214,C,2
0.0,2.2323882352275346,947.0,13.72549019607843,-0.003027365376358393,F,2
0.0,1.0164070090119521,947.0,12.941176470588236,-0.0036833402232328005,I,2
0.0,1.6120529458780275,947.0,14.509803921568627,0.0010829774252594238,G,2
14.0,2.2837222490583775,1419.0,27.84313725490196,-0.0842543904275452,E,2
0.0,1.716592190126726,0.0,0.0,-0.0381396156769081,E,1
0.0,1.5632252758357312,944.5,14.117647058823527,-0.0035252646994026055,G,2
0.0,9.469319038754037,0.0,0.0,-0.6962663938516818,H,1
43.0,4.100938792131634,2719.5,88.23529411764706,0.7542632938493417,I,3
37.0,1.5202141156219109,2331.5,15.68627450980392,-0.26499755002041653,J,3
0.0,9.114711957406197,0.0,0.0,0.0004874923733981795,A,1
0.0,1.973057906990135,940.5,13.333333333333334,0.0012121212121211922,G,2
0.0,9.47565011041298,878.75,16.862745098039216,-0.008946419623989697,C,2
0.0,1.4824803401141828,0.0,0.0,0.019496969696969707,B,1
42.0,0.4692361583630431,2663.0,18.823529411764707,0.03047265190577303,F,3
0.0,1.9944069804827684,956.0,14.117647058823527,0.0015575131445439983,C,2
40.0,3.5279095853202205,2521.5,15.68627450980392,-0.2936653587514666,A,3
46.0,4.599050187797782,2836.5,87.84313725490196,-1.392486089341693,A,3
0.0,9.071068716164703,0.0,0.0,0.0015959591331839995,C,1
22.0,2.051738823181229,2271.5,21.176470588235293,0.32539432176656147,H,3
30.0,1.8034746243959923,1894.0,20.0,-0.013877612812963402,A,3
41.0,0.9171193906100333,943.5,13.333333333333334,-0.11465937657114128,G,2
0.0,1.5968906575554032,1206.5,16.07843137254902,0.015467436500045229,B,2
15.0,0.943166672805477,955.0,13.333333333333334,-0.02492259313014039,E,2
0.0,1.7169572084148068,0.0,0.0,0.0007766649095061993,E,1
0.0,0.23020029188867952,950.0,12.549019607843135,0.7121145813556103,C,2
0.0,9.49402943931693,0.0,0.0,-0.00590624822332142,D,1
34.0,3.6353824140834403,2167.5,18.431372549019606,0.16220846518987342,E,3
23.0,2.6246335720431517,2330.0,28.62745098039216,-0.03127306613144365,A,3
43.0,0.39750941681618807,1826.0,16.470588235294116,0.25989826839826835,B,3
0.0,9.115890253677923,0.0,0.0,-0.00029801324503342386,H,1
29.0,4.686710315918634,3001.0,88.23529411764706,-0.41758062885451386,G,3
0.0,1.6228938712845233,949.5,14.117647058823527,0.0010774410774410659,H,2
32.0,3.1724348722191875,3143.0,17.647058823529413,0.1673145447691604,E,3
15.0,4.018994947669566,950.5,12.941176470588236,0.8841948760636336,B,2
25.0,2.4353247338442903,1605.5,19.607843137254903,-0.41613207547169817,C,3
0.0,9.067893243055478,0.0,0.0,0.0007575757575750686,E,1
43.0,3.917461616202831,2673.0,88.23529411764706,1.153774946921444,J,3
0.0,9.444950670127273,0.0,0.0,0.008283261802574993,I,1
58.0,1.573202578055673,2451.5,26.274509803921568,0.15113799855714732,B,3
0.0,9.487219073037537,0.0,14.117647058823527,0.0013882195448460949,A,1
0.0,0.9114098520321933,1184.5,13.72549019607843,0.021036556036556103,J,2
69.0,1.4137368504885581,2945.0,16.470588235294116,-0.010263018660588763,J,3
17.0,1.6853060897133714,2049.5,21.56862745098039,-1.1354117003827229,C,3
29.0,1.7693965715570716,1793.0,21.176470588235293,0.1071830322395641,C,3
0.0,9.530020436989512,0.0,0.0,1.3951080543885803,H,1
0.0,0.9747696193759335,949.0,13.72549019607843,-0.0012846412846412303,B,2
0.0,9.49661526460517,0.0,0.0,0.00964036731634188,H,1
25.0,1.6266876649467594,1583.0,20.0,-0.5003074020319305,F,3
0.0,1.2128455817339168,949.0,14.117647058823527,0.007635135135135029,J,2
1.0,0.8916501419029526,947.0,13.333333333333334,0.045041834451901575,D,2
25.0,0.8126706354058877,1488.5,9.803921568627452,0.1400063070608062,B,2
18.0,1.0779868700441175,964.5,14.117647058823527,-0.020826342368339718,I,2
66.0,3.6176661591978596,2802.0,88.23529411764706,-1.6747123328826796,H,3
0.0,0.9786446750172393,944.5,13.72549019607843,-0.002250167224080335,E,2
21.0,3.679292466843724,2144.5,19.607843137254903,1.4837846760285789,C,3
0.0,2.0096331225249116,948.0,13.72549019607843,-0.0008541175403590784,A,2
21.0,1.8703498797072342,2189.5,15.294117647058822,-0.45010774629837735,G,3
0.0,0.5882157732655316,948.0,12.549019607843135,0.0007868229331643439,C,2
0.0,0.7550474930639521,1198.5,13.72549019607843,-0.7290623173212104,A,2
0.0,9.071761798639226,0.0,0.0,0.005495873786407923,J,1
38.0,2.377720071264953,2399.0,76.47058823529412,0.055485501567398066,F,3
34.0,2.3183690488947595,2165.5,15.294117647058822,-1.1360161802215776,B,3
0.0,1.7492327136430361,0.0,0.0,-0.0004699051835762996,J,1
0.0,9.493469708352304,0.0,0.0,-0.009043752914741243,H,1
0.0,4.8383331236989235,954.0,12.549019607843135,-0.7033785147168494,H,2
0.0,0.8471925909783705,952.5,12.549019607843135,0.003135901501725491,I,2
0.0,1.61087113720656,953.5,14.117647058823527,-0.0008965651969063959,A,2
31.0,5.247842321239216,1923.5,20.392156862745097,-0.9490652390539518,J,3
61.0,1.662086309462234,2570.0,29.41176470588235,-0.1567133632022886,G,3
9.0,1.6685478512261296,1220.5,17.647058823529413,0.35155689481991687,B,2
41.0,0.6508211885673598,2547.5,16.07843137254902,-0.0504945952740071,F,3
0.0,1.5872877389256606,947.5,14.117647058823527,-0.0027468284611140703,B,2
48.0,1.687686965570612,3158.5,17.647058823529413,1.2899948577474958,H,3
0.0,9.474751563785325,0.0,0.0,0.02290842961061179,E,1
46.0,4.789715893355935,2850.0,29.41176470588235,-0.9887952147226898,E,3
54.0,1.8530353615947377,1965.5,14.509803921568627,-0.38293499613072196,H,3
32.0,0.9622846004611533,2034.5,17.254901960784313,0.3754358375269591,G,3
22.0,3.208917088938567,2241.0,18.431372549019606,-1.8515173850539703,D,3
21.0,3.2515020067441704,963.0,12.549019607843135,-0.7639607577530114,G,2
0.0,2.086157769429673,1162.0,16.07843137254902,0.0007250873322300899,H,2
0.0,1.0638409141104814,950.5,12.549019607843135,0.0013760024057738462,C,2
17.0,1.6888255744998053,1789.5,25.098039215686278,-0.04537906137184117,G,3
0.0,1.8070537990750764,0.0,0.0,-0.0001625144971152022,G,1
0.0,9.444980432092652,0.0,0.0,1.3911986029669223,C,1
0.0,0.7888799576959228,953.0,12.549019607843135,-0.0005234347933679162,C,2
12.0,2.0253098106261134,1258.0,20.0,-0.14735014171496263,G,2
0.0,9.476591243362089,0.0,0.0,-0.0036330336330336888,G,1
0.0,0.5763065522089776,946.5,12.549019607843135,0.0031519138755981,B,2
0.0,1.5896930662284177,956.0,13.72549019607843,-4.964903269980003e-05,E,2
15.0,4.152081970097369,1476.0,19.215686274509803,-0.09095290310372794,B,2
36.0,0.1956254165127883,2264.5,15.294117647058822,0.027524093392945786,H,3
0.0,9.489461179094885,0.0,0.0,0.0006964017991003546,J,1
21.0,0.9539618050838867,2070.5,19.607843137254903,-0.28497651375058086,H,3
24.0,4.375304282385031,2364.5,16.07843137254902,-0.7688222222222221,G,3
0.0,2.0119142437355677,949.5,13.72549019607843,-0.003177154427154494,G,2
20.0,1.727996948059067,989.5,14.509803921568627,-0.18719941977063415,H,2
24.0,0.9095691336742414,2456.5,23.137254901960784,0.04450669542919933,H,3
44.0,0.9171360109415322,2743.5,16.862745098039216,0.006053186696157897,A,3
3.0,0.32811798041776574,950.5,12.941176470588236,-0.010232719350366376,E,2
0.0,8.959923031009568,0.0,0.0,0.070286752748006,J,1
0.0,0.8084137994313996,948.0,13.333333333333334,0.001430508474576292,A,2
60.0,1.612335821644428,2034.5,14.901960784313726,-0.17340161671924292,H,3
0.0,2.003276654005861,951.5,14.117647058823527,0.0008898305084745206,J,2
21.0,4.375880423936784,2199.0,23.92156862745098,-0.32102097097395,I,3
23.0,1.6449306076695793,949.0,12.549019607843135,-0.8759171471279095,I,2
0.0,2.008833369868198,957.5,13.72549019607843,-0.0018912286708896997,G,2
0.0,4.548107898167407,948.0,14.117647058823527,-0.0024613736204863734,E,2
28.0,1.7713083777398657,1741.0,14.117647058823527,0.625562544225175,F,3
0.0,9.042588332075182,0.0,0.0,-0.008013468013468028,J,1
47.0,2.905904642848308,2016.5,21.56862745098039,0.9160027302060065,C,3
25.0,1.7671439292121796,2533.0,87.84313725490196,-0.1878365485647039,F,3
0.0,9.450340436152041,0.0,0.0,-1.4127390360613685,H,1
7.0,0.985227619341877,944.5,14.117647058823527,0.017166357260726017,G,2
0.0,1.6353447178410503,955.5,14.117647058823527,0.01109638391955281,A,2
0.0,9.469970613568261,0.0,0.0,0.047536866160745206,E,1
0.0,1.4192511085231412,950.0,12.549019607843135,0.00040044939816274994,A,2
0.0,1.2106188536814089,944.5,14.117647058823527,0.07619405940594065,F,2
0.0,9.070611119164854,0.0,0.0,-0.001567912805026328,D,1
6.0,1.0609286128735118,947.0,12.941176470588236,0.002516158368248367,C,2
7.0,4.466098067865936,1032.0,12.941176470588236,-0.5313099173553719,F,2
5.0,0.5742522735635158,961.0,12.941176470588236,-0.008639840881273009,C,2
0.0,9.544402149734037,0.0,0.0,0.7011573778664009,G,1
49.0,0.9078401265357546,3049.5,17.254901960784313,-0.15229029304029312,G,3
78.0,3.9935139469742094,3316.0,88.23529411764706,0.6844352518699284,E,3
0.0,1.5990100609254216,0.0,0.0,-0.059164618451355705,I,1
47.0,0.9500076723497622,2436.5,15.68627450980392,0.20024964043558652,G,3
0.0,1.0910057334530638,955.0,13.333333333333334,0.007712621489977867,C,2
36.0,0.6236282985643156,1523.5,16.862745098039216,-0.06908099012050811,F,3
0.0,9.467514849909072,0.0,0.0,-0.7308111631500168,E,1
0.0,4.57899957516075,942.5,12.941176470588236,-1.590565204011126,E,2
25.0,1.809292104958823,1034.0,14.509803921568627,-0.004023457895129423,C,2
21.0,1.278966932836343,2129.5,16.862745098039216,-0.043918725660601454,I,3
5.0,1.75910981849219,957.0,21.96078431372549,0.2319248628526646,E,2
18.0,1.9787081988803545,1066.5,14.117647058823527,-0.38799218593468243,D,2
0.0,1.449913335943782,950.0,13.72549019607843,0.00029173822652073245,G,2
0.0,1.811206349393311,0.0,0.0,-1.9589328063241105,F,1
27.0,2.964211797979342,1699.0,14.509803921568627,1.4675429261669928,G,3
0.0,2.0016847154334774,950.5,13.72549019607843,0.0003642140468226307,C,2
0.0,9.587062428210837,0.0,0.0,-2.8056170069604516,F,1
0.0,0.5903668482382199,950.0,12.549019607843135,0.0009135765550238872,I,2
50.0,1.594894893425388,2123.5,15.294117647058822,-0.10466738816738813,C,3
0.0,9.528535526276334,0.0,0.0,0.0052807308970099776,F,1
0.0,9.480338913882148,0.0,0.0,2.1628981194313477,A,1
0.0,0.5543179514050546,949.0,12.549019607843135,8.981147147246737e-05,H,2
25.0,3.7451234497329473,2558.0,22.745098039215687,0.452035706005101,C,3
9.0,0.6383143332737196,952.5,12.549019607843135,0.007670175438596494,I,2
0.0,9.525198993559563,0.0,0.0,1.5526864979328425,A,1
24.0,0.9609344029421637,942.5,14.509803921568627,-0.6208750000000001,I,2
35.0,0.921809257926199,2181.0,14.901960784313726,-0.051640911976191195,A,3
0.0,9.069551436985433,0.0,0.0,0.00033783783783736254,H,1
19.0,1.6326198738611317,1964.0,22.352941176470587,0.3419052217416765,B,3
0.0,0.44806080856918923,949.5,14.117647058823527,1.1095746945575713,I,2
0.0,1.977457657268961,957.5,13.72549019607843,-0.00269360269360272,I,2
2.0,1.4389603240349478,953.5,14.117647058823527,-0.012021994962654096,D,2
0.0,9.487002653883533,0.0,0.0,-0.7118542706362825,G,1
40.0,3.230611828247376,2521.5,15.68627450980392,0.7330754111217312,J,3
0.0,9.49432014637601,0.0,0.0,0.00027108450664647954,B,1
0.0,8.766367247803371,1381.25,18.431372549019606,0.0182055280495887,F,2
0.0,9.456753695523664,0.0,0.0,0.6340350746477168,B,1
0.0,1.5732130303213956,943.0,13.72549019607843,-0.0008754711777145818,E,2
0.0,9.068661173841933,0.0,0.0,0.001444928739449125,D,1
0.0,0.7834957047384259,950.0,12.549019607843135,-7.790203980340138e-05,B,2
0.0,1.4402533801128097,950.0,12.15686274509804,-0.0006548514142498962,H,2
39.0,0.7511260200769933,1684.5,16.07843137254902,0.13711263107206384,C,3
0.0,9.477537045705215,0.0,0.0,0.6971420594044784,B,1
0.0,9.090474946295497,0.0,0.0,0.053233533452885506,H,1
0.0,9.4486863869834,0.0,0.0,-0.6938746540851972,F,1
25.0,0.5728309560939554,958.0,12.15686274509804,-0.2209860602116655,F,2
7.0,0.9957441858629839,947.5,12.941176470588236,-0.25409965332064444,F,2
0.0,9.447147822196035,0.0,0.0,0.006844816454314395,F,1
8.0,0.7540533060177522,958.0,13.333333333333334,-0.058065151243959195,B,2
0.0,0.5840543758200695,948.5,12.549019607843135,-4.4839955849806934e-05,H,2
70.0,0.6826005930621388,951.5,12.941176470588236,-0.3218415102167824,H,2
7.0,2.2329587156444792,1389.0,16.862745098039216,1.9651033347344815,B,2
1.0,0.9872771452871881,874.5,26.666666666666668,-0.10328982322025804,C,2
0.0,1.297696845938712,954.0,12.15686274509804,-0.004114628085738814,B,2
27.0,3.457480230361665,1699.0,14.509803921568627,-1.577708829840887,B,3
33.0,1.5571401330675048,2028.0,24.705882352941178,0.37846594327683153,H,3
26.0,1.538876462068449,1623.5,15.68627450980392,0.4891974353094064,G,3
0.0,9.071642706407127,0.0,0.0,0.010772847150555709,H,1
0.0,1.0891163414475038,948.0,13.333333333333334,-0.0005351170568561603,I,2
0.0,9.499892030240595,0.0,0.0,0.0021458115098434982,B,1
0.0,9.471137526006034,0.0,0.0,1.4048545922062872,F,1
25.0,1.6186696724301337,2517.5,18.431372549019606,-0.2238449557382547,E,3
9.0,4.379196199205068,1766.5,17.647058823529413,-0.12238759934350307,B,3
0.0,1.6056873259878415,949.5,14.117647058823527,0.0033113447399161777,C,2
53.0,4.967355133939282,2014.0,14.901960784313726,-0.0336479069086657,D,3
0.0,9.069175925386615,0.0,0.0,0.0022490225367515215,D,1
0.0,9.452210277984403,0.0,0.0,-1.584558224525356,D,1
34.0,1.9229027409247579,2114.5,21.176470588235293,-0.06743130990415336,A,3
35.0,1.7421230718967717,2190.5,25.098039215686278,-0.014350862252501595,E,3
0.0,1.5751305618785274,950.0,13.72549019607843,-0.002892770667589098,B,2
0.0,9.062800890020167,0.0,0.0,-0.00044333458009715443,I,1
59.0,1.5947574404826323,1991.5,27.84313725490196,-0.0079075545094963,H,3
27.0,0.8790510960088315,2694.5,16.07843137254902,-0.3010575647980711,C,3
0.0,9.524549128025473,0.0,0.0,2.2441047669658323,I,1
0.0,9.535172800421618,0.0,0.0,0.6966525423728815,J,1
0.0,1.0350939915444834,948.0,12.549019607843135,0.0007163411317183677,F,2
0.0,1.364461773311965,944.0,12.15686274509804,0.00031866018736914636,G,2
5.0,1.698525923438914,957.0,21.96078431372549,0.1342734967377888,E,2
19.0,2.7656458056245348,954.5,12.549019607843135,-0.057574203849176886,I,2
0.0,9.495348954982498,0.0,0.0,0.021596682883679663,C,1
0.0,2.2350527803195,943.5,13.72549019607843,0.0019798657718119728,F,2
29.0,4.788912764146355,1806.5,16.470588235294116,-0.16749185291997115,J,3
32.0,3.859976290405737,3214.0,25.098039215686278,-0.5538976122345929,C,3
0.0,9.486051542533676,0.0,0.0,-0.01166706748557067,D,1
0.0,9.499596634958055,0.0,0.0,0.0045862727293892736,I,1
2.0,1.3734893180779908,1671.0,20.7843137254902,0.1814657980456027,D,3
0.0,0.5957722313537431,956.0,12.549019607843135,0.006850290989363739,G,2
0.0,1.6047137358693935,957.5,13.72549019607843,-0.0013501112823147005,F,2
0.0,9.065794422628128,0.0,0.0,0.0034317819119862314,J,1
29.0,0.8357310989444324,1842.0,14.509803921568627,0.08968038585209012,B,3
32.0,4.087502461241207,3235.0,22.352941176470587,0.3890646860865554,D,3
32.0,0.7801108158532821,2025.0,14.509803921568627,0.07890495049504942,D,3
0.0,9.071053779772416,0.0,0.0,-0.00034476506242553384,G,1
1.0,2.3609273213289046,1188.0,12.549019607843135,0.28921195338640815,G,2
0.0,0.5869535298629777,946.5,12.549019607843135,0.0006220398836725982,G,2
18.0,2.636850206359003,958.5,13.72549019607843,1.0598963607594938,F,2
0.0,8.785604073838583,1650.0,17.647058823529413,0.0017238749046529014,D,3
0.0,9.52506260038805,0.0,0.0,1.0440985672891987,D,1
0.0,9.518445289094403,0.0,0.0,0.0043881856540086694,G,1
0.0,1.0951786311698728,950.0,14.117647058823527,0.0019925075556475047,I,2
18.0,3.368139002506055,997.0,12.941176470588236,0.007326797642436489,J,2
0.0,4.686505080936992,942.0,12.549019607843135,0.03635403060377129,E,2
0.0,9.534697358136002,0.0,0.0,0.7676939140811455,D,1
0.0,1.9127925487134785,947.5,14.509803921568627,0.0026674401674402007,A,2
0.0,9.467997702728756,0.0,0.0,-0.0027734147280427113,I,1
70.0,3.9017672317279994,2970.0,88.23529411764706,-0.9782534286833857,E,3
23.0,2.7267899805824394,2343.0,15.68627450980392,0.19605678233438506,A,3
21.0,1.7628196820713045,2081.5,24.31372549019608,0.1536491299481022,B,3
0.0,9.065144293144803,0.0,0.0,0.0007301201818297187,J,1
12.0,2.2627516092223083,1258.0,20.0,0.061747535851770396,J,2
32.0,0.7731917081908348,2026.0,14.901960784313726,0.8198949820202682,B,3
44.0,2.9364826832507553,2736.0,23.92156862745098,-0.2887552493050216,I,3
0.0,9.489277926445899,0.0,0.0,0.0013213960517346468,I,1
0.0,1.1073309479938052,948.0,13.72549019607843,-0.0012423201082994995,A,2
0.0,1.954656541398011,952.5,13.333333333333334,0.1967857538372943,D,2
0.0,0.5205587612747209,945.0,12.941176470588236,-0.00022868499432171507,H,2
0.0,9.469165635127322,0.0,0.0,1.514130346005346,D,1
0.0,9.481099481895967,0.0,0.0,-0.6886757876953645,A,1
0.0,9.496309454440592,0.0,0.0,-0.002856335360816309,G,1
16.0,0.9503024325177363,964.0,14.117647058823527,0.06212107575270551,F,2
0.0,9.488348517136389,1650.0,17.647058823529413,0.0223877256827186,E,3
41.0,1.927622740078443,1730.5,17.254901960784313,0.24782990922121306,D,3
0.0,9.114680380765291,0.0,0.0,-0.0027726072607259233,A,1
22.0,1.3678446460842202,1405.5,14.117647058823527,-0.02042483660130734,I,2
7.0,2.051636193574867,1708.5,26.274509803921568,-0.0333664818689734,B,3
73.0,2.348552471447902,1799.5,14.901960784313726,-0.4595569620253164,D,3
0.0,9.478419176691913,0.0,0.0,-0.005454456624087223,G,1
48.0,1.7537423779659032,3006.5,27.45098039215686,0.18220749796947802,D,3
8.0,4.228201622185883,964.5,23.137254901960784,-1.1531529400831726,C,2
0.0,0.8129014786398219,945.0,12.549019607843135,-0.003679800724637694,I,2
52.0,2.0641998651515165,1752.5,12.549019607843135,0.008060602542520404,J,3
0.0,0.784461720808993,950.0,12.549019607843135,-0.0017636016879157834,F,2
25.0,1.6457324476603108,2554.0,16.470588235294116,0.3905293019396327,A,3
22.0,1.653852884348868,2275.0,15.294117647058822,1.5333021806853582,H,3
0.0,1.609392717151942,948.0,14.117647058823527,0.1686017897091723,B,2
24.0,2.294924520762517,1509.0,13.72549019607843,-0.298924301242236,B,3
0.0,9.4553091028461,0.0,0.0,-0.790567962350434,D,1
0.0,9.529076961724599,0.0,0.0,1.427158302333114,C,1
0.0,0.9864761507279645,942.5,13.72549019607843,0.00025733525733506735,D,2
31.0,4.537103782410997,3124.5,88.23529411764706,-0.11267295597484289,I,3
0.0,0.7806256143154652,939.5,13.333333333333334,0.0010343137760628895,E,2
60.0,1.8829278307504689,2502.0,16.07843137254902,0.45834724274248306,I,3
0.0,9.472557820306783,0.0,0.0,0.0036220681292864487,B,1
31.0,1.1903228237096353,1962.0,23.137254901960784,0.05703863792103747,B,3
76.0,1.1600584869750754,2553.5,15.68627450980392,0.19817359307359317,A,3
0.0,4.326240232262006,953.5,12.549019607843135,0.004089597021355473,J,2
0.0,9.497322611308816,0.0,14.117647058823527,0.0005694975022039958,D,1
25.0,1.9392322904442212,949.5,12.941176470588236,0.6469224404938694,E,2
44.0,0.5617130277573859,1856.5,14.509803921568627,-0.08250000000000007,F,3
12.0,0.9271236525241161,1856.5,14.509803921568627,-0.01735605307150262,B,3
60.0,0.734963075948318,946.5,12.941176470588236,0.1670518944005661,F,2
0.0,9.5435216333128,0.0,0.0,-0.007142124141862993,B,1
0.0,9.530757189355375,0.0,0.0,2.3063449201378843,H,1
25.0,3.9380529166179055,2547.5,28.235294117647054,-0.9031309020814269,A,3
0.0,9.537376556094834,0.0,0.0,0.7219582496197195,C,1
42.0,4.141762666237669,4169.0,87.84313725490196,0.16311530423599407,B,3
9.0,1.727867463578504,1798.5,23.52941176470588,0.02765833333333345,B,3
0.0,0.7890334856009574,946.0,12.941176470588236,0.002364717687657558,D,2
29.0,2.2044142875116326,2936.0,23.52941176470588,0.09375402940482758,D,3
0.0,0.8853051066945067,945.5,13.72549019607843,0.0035200888808272213,D,2
0.0,1.793117672591912,943.5,12.549019607843135,0.0917496074078086,G,2
58.0,0.7046495931312162,2444.0,15.68627450980392,-0.055905506038103514,D,3
0.0,9.476015191461862,0.0,0.0,-0.7498244480692519,H,1
0.0,9.52841571137504,0.0,0.0,1.3880450199517997,D,1
47.0,0.8268593625298484,2936.5,25.49019607843137,0.49819966025602125,A,3
0.0,8.921397776181731,0.0,0.0,1.250893489387463,D,1
0.0,9.49461318920047,0.0,0.0,0.0074179082622543024,H,1
11.0,3.94019367364528,1959.0,25.49019607843137,-0.04600902682691832,G,3
19.0,1.0019241300496289,1211.0,13.72549019607843,0.052334894613583205,C,2
0.0,9.445432341856378,0.0,0.0,-0.7179183357930985,I,1
45.0,2.9190013098103185,1931.0,14.509803921568627,0.30522089848597667,B,3
0.0,3.878710202973418,0.0,0.0,-0.9804983742870848,F,1
23.0,4.068081612184276,2240.0,15.294117647058822,-0.5922580158430781,I,3
0.0,9.462356550263223,0.0,0.0,-1.45602562946011,E,1
0.0,9.48601388963546,0.0,0.0,-0.8577282638391315,H,1
0.0,1.0414045381731167,947.5,12.941176470588236,0.004621808045732534,H,2
0.0,9.496132855796365,0.0,0.0,0.0005811475176902281,B,1
23.0,0.7772950037781233,952.0,12.549019607843135,0.12252620412699222,A,2
0.0,2.0671584514013994,960.5,13.72549019607843,-0.01623502069043714,E,2
45.0,2.5257923426341042,1931.0,18.823529411764707,-2.1864741399394276,F,3
28.0,1.3820616234876568,1809.5,21.96078431372549,-0.06520716890739986,I,3
49.0,4.162345163498558,1014.5,13.333333333333334,-0.12182107015811461,C,2
22.0,2.0503768606118595,2263.5,22.352941176470587,-0.20679211775878448,J,3
0.0,4.627174498008429,949.5,12.549019607843135,-1.4408559090645028,C,2
44.0,0.8935920021992542,2743.5,16.862745098039216,-0.08943800886323822,A,3
46.0,0.8795486408350541,2853.5,20.7843137254902,-0.11516998924642241,B,3
0.0,0.48618633333757455,951.5,12.15686274509804,0.003994135585268677,F,2
0.0,1.5952216204260707,950.0,13.72549019607843,-0.0019528619528619978,G,2
43.0,0.8986418374168599,967.5,13.333333333333334,0.21833333333333338,D,2
0.0,9.070718087803643,0.0,0.0,-0.0012419008568160805,A,1
0.0,9.49428264580002,0.0,0.0,-0.005012048192771124,B,1
0.0,3.0770914095198356,954.0,12.549019607843135,0.0018045928446634996,E,2
0.0,1.0437940920922444,945.0,12.549019607843135,-0.004749310072935109,C,2
3.0,1.6775798828661364,1576.5,18.431372549019606,0.020029747311300694,B,3
18.0,2.6594536207835087,1793.5,15.68627450980392,0.32682798427626025,J,3
0.0,0.7336603181244431,946.5,13.72549019607843,0.0002693602693601971,G,2
0.0,1.6807594587021668,0.0,0.0,-0.0014165301665300944,B,1
6.0,0.5919424199987752,956.0,13.72549019607843,-0.0006460618145563424,E,2
0.0,9.491544869953064,0.0,0.0,-0.0017214978379225254,H,1
0.0,2.2338175481518934,951.5,13.72549019607843,0.0019124559341954228,F,2
0.0,1.6395145757793188,948.5,13.72549019607843,-0.001967649467649407,F,2
35.0,2.591258544402362,2173.5,18.03921568627451,-0.05196968048811845,C,3
0.0,6.996807807038032,0.0,0.0,-0.0014569461430449238,C,1
0.0,2.008945786289825,957.0,13.72549019607843,-0.0016554054054053746,G,2
0.0,0.8785670604604628,961.5,14.117647058823527,0.00712876127827905,H,2
0.0,0.6931805791152944,954.0,14.117647058823527,0.0026348542900266336,J,2
0.0,2.2264926477018303,947.5,14.117647058823527,0.0005918543127847453,D,2
0.0,0.5824078369909064,950.5,12.549019607843135,-0.004319728938857237,E,2
49.0,0.5858775777469726,2060.0,14.901960784313726,0.0010971714369774066,E,3
0.0,0.5984997974538773,952.0,12.549019607843135,0.00014865637507155416,C,2
20.0,1.5176755668303572,989.5,14.509803921568627,-0.04243076923076916,B,2
0.0,0.48985166043110495,951.5,12.15686274509804,-0.0032501735709326574,G,2
36.0,0.7455114888266747,1556.0,13.72549019607843,-0.007306180778849591,D,3
0.0,9.49696884317349,0.0,0.0,-0.0028848329517489057,I,1
0.0,2.0243468508561517,0.0,0.0,0.003718263718263698,A,1
0.0,9.461053928108337,0.0,0.0,-0.6978177098251024,F,1
70.0,0.7298828502068085,949.5,12.941176470588236,0.3157524813895782,E,2
30.0,1.8065471128430381,1901.5,83.52941176470588,0.9872863562132937,E,3
0.0,1.926562987687426,948.5,14.901960784313726,0.0006084738166650117,E,2
0.0,1.0531523840845187,950.5,12.549019607843135,-0.0011874813562692266,B,2
1.0,1.8630464392293795,1591.5,18.03921568627451,0.03629608703245227,A,3
16.0,0.8294217528882047,973.0,12.941176470588236,-0.017427652733118998,F,2
0.0,9.067907127187652,0.0,0.0,0.0008731778119015488,B,1
41.0,5.206649856979239,2595.0,13.72549019607843,-0.0866520138045388,A,3
0.0,1.333563543458676,1341.5,18.823529411764707,0.0014131082041529686,A,2
0.0,3.2213922627889513,949.0,12.549019607843135,0.009856462121948795,B,2
0.0,9.492946790779904,0.0,0.0,0.008268572963923582,A,1
0.0,9.101682188128747,0.0,0.0,0.03038661858974301,F,1
0.0,6.467230896181293,1838.0,23.52941176470588,-0.3516593873218079,H,3
0.0,0.534435008151014,947.0,12.941176470588236,0.0005150431059762761,F,2
0.0,9.454427737602984,0.0,0.0,-0.0017088750524243412,G,1
0.0,1.0610142149669652,952.0,12.549019607843135,-0.004089145024803065,C,2
26.0,3.4352396243530414,2723.0,18.823529411764707,0.9039869006129069,B,3
21.0,1.444356204288181,948.5,12.941176470588236,-0.08153406546332542,H,2
16.0,4.0436751059785845,1675.0,16.862745098039216,-1.617781829662957,B,3
0.0,9.070849104701121,0.0,0.0,-0.0012819902077545464,I,1
0.0,1.4497666122884374,1189.5,15.68627450980392,1.110839548022599,I,2
7.0,1.1731052151772665,945.5,12.941176470588236,0.03870220353307363,A,2
28.0,1.300794296659874,1523.5,14.509803921568627,-0.34665723920374225,G,3
0.0,2.0075627547484296,948.5,13.72549019607843,-0.002262368300503914,D,2
0.0,0.5523303748216503,955.0,12.549019607843135,0.0022946084724004834,E,2
33.0,3.7552943303922115,2090.0,23.92156862745098,0.6374134595060399,E,3
0.0,2.257480545498345,951.0,14.117647058823527,0.005844594594594521,B,2
0.0,9.069744372204223,0.0,0.0,-0.0010273621643781539,J,1
2.0,1.8467314833358888,955.5,14.117647058823527,0.07615297825519363,G,2
0.0,9.519908596869076,0.0,0.0,-0.0031345591448451726,E,1
34.0,2.944400006708191,2142.0,28.235294117647054,1.0690106820995648,J,3
59.0,1.7083006264819551,2506.5,56.47058823529412,-0.09223563542903868,J,3
0.0,0.793650903582146,974.0,12.549019607843135,0.01089882645803708,F,2
0.0,9.07035958917413,0.0,0.0,0.0034795673076923883,I,1
0.0,2.009848971795291,954.5,13.72549019607843,-0.0029689917189917314,B,2
25.0,1.5780438561975145,2563.5,20.7843137254902,-0.9103615630649421,J,3
23.0,1.6978873798420682,1450.0,18.431372549019606,-0.018337739854985408,E,2
0.0,9.496215716066166,0.0,0.0,0.0011235267105463853,J,1
0.0,9.454510350140847,0.0,0.0,-1.4110775678329381,F,1
50.0,1.8503838769388,1702.0,16.862745098039216,0.10427536928450129,D,3
42.0,1.7691898793022407,1804.0,15.294117647058822,0.09108835883588359,D,3
0.0,1.6694466840721167,955.0,14.117647058823527,-0.0012811065132361937,F,2
3.0,3.62185767485395,1588.0,14.901960784313726,0.38848218585679883,A,3
0.0,9.451304353397395,0.0,0.0,-1.4025619548663988,G,1
0.0,1.5159995073835526,1200.5,13.72549019607843,1.4649465898825655,C,2
43.0,2.162748824942369,2718.0,24.705882352941178,0.13062059612606503,A,3
0.0,0.925591695058555,956.5,12.549019607843135,0.000679069599364035,E,2
34.0,1.7973043725154947,2114.5,21.176470588235293,0.1269248163976598,J,3
0.0,9.493459908224134,0.0,0.0,0.0025788355375511163,B,1
0.0,0.766795973967358,958.5,12.549019607843135,2.1978021978008577e-05,J,2
0.0,9.041550756075848,0.0,0.0,-0.011530944625407269,F,1
0.0,1.0505634149773582,948.5,12.549019607843135,-0.804413923013923,E,2
50.0,1.3492289657644978,3098.0,17.254901960784313,-0.8536901659580305,H,3
0.0,2.008382042717618,951.5,13.72549019607843,-0.0012935662935663061,J,2
0.0,9.472475439778016,0.0,0.0,-0.004349424943242752,I,1
23.0,5.272857780271263,1460.0,19.607843137254903,-0.7139940418954502,J,2
0.0,9.461420478685437,0.0,0.0,-0.031319910514541416,E,1
34.0,2.1808591435905287,954.5,13.72549019607843,-0.15734855540533754,C,2
52.0,1.5314174092751758,2204.5,15.294117647058822,0.030594191803195003,I,3
0.0,0.7789230646540137,950.5,12.549019607843135,0.0012988288523125835,I,2
0.0,1.599060357145375,951.5,13.72549019607843,-0.001635067341589025,G,2
43.0,0.8469473508454589,2672.0,27.84313725490196,-0.07069400630914824,H,3
57.0,4.90068363088989,5698.0,86.66666666666667,-0.34001061592591175,G,3
31.0,1.6568609160136734,1945.5,28.235294117647054,0.04551177843004428,F,3
19.0,0.8118121866194757,1955.0,16.862745098039216,-0.5392579204138012,A,3
10.0,0.5605841819502402,1830.0,20.0,0.7788568121533641,H,3
47.0,4.440950081790432,2010.5,18.431372549019606,-0.037161572052402114,H,3
2.0,3.0668923924225053,949.5,12.549019607843135,-0.016959239809952287,I,2
28.0,4.759394939981665,1775.0,14.509803921568627,-1.4397912486414177,D,3
0.0,8.02350023898423,0.0,0.0,0.00527237285132065,F,1
44.0,1.8260187692224892,2749.5,15.68627450980392,-0.1400026123301985,B,3
0.0,1.5372807163139564,947.5,12.549019607843135,1.4191819732353712,A,2
0.0,1.7609715844133065,953.0,13.72549019607843,0.0046855855855856,B,2
0.0,9.502581550234531,0.0,0.0,-1.3875738923790029,D,1
51.0,0.9234760391612308,2157.0,19.607843137254903,-0.011134328055423137,D,3
0.0,2.253359691029373,943.0,14.117647058823527,0.0005758131012368883,H,2
0.0,1.1652426726787704,954.0,13.72549019607843,0.08683959334444769,C,2
36.0,1.57854476939134,2258.5,19.607843137254903,-0.08427403385499849,J,3
0.0,0.46058342839631733,949.0,12.549019607843135,-0.002022259136212623,C,2
0.0,0.9913926704114622,973.5,13.333333333333334,0.0017584768616734081,I,2
41.0,1.7571230223167518,2545.0,33.333333333333336,-0.08111038251366132,A,3
0.0,9.067541801797013,0.0,0.0,-0.0043097643097640415,I,1
0.0,1.0834532182724848,990.0,14.509803921568627,0.0032187464452281267,B,2
30.0,0.909371779721531,3030.5,28.62745098039216,0.36253236079720563,A,3
2.0,2.0726297855491818,1330.5,18.03921568627451,-0.22933599501642318,E,2
25.0,2.617831853718915,1034.0,14.509803921568627,0.08111270778312879,C,2
28.0,1.8681097349004565,2438.0,16.07843137254902,-0.03403553566174927,C,3
0.0,9.06813163222694,0.0,0.0,0.000940310023146651,B,1
0.0,9.471341251140615,0.0,14.117647058823527,0.030787878787878798,I,1
0.0,9.464139998114032,0.0,0.0,-0.7603946738193313,A,1
0.0,9.066731296453128,0.0,0.0,0.0003310206709099539,E,1
41.0,3.964520778226403,2574.5,87.84313725490196,-1.3358307045215563,I,3
36.0,5.344263757973048,1541.0,13.72549019607843,0.0736897426144294,J,3
7.0,3.333005316495326,949.0,14.509803921568627,1.0720645443925236,C,2
0.0,2.0085702393008598,947.0,14.117647058823527,0.0090264544205223,I,2
0.0,1.5308849677602203,949.0,14.117647058823527,-0.00021601638038898363,I,2
0.0,1.1146370001063148,948.0,13.72549019607843,-0.0004606454608776511,C,2
13.0,0.9831191141922412,976.5,14.117647058823527,0.0007946651847735575,A,2
0.0,1.1648503583587775,949.0,13.72549019607843,0.0005879602571595699,B,2
40.0,4.879666831392855,954.0,12.15686274509804,-0.07182748994350785,E,2
25.0,3.32608012378695,1589.0,14.509803921568627,-0.4815071546075298,A,3
26.0,1.9317230943863422,1569.0,14.509803921568627,-0.2259608222244835,F,3
34.0,1.2406574618998185,3429.5,18.03921568627451,3.3919338125187184,I,3
0.0,1.6378891066404886,951.0,13.72549019607843,0.0031510416666665902,A,2
13.0,1.9486303437830548,1317.5,20.392156862745097,-0.2096269841269841,H,2
34.0,5.435082261865877,2142.0,28.235294117647054,0.6679394396819749,H,3
20.0,1.2520113034873463,1254.0,14.117647058823527,-1.045284424205002,H,2
0.0,0.8122409908007637,961.0,12.941176470588236,0.002815913550985094,J,2
0.0,0.461664813494066,945.0,13.72549019607843,-0.003813990242561696,G,2
0.0,0.5907795725738314,947.5,12.549019607843135,-0.004936735768567457,D,2
33.0,1.675866244704005,1416.0,14.117647058823527,0.0756731460721689,I,2
26.0,4.160889576582756,1537.0,14.901960784313726,-0.13840700224209712,D,3
0.0,2.0437286012699545,951.5,13.72549019607843,-0.0023350682554901248,C,2
0.0,0.6001626141970142,939.5,12.941176470588236,-0.0020640291883869955,G,2
0.0,9.47102529886518,0.0,14.117647058823527,-0.0038814743929323006,B,1
0.0,1.6649466521076584,950.5,14.117647058823527,-0.001256687574947013,E,2
24.0,1.4797902278310553,942.5,14.509803921568627,-0.3511786858974359,D,2
28.0,1.2673249204917634,1772.0,18.03921568627451,0.7496134660883281,J,3
21.0,1.0109187502667838,1123.5,12.941176470588236,-0.27683168820596316,C,2
0.0,1.6218264706871193,948.5,14.117647058823527,-1.0866841706245682,A,2
10.0,1.450233895172209,1777.0,14.509803921568627,-0.019444224422442202,A,3
0.0,2.8636326827468164,946.0,12.549019607843135,0.005139705547199558,D,2
44.0,2.2527148521679212,2753.5,28.62745098039216,0.004088053640170952,F,3
0.0,9.538091637679331,0.0,0.0,-0.0002755127254756573,J,1
0.0,1.1522490231406632,950.0,14.117647058823527,-0.005956336022781228,J,2
15.0,1.0372112263870743,934.0,13.333333333333334,-0.006917318513097959,J,2
0.0,8.301979796309586,0.0,0.0,-0.0018648192557066956,H,1
15.0,3.8874111740234336,1419.5,14.901960784313726,-0.015897833828863117,D,2
42.0,1.7396111870875919,2631.0,26.274509803921568,-0.029620745608288535,I,3
0.0,1.610686353909871,946.5,14.509803921568627,0.0012252964426876511,B,2
26.0,2.1836315242684945,2632.5,27.058823529411764,-1.186490813856593,E,3
0.0,9.066319925599531,0.0,0.0,-0.0014357550619927828,G,1
0.0,2.0110563662366983,949.5,13.72549019607843,0.00017039767039772613,A,2
0.0,1.3633436408484554,945.0,12.549019607843135,-0.0007988365800865038,B,2
47.0,1.728359845552611,2955.5,25.098039215686278,0.24813052514035794,A,3
0.0,9.440849194913394,0.0,0.0,-1.3578662992397215,B,1
0.0,3.9228103466296966,1679.0,21.176470588235293,-0.32093558282208595,F,3
31.0,4.567734264942505,3120.0,88.23529411764706,-0.09116105769230765,E,3
0.0,9.461807592855122,0.0,0.0,-0.6909471846355305,F,1
52.0,1.2278643938793643,3264.5,23.52941176470588,0.1425705775705775,A,3
1.0,1.6154602120039672,930.0,14.509803921568627,0.04163962767359239,B,2
14.0,2.1790199850121015,1510.0,17.647058823529413,-0.28087694238843475,E,3
35.0,2.028212946867958,2190.5,25.098039215686278,-0.01981370067632049,A,3
0.0,9.070161603572716,0.0,0.0,0.00913270637408603,H,1
40.0,4.699777212317189,4061.5,88.23529411764706,-1.3386952441800108,A,3
31.0,4.130474164753901,1961.5,36.47058823529412,0.5776050553549459,G,3
41.0,4.8626646674657685,2588.5,21.96078431372549,-0.06264831445385521,F,3
40.0,0.6464014017464494,1710.0,14.117647058823527,-0.17993071258168236,E,3
28.0,1.199398695202162,1730.0,19.215686274509803,0.09951475215066768,J,3
25.0,5.145969193191605,2609.0,26.666666666666668,-0.8128142380422689,C,3
49.0,0.8716569311170873,3049.5,17.254901960784313,-0.014903329530131793,J,3
44.0,0.5294993049447567,1885.0,14.901960784313726,0.06279436572199731,F,3
56.0,3.0844729275113147,2367.5,25.88235294117647,-0.5104326811087818,C,3
2.0,1.0751182016601635,1505.5,18.431372549019606,0.03512768268087088,A,3
25.0,1.3236597380942146,2533.0,87.84313725490196,0.11259028068705479,D,3
0.0,1.0518418897872013,950.0,13.333333333333334,-0.0045798216276476955,F,2
0.0,9.070071676471645,0.0,0.0,-0.0008657164291072661,A,1
14.0,1.0174294981699104,2234.0,15.294117647058822,0.05918221857635331,J,3
33.0,1.9756440992180684,2037.0,29.41176470588235,0.1337819945182374,A,3
12.0,3.351257666905624,2217.5,19.607843137254903,0.48379629953634806,C,3
28.0,0.48331840102664547,961.0,12.941176470588236,0.031183440415419872,E,2
0.0,9.07222739020826,0.0,0.0,-0.001902732793522155,E,1
25.0,4.785797889325244,2572.5,37.64705882352941,-0.3858749303399416,A,3
0.0,9.492636295693734,0.0,0.0,-0.005692051326379621,C,1
24.0,2.245169520605737,1515.5,25.49019607843137,-0.05831802488437243,A,3
0.0,0.5965555251260759,949.5,12.549019607843135,-0.0023125478993938353,C,2
0.0,9.493249162935966,0.0,0.0,0.004678351278708637,J,1
4.0,0.8557917077167698,961.0,13.333333333333334,0.00016753528773072457,G,2
15.0,5.816424499925786,1447.5,32.94117647058823,-0.3198845079774246,F,2
0.0,9.451222099934867,0.0,0.0,-1.387651148592621,G,1
35.0,0.3633072809593625,2197.5,18.431372549019606,0.4062913224175053,I,3
0.0,9.491299093625825,0.0,0.0,0.001809120117678975,H,1
27.0,0.9740493138460119,2717.0,33.333333333333336,-0.05609440249715281,C,3
0.0,0.887011572310699,941.0,14.901960784313726,-0.010350371726210617,I,2
45.0,4.234372360930912,2825.5,32.549019607843135,-0.8779375,F,3
2.0,1.8176109347054714,1491.5,20.392156862745097,0.045607154263813454,H,2
1.0,4.9502944011266585,1649.0,25.88235294117647,-0.4095326091354128,B,3
0.0,0.9149694358369983,921.0,9.803921568627452,-0.0014723842984712965,I,2
0.0,0.9918655028001973,1211.5,13.72549019607843,1.3797382442338637,F,2
0.0,9.48661088946211,0.0,14.117647058823527,0.0008665487055317944,I,1
5.0,0.8781223593889419,948.5,13.333333333333334,0.02227492393055308,C,2
15.0,1.5353679417118964,970.0,13.333333333333334,0.0018700356559356313,A,2
8.0,1.0503364645471451,951.0,14.117647058823527,0.04857369080430973,A,2
0.0,0.5492018209225012,949.0,12.549019607843135,0.005101198984801103,B,2
0.0,9.066386506521573,0.0,0.0,-0.0007277450718041756,H,1
0.0,9.48876436745777,0.0,14.117647058823527,-0.00023332069196890098,H,1
51.0,1.3621415642491939,2130.0,16.07843137254902,0.06840955213084449,D,3
2.0,0.6987202502629544,949.5,12.549019607843135,0.01084445165828063,H,2
13.0,1.6909099748980951,1405.5,18.03921568627451,0.35068013468013465,D,2
2.0,5.4408645858393445,1492.5,18.431372549019606,0.1045689889595911,H,2
0.0,1.7132185331104748,0.0,0.0,0.0070945945945945985,J,1
0.0,2.0249870153358334,0.0,0.0,0.0011073825503354964,G,1
37.0,0.3773066576329054,2301.5,16.07843137254902,0.0021351408154687,C,3
0.0,8.321748370769143,0.0,0.0,0.001436217948717733,A,1
35.0,4.300361286492087,3590.0,43.13725490196078,0.09011785246617199,C,3
0.0,1.9238600880138292,947.0,14.117647058823527,0.003881673881673986,J,2
1.0,1.6254086828396517,1138.5,14.901960784313726,-0.2942814921844213,B,2
0.0,9.493442143897878,0.0,0.0,-0.005837940185320578,F,1
38.0,0.8746672992034135,2419.0,23.52941176470588,-0.10802920003235461,D,3
16.0,1.764464379476865,1154.0,14.901960784313726,-0.3139893022982424,C,2
0.0,1.036888414749354,951.0,12.549019607843135,-0.0011123158676200617,B,2
0.0,9.545588351967876,0.0,0.0,0.7030462727613652,I,1
0.0,9.042565973963693,0.0,0.0,-0.008619528619528083,B,1
0.0,9.45358712301457,0.0,0.0,-1.4085701705598812,I,1
0.0,9.06702974566977,0.0,0.0,0.007338827681184323,A,1
24.0,4.399173357744896,2468.0,18.03921568627451,-0.019655877690851753,J,3
0.0,1.6309013837911173,0.0,0.0,-0.008170443170443076,C,1
0.0,0.6948031800430506,953.0,14.117647058823527,0.003339911771534698,E,2
0.0,2.3700320893272306,1645.0,18.823529411764707,0.1506005871523115,B,3
29.0,3.229459639819957,1867.5,15.294117647058822,-1.0285488958990538,A,3
0.0,9.06971475996505,0.0,0.0,-0.0006874836001049545,D,1
49.0,2.5159499976206523,2086.5,14.901960784313726,-0.2145964360586996,D,3
0.0,9.534256692399184,0.0,0.0,0.003996654749979234,A,1
0.0,9.472637350876067,0.0,0.0,-0.6939819666799176,H,1
0.0,1.1918913154217452,945.0,14.117647058823527,0.029224092409241065,C,2
22.0,1.7141661127327006,994.5,14.901960784313726,0.08361988040892432,G,2
0.0,1.603740600963622,952.0,13.72549019607843,-0.00023695139746320037,F,2
18.0,3.6295771319417556,2138.5,28.62745098039216,1.111240004018485,J,3
20.0,2.008994190846787,2026.5,24.31372549019608,-0.034719336219336094,G,3
68.0,1.152487449783272,2867.0,27.84313725490196,0.3749980995038167,E,3
0.0,9.497496955075045,0.0,14.117647058823527,0.0007236950630375993,G,1
0.0,9.471741916497518,0.0,0.0,0.0037310195227765464,D,1
9.0,4.113114621702368,1766.5,17.647058823529413,0.1546334799519573,D,3
25.0,0.9114849402708869,2514.5,21.56862745098039,0.13045473368697122,G,3
19.0,4.032087175794888,954.5,12.15686274509804,-0.20684386532416,F,2
24.0,1.7509942442931423,1527.5,18.823529411764707,0.063835493920209,D,3
0.0,1.0377291798809636,944.5,12.549019607843135,0.0004321436439744808,G,2
5.0,4.808928081188058,1690.5,23.52941176470588,-0.47117983490566034,E,3
0.0,0.5599640417180669,956.5,12.549019607843135,0.005991189427312804,I,2
0.0,1.0261921420962061,994.5,13.333333333333334,-0.006981707317073205,B,2
2.0,2.4209983518728535,1491.5,20.392156862745097,0.10732993058391183,E,2
49.0,3.9040033225391926,2066.0,22.352941176470587,-0.40482629657553293,F,3
0.0,9.470297122359103,0.0,0.0,0.7139103854186444,C,1
0.0,1.5656164056785205,952.0,13.333333333333334,0.0009725988964743998,J,2
0.0,0.985365344496058,1060.0,14.901960784313726,0.2695236940593536,D,2
48.0,5.8271495510950615,2064.5,20.0,0.11531332352760959,D,3
0.0,9.454284548049507,0.0,0.0,-0.7951366206495032,A,1
4.0,0.36246998819318627,949.5,12.549019607843135,-0.012717977215893295,H,2
43.0,0.9442257413511345,2659.0,23.137254901960784,-0.24363879095276386,J,3
0.0,9.06546643510297,0.0,0.0,0.000681726386244641,B,1
16.0,0.6288366185042141,989.5,14.509803921568627,0.20229286086503398,D,2
30.0,4.884189105104866,3012.5,23.52941176470588,-0.0053600797628279295,B,3
0.0,8.231932569927066,0.0,0.0,0.001430070416303053,E,1
44.0,2.202682445184362,2717.5,16.07843137254902,-0.523705047318612,E,3
23.0,2.427464707728305,1469.0,14.117647058823527,-0.23662856012658223,F,2
24.0,2.060988456324132,2368.0,21.96078431372549,0.1971247001682044,G,3
2.0,1.9627603189933174,1643.0,21.56862745098039,-0.023718421052631555,I,3
28.0,3.631361333262077,1786.0,87.84313725490196,1.7208430849510312,H,3
46.0,1.4456419476475253,2845.0,16.862745098039216,-0.1211198876969494,G,3
0.0,9.471975516729037,0.0,0.0,0.002964997478969278,D,1
0.0,9.196775189032254,0.0,0.0,-0.0188465085638998,A,1
54.0,1.6082180895471216,2273.0,16.07843137254902,0.3305083979735552,H,3
0.0,9.468310126478409,0.0,0.0,-0.7055325410299945,E,1
37.0,4.497015791877528,3732.0,42.35294117647059,0.40722329046989547,E,3
0.0,9.495141835555469,0.0,0.0,7.284154131459442e-05,D,1
27.0,4.610165331227453,2750.5,21.176470588235293,-1.9102596286799751,F,3
0.0,9.596847785619332,0.0,0.0,-1.951829713193117,H,1
49.0,0.8914570831061642,3068.5,17.254901960784313,-0.00153234890531867,D,3
0.0,9.451659042862316,0.0,0.0,-0.690242288309243,F,1
0.0,4.748537601166606,953.5,12.549019607843135,-0.009903908013709106,J,2
34.0,1.8622753811587824,2099.5,87.84313725490196,0.05733749674733285,I,3
10.0,1.6796913583728783,1830.0,20.0,0.1604970898222431,D,3
0.0,2.0214651194327513,1504.5,17.254901960784313,1.4262608859388974,J,3
36.0,0.6502205253077263,943.5,13.72549019607843,-0.10648031001256802,F,2
0.0,1.5803281320936633,952.0,13.333333333333334,-2.2149865993026374e-06,A,2
13.0,1.2654210556992773,1136.0,15.68627450980392,0.1191124913329232,F,2
0.0,9.509556094512586,0.0,0.0,2.115604753820034,I,1
0.0,1.0684183809139458,1341.5,18.823529411764707,0.11006074281416317,C,2
0.0,0.6434169812923161,1318.5,15.68627450980392,0.018012232415902107,J,2
0.0,9.533465878015388,0.0,0.0,2.180694363402964,G,1
0.0,9.46241031383766,0.0,0.0,0.7276015190534842,J,1
0.0,9.11518883652704,0.0,0.0,0.0018407735803398495,G,1
0.0,9.545440302614308,0.0,0.0,1.3978196558442813,A,1
18.0,1.8997391581847825,1811.0,20.392156862745097,-1.4476344431464179,E,3
17.0,1.6541241518227052,982.5,13.72549019607843,-0.35109717868338564,F,2
21.0,3.6091565477466623,2181.5,22.352941176470587,-0.13851669403393552,D,3
0.0,9.069307737029071,0.0,0.0,-0.00024126399126389586,E,1
4.0,3.5645105086568782,1074.0,13.72549019607843,0.03791592078764816,A,2
0.0,9.498592388078528,0.0,0.0,0.0005407486839539288,G,1
38.0,2.0894581256959612,2405.0,34.509803921568626,0.6025845939490446,G,3
0.0,2.0108537799135484,948.5,13.72549019607843,0.0036577181208052867,H,2
0.0,9.070209592681138,0.0,0.0,-0.0003277787950923816,E,1
0.0,2.0107130812353944,954.0,13.72549019607843,-0.0001229638729637883,I,2
0.0,2.0095185589125446,946.5,13.72549019607843,0.0029059741559742114,A,2
0.0,1.0336674405903425,952.5,12.549019607843135,-0.0017705124580227327,E,2
19.0,4.285689455159803,2011.5,14.901960784313726,0.13093016183625927,G,3
0.0,9.115861677770983,0.0,0.0,0.010662340692674466,E,1
35.0,2.015259798563605,2180.0,20.7843137254902,0.05051863182759453,F,3
0.0,2.2332311578610136,947.0,14.117647058823527,0.002664610919644206,F,2
10.0,0.562604106668214,953.0,13.72549019607843,-0.16793657412923468,E,2
43.0,4.760108776665533,2708.5,88.23529411764706,-2.3273089671145897,F,3
106.0,3.7117820056177164,3564.0,88.23529411764706,0.3078724708151661,I,3
25.0,4.475358219020687,2478.5,87.84313725490196,0.10887879672897216,E,3
35.0,0.5547094933156862,2180.0,14.901960784313726,-0.06833922298982309,F,3
24.0,4.690357154706624,957.0,12.549019607843135,-2.270938711813109,E,2
0.0,1.2174252451468335,950.5,14.117647058823527,-0.008696174988547911,F,2
0.0,9.063701381719644,0.0,0.0,-2.1763786285156073e-05,B,1
15.0,1.8593952801957307,2161.0,23.137254901960784,-0.05523718276273204,G,3
21.0,1.5276188935757748,2089.0,18.431372549019606,-0.043216146418144974,F,3
0.0,9.491513085035868,0.0,0.0,0.007228056067250743,I,1
0.0,9.067587169100223,0.0,0.0,0.007281424975599915,H,1
44.0,2.1930753323645735,1888.0,14.901960784313726,1.5507761064852117,H,3
0.0,9.470499502454821,0.0,0.0,0.7424219052893937,J,1
44.0,2.028815934199205,1856.0,14.509803921568627,0.31823273578240885,D,3
38.0,1.6044927811592447,2367.0,15.68627450980392,0.3284458414923218,D,3
47.0,3.8974744282629117,2938.0,84.31372549019608,0.07192448987741096,I,3
0.0,1.7292113633394788,950.0,13.72549019607843,-0.00023005941094678128,H,2
0.0,3.3524293952414452,955.0,13.72549019607843,0.004518272425249492,F,2
5.0,5.523545614225832,950.5,12.549019607843135,-0.2168678272082527,B,2
0.0,9.069688874242331,0.0,0.0,-5.8639880548216894e-05,B,1
13.0,1.8747525844200628,2283.0,25.88235294117647,0.16803986710963453,G,3
10.0,4.948401716704124,2009.0,32.549019607843135,-0.2660113754298854,G,3
0.0,1.942816252451548,953.5,13.72549019607843,-0.00010042697804113487,E,2
27.0,0.5402445958572312,2675.0,21.96078431372549,1.0187590000544633,G,3
25.0,0.9026887335108569,1564.5,13.72549019607843,-0.05420397655582243,J,3
0.0,9.487424999709646,0.0,14.117647058823527,0.0023615616311399024,E,1
18.0,3.295472875128363,1852.5,16.470588235294116,0.741387030221925,A,3
24.0,1.4733535321255151,2421.5,19.607843137254903,-0.10815670836928382,A,3
19.0,1.8453604483816033,1956.5,20.392156862745097,-0.10948514499571399,B,3
0.0,0.5631219692395902,948.0,13.333333333333334,2.3941815888771454,F,2
0.0,9.503231715155513,0.0,0.0,0.7397765438713273,C,1
0.0,9.115432727544105,0.0,0.0,0.0002462818025730229,C,1
33.0,1.6685204756843046,2075.5,87.84313725490196,0.0377137254901959,J,3
29.0,0.9765791623411167,2121.5,14.901960784313726,0.046578392171833904,A,3
0.0,9.06360865479713,0.0,0.0,1.9998688610467497e-05,G,1
0.0,0.5998219933157275,949.5,12.549019607843135,0.003207232928860382,H,2
0.0,1.1307262442259491,1198.0,13.72549019607843,-1.4511441241685143,I,2
21.0,2.0536827943352005,1354.5,21.56862745098039,-0.7580431309904152,B,2
26.0,2.548285507651757,1689.0,14.901960784313726,1.738025078369906,H,3
0.0,1.6133258193619513,947.5,14.509803921568627,0.00010723180518401598,I,2
37.0,0.9576377090006121,2289.5,15.68627450980392,0.050982243430888585,B,3
3.0,5.250200667373784,1646.0,22.352941176470587,-0.052141645119585966,I,3
0.0,9.5149991992673,0.0,0.0,1.3930076814886942,E,1
1.0,1.1466115906590968,956.5,13.333333333333334,0.07974515332327936,I,2
0.0,2.0624242954682592,950.5,13.72549019607843,0.0014804507661650979,D,2
21.0,1.181466273110321,2129.5,16.862745098039216,-0.047875322601343195,I,3
0.0,8.039180653590776,0.0,0.0,0.0014674102474727668,A,1
67.0,1.26847333187759,2836.5,25.098039215686278,-0.002923538230884648,I,3
0.0,9.476773238517378,0.0,0.0,-0.0037180612647761957,G,1
0.0,9.440458346289713,0.0,0.0,-0.7297781927930049,J,1
0.0,3.7870460759828664,1838.0,23.52941176470588,0.39677478857764914,I,3
0.0,1.152121357198507,944.0,14.117647058823527,-0.0030067567567567677,A,2
0.0,1.6848575042081628,950.5,14.117647058823527,0.01828327871806129,F,2
0.0,1.3086075872742948,955.0,13.72549019607843,0.09637705656975432,C,2
31.0,3.3602101306927814,3120.0,88.23529411764706,0.2621905152545023,G,3
0.0,1.9766310696088438,948.0,12.941176470588236,-0.0017069351230425134,E,2
0.0,9.525780370219474,0.0,0.0,1.5772952983766833,D,1
0.0,1.189247605113156,949.5,13.72549019607843,0.012938781834572866,J,2
0.0,4.319240490446417,953.5,12.549019607843135,0.027298808012413467,F,2
51.0,1.9158377699111209,2180.5,23.52941176470588,0.05457936507936506,B,3
0.0,0.7126107168120477,948.5,12.549019607843135,0.0005720572057205664,E,2
2.0,1.814485681689764,949.5,12.549019607843135,-0.1884193245778611,D,2
52.0,1.6668628026487253,2201.0,20.392156862745097,0.3315679607162305,B,3
0.0,1.8080527237942023,0.0,0.0,0.0079020128290202,I,1
0.0,0.9581389662546653,951.5,13.72549019607843,0.0020630029104606873,A,2
9.0,1.823843290295148,1179.0,16.862745098039216,-0.07195885028949545,D,2
0.0,8.253631211629589,0.0,0.0,-0.005624427480916072,I,1
9.0,1.0896029720424203,1059.5,27.45098039215686,1.0009448656909423,B,2
0.0,1.0385907517178443,946.0,12.941176470588236,-0.0001470518588680969,C,2
0.0,1.3804031905465692,0.0,0.0,-0.006850738577808296,F,1
51.0,1.886947701906605,1718.0,14.901960784313726,0.2143072535048024,G,3
60.0,1.1420177066147088,2035.0,14.901960784313726,0.6542539728641964,D,3
22.0,1.7921748026322093,2275.0,15.294117647058822,0.7856083583142301,A,3
0.0,1.2920227337283852,941.0,12.941176470588236,0.002968525804211919,A,2
65.0,0.29419485048358934,2184.0,14.901960784313726,-0.10985527083664923,G,3
49.0,0.656266981872261,2090.0,15.294117647058822,-0.15232642357642368,I,3
5.0,1.8570210711827146,951.0,14.117647058823527,-0.04405223843680439,H,2
0.0,4.327705236618944,954.0,12.15686274509804,-0.6887902324510411,F,2
9.0,2.3631673964420705,1059.5,27.45098039215686,-1.2184853912905025,F,2
0.0,4.033105938358465,947.5,12.549019607843135,-0.6290604204476713,G,2
0.0,1.2476550759637968,994.5,13.333333333333334,0.0007695861049519803,J,2
17.0,1.9957446295818582,947.0,12.941176470588236,2.518084632516704,F,2
0.0,9.52114445061066,0.0,0.0,-0.006967022802778278,C,1
0.0,9.063784111147445,0.0,0.0,-0.0005943883424883722,F,1
0.0,1.5934897171380273,0.0,0.0,0.0018421674943414068,J,1
0.0,1.7333102277299708,948.0,14.117647058823527,-3.975914690212967e-05,I,2
1.0,0.5539253022782201,954.0,12.941176470588236,0.00908609640568403,E,2
0.0,9.494092595291777,0.0,0.0,-0.002956471067041666,E,1
62.0,1.9048082520315353,2631.0,47.84313725490196,-0.0442189726505301,F,3
0.0,8.769383745522566,1347.5,18.431372549019606,0.0004508596156095959,D,2
14.0,2.231395918279312,1431.0,20.392156862745097,-0.08899892148403787,J,2
14.0,2.027992994883944,1491.5,20.7843137254902,-0.07940095855405299,E,2
0.0,9.499460808958275,0.0,0.0,0.004114819502972211,G,1
0.0,1.4501602124943545,1203.5,15.68627450980392,1.0968698608827059,H,2
0.0,9.578114394452466,0.0,0.0,-1.3770236352794494,J,1
2.0,1.258349816060292,1347.5,13.72549019607843,0.14628930091809003,C,2
4.0,0.2233876469644785,971.0,13.72549019607843,-0.0004464285714284866,H,2
0.0,0.5332841350374785,945.0,12.941176470588236,0.0026773966165413166,G,2
0.0,9.471382883344257,0.0,0.0,0.03373858089998588,E,1
0.0,1.607944611662382,1207.5,16.07843137254902,0.005827017287009406,I,2
0.0,0.5168976607981007,1042.0,16.862745098039216,0.132585286146979,D,2
41.0,0.5508481926250396,1745.5,14.117647058823527,-0.08304207119741103,G,3
0.0,2.018968756901839,952.0,13.72549019607843,-1.105721417293582,C,2
0.0,9.53306415468213,0.0,0.0,0.7093966124815279,D,1
52.0,1.8695983740039261,3234.5,17.254901960784313,0.09594890873015882,D,3
48.0,5.252914832690849,2034.0,17.254901960784313,-0.6052276223974333,J,3
0.0,1.1666591439546252,956.0,13.72549019607843,0.004442265177711069,I,2
0.0,9.493924667389075,0.0,0.0,-0.008324396985304072,H,1
36.0,0.9195339318544571,2254.5,19.215686274509803,-0.0582779946579,C,3
0.0,9.526029040505476,0.0,0.0,1.4459917259211374,F,1
3.0,2.6407683790038656,951.0,12.15686274509804,0.6060062528713202,D,2
33.0,3.7974744008114323,2055.0,18.823529411764707,0.6921510100947232,C,3
0.0,1.1451506493109058,947.0,13.333333333333334,-0.005590782447179032,H,2
35.0,1.762059743306635,1481.5,21.176470588235293,-0.31884958892766313,C,2
40.0,2.957505241198831,2501.5,21.56862745098039,1.1469109801772173,I,3
17.0,2.189282409811475,2637.0,16.07843137254902,-0.10746177370030585,C,3
35.0,1.9026102480678753,2228.0,30.980392156862745,0.7473887584281553,D,3
0.0,1.5499079788458328,947.0,13.72549019607843,-0.0022711864406780025,D,2
34.0,1.183796742360725,1071.0,12.941176470588236,0.07834300963999796,H,2
15.0,4.320423154211323,943.0,83.92156862745098,-0.7773035291798107,F,2
17.0,1.6925298382882799,1731.5,23.137254901960784,0.1347271486364851,J,3
19.0,1.7529961955256974,950.0,12.15686274509804,-0.07419650973329905,E,2
28.0,1.3028817196471156,1772.0,18.03921568627451,-0.1108114919354839,G,3
48.0,1.2910656154611897,3028.0,17.254901960784313,-0.0600250089317613,E,3
0.0,0.5848630709748708,952.0,12.549019607843135,0.0015454042081950448,J,2
32.0,0.38265542888511006,2079.5,14.901960784313726,-0.21603682209730252,B,3
10.0,0.8521625264756438,1961.0,17.647058823529413,0.066385759351059,B,3
26.0,1.607338635736475,1623.5,15.68627450980392,0.3025437149773831,J,3
47.0,2.0732034357027533,2002.0,14.509803921568627,-0.09935316015296158,B,3
47.0,3.312247794754619,2016.5,21.56862745098039,0.1609700943235275,G,3
22.0,1.613599444530966,2263.5,22.352941176470587,-0.39982587933845803,J,3
6.0,1.5502383778691011,953.0,13.333333333333334,0.008978269157453256,A,2
0.0,0.9065183405833975,946.5,14.117647058823527,0.002808192966206491,I,2
0.0,9.453240282372002,0.0,14.117647058823527,-0.0008693906059019027,F,1
0.0,0.7804711492892503,948.5,12.549019607843135,0.001754703403971325,G,2
25.0,0.663482306452144,1051.5,14.117647058823527,0.2160511182108626,D,2
9.0,1.0398923723792415,969.0,12.941176470588236,0.1797251434775865,J,2
16.0,0.9846887920614656,1123.5,13.333333333333334,0.0361390281009486,F,2
0.0,2.003219448616938,951.0,14.117647058823527,0.004364349903310194,J,2
0.0,0.9054203390151364,1171.5,25.49019607843137,-0.42778146468182693,F,2
0.0,8.385563307013143,0.0,0.0,-0.001539264132624396,E,1
0.0,1.618647924488653,951.0,14.117647058823527,-0.0012987860742098012,C,2
0.0,2.262818875109186,944.5,14.117647058823527,-0.007302794319743344,A,2
17.0,0.6467702659055256,1378.5,13.333333333333334,-0.05010931399888463,I,2
54.0,0.9149373260228484,1813.5,14.509803921568627,-0.0730710527414708,H,3
7.0,4.379218126314765,1032.0,12.941176470588236,0.02403093556443725,J,2
2.0,4.00598665824054,1264.0,23.92156862745098,-0.9315181852376955,I,2
57.0,2.086012990497354,3563.0,88.23529411764706,-2.8932147210773786,A,3
0.0,0.5303057150367052,961.0,12.941176470588236,0.003247485153314744,J,2
38.0,1.7629682953289432,2396.0,27.058823529411764,-0.042497233531683776,D,3
17.0,3.233296310373313,2637.0,16.07843137254902,-0.7151062035120006,B,3
0.0,3.865341263578334,949.5,12.549019607843135,0.794901549612328,B,2
61.0,1.9034755318952525,2605.0,24.31372549019608,0.2649064182734062,G,3
36.0,1.3217303159148601,1558.5,13.72549019607843,0.10572286598313413,J,3
0.0,9.498034863893267,0.0,0.0,0.0016761191772535211,H,1
20.0,1.7282483595207883,1918.5,25.88235294117647,0.3499989953585566,H,3
23.0,1.371614571664768,939.5,13.72549019607843,-1.3180043808411215,A,2
0.0,9.469585149670332,0.0,0.0,0.7307954969729333,B,1
29.0,2.1207022325596947,2924.5,32.15686274509804,0.029214285714285776,B,3
7.0,0.8452638326806576,1526.5,23.137254901960784,-1.0817624167946749,B,3
61.0,0.9470633951870165,2058.5,19.607843137254903,0.03029323782584814,I,3
0.0,1.980765162534125,950.0,13.333333333333334,0.0034121621621621967,C,2
2.0,4.71722518875719,1149.0,12.15686274509804,-0.12480562106918236,A,2
0.0,9.479669348467965,0.0,0.0,-0.7436329793466334,G,1
0.0,1.4724511869094155,0.0,0.0,-0.023187216562921886,G,1
27.0,0.9260885022510604,2715.0,25.098039215686278,-0.08344983818770235,J,3
0.0,1.642182458735258,948.5,14.509803921568627,-0.03485901639344269,E,2
0.0,9.069616529511173,0.0,0.0,0.0007542238969246995,J,1
24.0,1.744187250278285,2471.0,22.745098039215687,-0.10445123645457072,J,3
53.0,1.6299183884385062,2431.0,15.294117647058822,0.634555528593383,C,3
7.0,1.6251478591247166,1156.0,17.254901960784313,0.3066129506269593,B,2
55.0,0.9513300823688036,3459.5,43.13725490196078,0.11022298456260726,E,3
0.0,1.2744571458888148,948.5,12.549019607843135,0.002033071352878779,H,2
60.0,2.6067229247361787,2502.0,16.07843137254902,-0.29757594936708887,H,3
50.0,4.648529689712661,5020.5,87.84313725490196,-0.12224348607367486,I,3
0.0,3.008232462390129,949.5,14.117647058823527,-0.0006333333333332636,C,2
0.0,1.1723144951065811,1713.0,23.52941176470588,-0.021788483849300766,B,3
0.0,9.47382044361463,0.0,0.0,0.08253510303877032,H,1
0.0,9.534067577308996,0.0,0.0,-0.8795807337028239,B,1
17.0,2.3923215457517966,2728.0,16.07843137254902,0.17541396185969382,F,3
30.0,0.8795569629955904,950.0,12.15686274509804,0.6083425799476497,C,2
32.0,1.102907014694155,2008.0,14.901960784313726,0.04651510782146173,H,3
0.0,0.538056145119505,955.0,12.941176470588236,0.0010459803354539998,I,2
23.0,1.8963046418189657,2347.0,21.96078431372549,-1.1728351648351647,G,3
0.0,9.494672481233351,0.0,0.0,-0.009203485838779946,I,1
0.0,1.6387190016039168,951.5,14.117647058823527,-0.004932885906040241,E,2
0.0,0.782722004427915,953.0,12.549019607843135,0.0004833702882482971,B,2
33.0,4.350676736245002,1415.0,14.117647058823527,-0.09520798042537226,D,2
35.0,2.617997399392525,2225.5,15.294117647058822,-0.935362776025237,C,3
31.0,2.4623431443051813,3139.5,26.666666666666668,-0.05775223950966568,A,3
0.0,0.988681121035602,949.0,13.72549019607843,0.00260098633864303,E,2
53.0,2.676526382031945,2251.5,15.294117647058822,0.0520372148859547,E,3
10.0,1.0670108736052748,956.0,12.15686274509804,-0.08354441736818789,A,2
0.0,0.8569699173535062,955.5,12.15686274509804,0.001131446477981135,D,2
0.0,0.600367909181585,952.0,12.549019607843135,-0.0020194301822209493,G,2
26.0,4.754462756471443,2596.0,25.88235294117647,-0.10190133037693982,G,3
27.0,0.6754282648282718,1188.5,13.333333333333334,0.022566428617384005,A,2
0.0,9.07123899090141,0.0,0.0,0.00932088667307207,B,1
8.0,1.4671174410121406,1287.0,12.941176470588236,-1.051984496124031,F,2
38.0,0.944698533000234,2419.0,23.52941176470588,0.015848310567936785,A,3
50.0,5.315344794421412,2091.5,15.294117647058822,-0.7905128205128209,H,3
0.0,8.121923704125393,0.0,0.0,-0.0022119748053279764,D,1
0.0,3.0068958236418544,942.5,12.941176470588236,1.5675517767604097,J,2
38.0,1.063365226719097,2371.0,15.294117647058822,-0.1709119496855345,J,3
52.0,1.6165418461075427,2201.0,20.392156862745097,0.20560882080400633,G,3
0.0,9.071172821717951,0.0,0.0,0.009781994908586,C,1
25.0,1.1206999127080608,1576.0,18.03921568627451,-0.2654921040695996,E,3
0.0,4.741569687599182,942.0,12.549019607843135,0.0003807641633724046,B,2
0.0,1.9780838796974374,952.5,13.72549019607843,-0.0007196969696969258,B,2
0.0,9.476793810173271,0.0,0.0,0.7109854848216917,I,1
0.0,9.49733567167015,0.0,0.0,0.006935372756386449,E,1
21.0,2.0280671963766475,2081.0,19.215686274509803,0.1842879746835443,D,3
25.0,1.2195030694263669,1552.0,13.72549019607843,0.340540654764359,A,3
36.0,4.880658635109875,2281.0,15.294117647058822,-0.7053024169543995,I,3
0.0,1.970983147946317,0.0,0.0,0.0015433037172168027,G,1
0.0,9.504734589920545,0.0,0.0,-0.5862455223398597,G,1
33.0,4.369871187203914,2090.0,23.92156862745098,-1.416967871485944,B,3
31.0,1.9079370024783853,1946.0,25.88235294117647,-0.3869755388282772,G,3
17.0,2.5373256039782395,1267.5,9.803921568627452,0.09030875576036879,A,2
0.0,1.6333924985882737,952.0,14.117647058823527,0.0007355932203389481,A,2
0.0,1.3665693426419259,949.0,12.549019607843135,0.004062072417820861,J,2
65.0,0.32581897265692383,2184.0,14.901960784313726,0.039148619499568604,B,3
48.0,1.1309039954984417,1611.5,14.117647058823527,-0.018042660502259195,D,3
28.0,1.6595909580455108,1771.0,88.23529411764706,0.296634518726424,G,3
17.0,2.4612309740852547,2728.0,16.07843137254902,-0.09604691371040014,F,3
1.0,1.1112060933535055,1235.5,13.333333333333334,0.20227324034507788,C,2
15.0,1.636729934419433,1489.0,9.803921568627452,0.8188820537087422,G,2
37.0,0.7484922090681081,1360.0,13.72549019607843,0.06385184546023259,B,2
42.0,0.8805685090119197,2663.0,18.823529411764707,-0.04172405999589068,G,3
62.0,0.5708786823153243,2094.5,16.470588235294116,0.4003939549556158,A,3
0.0,1.6410053859940261,951.0,14.117647058823527,-0.002852348993288678,A,2
0.0,9.448035823127606,0.0,0.0,-0.6313690276889985,I,1
12.0,4.67808116149562,1265.0,16.862745098039216,-0.2858802232203619,C,2
0.0,1.731152958036003,957.0,14.117647058823527,-0.0015364925631269344,J,2
1.0,3.209955537234594,946.5,12.549019607843135,1.552434140084174,C,2
0.0,1.9794458790112197,946.0,13.72549019607843,-0.004763348180713778,E,2
45.0,0.8861910588492485,1545.5,17.254901960784313,0.1468749497628808,B,3
28.0,1.4560448725657498,2856.5,88.23529411764706,-0.32875302502731457,J,3
3.0,0.7317974118267782,930.5,14.901960784313726,0.023147077004592065,D,2
0.0,1.8063543858709932,1583.0,18.431372549019606,-0.05515778807180083,E,3
23.0,2.3944966673685437,2356.5,19.607843137254903,-0.28347174922600604,D,3
45.0,2.360673887980572,1750.5,17.647058823529413,0.9343031592669273,C,3
0.0,9.46266318696187,0.0,0.0,-5.3740707904204044e-05,J,1
25.0,2.955191630318335,2522.5,88.23529411764706,0.0625419253406434,B,3
0.0,1.6691091837857233,950.0,13.72549019607843,-0.001030979959551398,B,2
32.0,1.4137644263882678,1976.0,29.01960784313725,0.1556066165103576,D,3
0.0,1.6032585281863725,957.5,13.72549019607843,-0.0007007166420202049,J,2
0.0,2.0131109634660476,939.5,14.117647058823527,0.0004377104377104035,A,2
0.0,0.8630922469548754,1086.5,26.666666666666668,0.03580048998180363,I,2
36.0,1.5017085189696915,2224.0,15.294117647058822,-2.267152058891189,H,3
27.0,3.7105505312077356,2684.5,23.92156862745098,0.0627145360773121,G,3
15.0,2.111076351964439,1476.0,19.215686274509803,0.7625062656641601,C,2
17.0,1.0212905138769892,1098.0,20.0,-0.2788075078858192,A,2
0.0,9.460824039219474,0.0,0.0,0.05149857858399892,H,1
0.0,0.5806511334330025,948.0,12.549019607843135,-0.007545669769971397,G,2
50.0,1.6857123635013649,1705.5,14.117647058823527,0.03652516950893779,H,3
8.0,4.181656204051914,964.5,23.137254901960784,-0.170476125211092,C,2
0.0,0.9944430906868255,950.0,14.117647058823527,-0.0037883085437563357,F,2
0.0,9.068792679779795,0.0,0.0,-0.0011213970768353398,B,1
36.0,0.6390117222883198,2274.0,20.392156862745097,1.409821153543926,I,3
2.0,1.3907443372059745,953.5,14.117647058823527,-0.0083141014666438,H,2
0.0,9.071793974682372,0.0,0.0,0.00011667803140946731,C,1
0.0,1.499820460767239,0.0,0.0,0.010745422595091009,G,1
31.0,1.9150583242632675,1330.0,13.72549019607843,-0.06398569883427474,H,2
0.0,2.0373446250278002,945.0,14.117647058823527,-0.0026525423728813724,J,2
0.0,8.1708442302001,0.0,0.0,-0.0013136801541424603,E,1
0.0,2.0121666994441108,0.0,0.0,-0.015453894533139806,B,1
23.0,2.954014053843601,2269.0,31.37254901960784,0.18436893399582743,F,3
0.0,9.510988947246426,0.0,0.0,-0.6366077821343334,J,1
0.0,9.453345259280376,0.0,0.0,-1.5738954958482196,C,1
25.0,1.9956499885631231,2563.5,20.7843137254902,-0.22706229261981625,I,3
0.0,9.497983989645391,1325.75,17.647058823529413,-0.00923316695832,A,2
12.0,3.9238747874869584,904.0,21.96078431372549,0.10045055212167586,F,2
35.0,0.8176919652387585,2216.5,13.333333333333334,1.1521745880105088,G,3
33.0,0.6614824837864568,1411.5,13.333333333333334,-0.08920146504546328,B,2
6.0,0.8709559489259326,974.5,13.72549019607843,0.11757820511568406,F,2
26.0,1.8936796859615361,1657.0,17.647058823529413,1.0661545203700697,G,3
0.0,0.5748697397270556,948.0,12.549019607843135,0.003773398211957546,H,2
0.0,1.5892464988546056,952.0,13.72549019607843,0.0013027027027027044,J,2
33.0,0.6842295336912136,2046.0,20.7843137254902,0.06807062630877592,J,3
0.0,9.49603319390101,0.0,0.0,0.005607644388132216,F,1
0.0,9.492151895184866,0.0,0.0,-0.008377359396762762,F,1
35.0,1.7280680412141887,2180.0,20.7843137254902,0.05708759085362625,F,3
0.0,1.6066295592051516,1196.5,16.07843137254902,0.001105871072758502,G,2
0.0,1.6202451597641714,950.5,13.72549019607843,-0.0015783829904990054,B,2
0.0,1.685886873148451,0.0,0.0,-0.000876186842046156,A,1
2.0,1.8587974163117937,1505.5,18.431372549019606,0.12742407072779802,A,3
0.0,9.111191240084999,0.0,0.0,-0.0034619643921973697,I,1
3.0,0.22337315055527932,950.5,12.941176470588236,0.004446979865771805,G,2
0.0,9.45017786153498,0.0,0.0,0.09826579170994248,H,1
17.0,5.816539074110052,1774.5,19.607843137254903,-1.382876685467779,I,3
120.0,3.379864612797171,5052.5,88.23529411764706,-0.8029195993769831,C,3
31.0,3.864649228481996,1944.5,14.509803921568627,-0.3546959506378591,B,3
0.0,1.5716964547292664,0.0,17.647058823529413,0.008999437359339835,D,1
20.0,0.8242306753173672,2035.5,18.03921568627451,0.22870240735841763,E,3
0.0,9.499384752316029,0.0,0.0,-1.3510815652417072,E,1
27.0,1.6567850745448065,1056.0,13.333333333333334,2.742064918851436,C,2
0.0,2.2254029114669476,945.0,13.72549019607843,0.00276247401247387,B,2
84.0,2.4192007319791524,2810.0,36.07843137254902,0.2893967120960894,F,3
0.0,4.307393839926254,949.5,12.549019607843135,-0.0013010241674029643,B,2
0.0,9.48385736202451,0.0,14.117647058823527,0.0077879410757108955,E,1
27.0,0.8603280416934639,949.5,12.15686274509804,0.1988484157831546,G,2
0.0,9.449150471920687,0.0,0.0,-1.4112338709677419,J,1
7.0,1.3904499997745507,1526.5,23.137254901960784,0.05031080389144915,A,3
31.0,0.7784138727635515,1967.5,18.03921568627451,-0.049537603140188485,G,3
58.0,1.7142956057308567,2453.5,24.705882352941178,-0.1458331367924528,A,3
0.0,9.468576773025445,0.0,0.0,-0.005612690449646962,F,1
58.0,0.8941357729157394,2444.0,15.68627450980392,0.09085497567812684,G,3
0.0,4.57707804490875,948.0,14.117647058823527,0.22410042272399222,A,2
16.0,0.6914776796523513,954.5,14.509803921568627,0.032396166134185306,A,2
37.0,3.808849227820156,1552.5,13.72549019607843,-0.9528280261027424,I,3
49.0,0.8102067188471224,2102.5,19.215686274509803,-0.14793944265809228,H,3
0.0,9.494557674524673,0.0,0.0,-0.007355811889973363,J,1
0.0,3.970582540611082,0.0,0.0,0.14998524643320366,A,1
36.0,1.8361886414653343,2268.5,22.352941176470587,-0.05416596875420043,C,3
0.0,9.114381241219233,0.0,0.0,0.008615788920424805,I,1
0.0,9.531094287038007,0.0,0.0,1.389331075814991,A,1
34.0,0.6293098529154206,1102.5,14.509803921568627,0.46319875776397523,I,2
0.0,9.457554437846019,0.0,0.0,-0.03279133670451284,D,1
0.0,0.9552465905026356,958.0,13.72549019607843,0.0035810810810810723,J,2
43.0,0.4573917007535495,1826.0,16.470588235294116,-0.11030143319463712,A,3
31.0,4.323664604285532,3120.0,88.23529411764706,-0.865665262539185,A,3
27.0,2.208001258041498,2670.0,25.49019607843137,0.030385176724411378,I,3
38.0,3.777327467204588,2395.0,15.68627450980392,-1.177032633576904,D,3
0.0,1.6849511752823345,0.0,0.0,-0.001718048557031615,F,1
0.0,2.08529697990434,951.0,12.941176470588236,0.001383190634282716,E,2
0.0,0.5501818078302183,952.5,12.549019607843135,-0.0035129842486164575,E,2
15.0,5.6208565192082665,1508.0,18.823529411764707,-0.9624842144606673,D,3
24.0,4.033330396957959,953.0,12.549019607843135,-1.2351859172924176,D,2
0.0,1.7022273774952525,0.0,0.0,0.0027247434499343033,I,1
48.0,2.555338825249351,2988.0,16.862745098039216,-0.0957956620670124,C,3
0.0,0.6445226225025191,1171.5,25.49019607843137,-0.07271095254275678,F,2
0.0,0.5194499785569255,942.0,12.549019607843135,0.00040802165802167334,D,2
0.0,0.5152701275725408,961.0,12.549019607843135,0.0065491181116180686,J,2
17.0,1.9057297010408132,944.5,13.72549019607843,-0.003174824275673005,H,2
0.0,1.056220121782555,949.5,12.549019607843135,0.00013560379373422915,J,2
14.0,2.6803841566106383,1576.5,29.80392156862745,-0.031911650194669086,D,3
42.0,1.870789027422445,1793.0,16.862745098039216,-0.0581843337590465,D,3
44.0,1.758407447372924,2717.5,16.07843137254902,0.60825,A,3
1.0,1.6029105348486326,1315.0,15.294117647058822,-1.1492429442756267,J,2
0.0,9.477806202025072,0.0,0.0,0.0023870222393376217,A,1
0.0,0.6951523945988977,943.5,13.72549019607843,0.00029711529711518025,F,2
31.0,0.1668654953045908,1293.0,13.72549019607843,0.07795081967213119,B,2
21.0,1.247730843765345,1854.5,14.117647058823527,0.03953704453441298,D,3
0.0,0.5176593629879219,968.5,12.549019607843135,0.005993613107015294,E,2
0.0,2.2088822140391375,945.0,13.72549019607843,0.048830093747312286,E,2
0.0,9.47354308550228,0.0,0.0,0.6802749319800263,C,1
0.0,2.0475212105234104,951.5,12.15686274509804,0.10029581370305563,G,2
0.0,9.497257591381851,0.0,0.0,-0.0022776544704511403,J,1
21.0,2.963739564797283,2079.0,17.254901960784313,0.47393078434335845,H,3
0.0,9.463071495657811,0.0,0.0,-0.010093669265520522,G,1
0.0,0.43580107101950405,0.0,0.0,0.03510763589301119,A,1
0.0,1.7774812601338315,0.0,0.0,0.0014512310606060001,E,1
0.0,1.5731334403197406,1192.5,13.72549019607843,-0.023836278477739947,C,2
14.0,1.0056471197630863,1078.5,14.901960784313726,0.0934250764525994,D,2
0.0,3.032565556460847,945.0,12.549019607843135,0.0024622534056217837,J,2
1.0,0.745714181879002,1517.5,9.803921568627452,0.0399800464826256,J,3
47.0,1.4450694221267104,2011.5,19.215686274509803,-0.0606453804347824,F,3
33.0,0.8920046454554238,2070.0,14.901960784313726,0.2784444686174263,I,3
47.0,1.9327558452068858,2900.0,15.294117647058822,-0.29227129337539437,D,3
41.0,0.9677486169656349,1761.0,16.470588235294116,-0.11625265852896416,I,3
0.0,1.6329380827910505,954.5,13.72549019607843,-0.0036335846281143613,J,2
0.0,9.492396231069558,0.0,0.0,0.0018664312133263028,B,1
17.0,2.0664940349124294,982.5,13.72549019607843,-0.2903761755485894,G,2
1.0,1.7503079858973924,950.0,14.117647058823527,0.015837175968621886,J,2
2.0,2.853188990448883,1330.5,18.03921568627451,0.23612756552556752,H,2
34.0,1.8559085639216049,3461.5,25.49019607843137,0.8478734934886353,G,3
31.0,0.8846112926367382,1919.5,14.509803921568627,0.1277497845325934,E,3
2.0,1.06976393302696,1030.0,19.607843137254903,-0.018469896331738483,E,2
59.0,1.8577419711161776,2504.0,14.509803921568627,-0.2966776295182609,G,3
24.0,1.105961982466874,2421.5,19.607843137254903,0.12165721426511589,E,3
0.0,9.493391159840334,0.0,0.0,0.008708033573141538,B,1
42.0,1.6917872841435115,2615.0,16.07843137254902,-1.099176933912664,D,3
17.0,1.0548650262558905,2029.0,25.098039215686278,0.0327521276111592,G,3
0.0,1.6836383319162118,954.0,12.941176470588236,0.014634871600890997,E,2
0.0,1.2500502616972806,948.5,13.333333333333334,-0.025034432685749564,G,2
12.0,3.3927386809972995,1265.0,16.862745098039216,1.3998734177215195,D,2
9.0,0.663485131349829,996.0,13.72549019607843,-0.8477074538939232,G,2
0.0,1.5523807739022515,949.0,14.117647058823527,-0.005383024879669296,H,2
0.0,9.462517081514319,0.0,0.0,-0.7003467811158799,C,1
0.0,1.9766442347662239,943.0,14.509803921568627,-0.002623418873418909,I,2
0.0,9.068717347491686,0.0,0.0,0.007251596424010298,G,1
50.0,4.171517849978547,2144.5,16.07843137254902,0.692302693387731,J,3
0.0,2.0063798981517436,948.5,13.72549019607843,-0.0009692736154863768,F,2
0.0,1.7245503384024277,948.0,14.117647058823527,0.005242691671263011,D,2
50.0,4.410639219014914,2142.0,19.215686274509803,-0.6582356927710835,D,3
0.0,0.7919692175420967,943.5,12.549019607843135,0.007347290465000267,C,2
19.0,4.866562470615133,1934.5,28.62745098039216,-1.1909765736869238,H,3
27.0,3.8189078629868143,1056.0,13.333333333333334,-1.3973757715242185,C,2
31.0,4.739470418987587,3124.5,88.23529411764706,-0.6386792452830188,G,3
24.0,1.6807566919724357,1484.5,87.84313725490196,0.08176904406273339,H,2
25.0,2.013977879351487,2538.5,15.68627450980392,0.7467084639498434,J,3
0.0,9.068901011345122,0.0,0.0,0.009360099104679609,D,1
42.0,1.474193271176222,2587.0,16.07843137254902,0.1227300955414013,J,3
16.0,0.7006912493010272,1123.5,13.333333333333334,-0.13673097601323403,A,2
0.0,2.0082862192180375,946.0,13.72549019607843,0.0018518518518517713,G,2
0.0,1.0436596311639774,940.5,13.72549019607843,-0.0029391891891892286,G,2
27.0,1.7311044098182153,1691.0,9.803921568627452,-0.18928869025073858,E,3
0.0,1.601778730476493,1200.0,16.07843137254902,0.018224360724360733,G,2
0.0,8.305583555532309,0.0,0.0,-0.002063100407948326,D,1
0.0,9.474191623291384,0.0,0.0,1.3831520005831808,F,1
34.0,4.69694476002362,2098.0,26.666666666666668,-2.310286584644505,C,3
0.0,1.7463331380691876,0.0,0.0,0.0006371454560490011,E,1
7.0,0.8577334319340963,1216.5,13.333333333333334,0.2875880132137801,J,2
0.0,1.748873252061059,1504.5,17.254901960784313,-0.042851495794067385,J,3
0.0,0.5562535401137517,950.0,12.549019607843135,0.002702518963789813,C,2
22.0,2.7928415126510275,2250.5,25.098039215686278,0.6248003199867018,B,3
22.0,0.7204471974248225,966.5,13.72549019607843,0.06326032488411909,G,2
0.0,9.066675333753025,0.0,0.0,-0.0026653989902305497,A,1
23.0,2.730336376965947,2349.5,87.84313725490196,0.3148227406228058,G,3
0.0,1.8588511858762204,0.0,0.0,0.007012150490411397,D,1
0.0,9.066883684486893,0.0,0.0,-0.000274960011338532,I,1
0.0,5.849463435165245,973.0,20.0,-0.09331549644990478,J,2
28.0,0.6778034052424259,1798.0,14.117647058823527,0.012701309199889599,J,3
23.0,0.8766561435675316,952.0,12.549019607843135,0.06687188612099648,C,2
26.0,0.4362252279863439,2602.0,16.07843137254902,-0.06270967741935488,J,3
38.0,0.5606431055167563,2355.5,21.56862745098039,-0.5968195630984461,F,3
0.0,1.78703683694327,950.0,14.117647058823527,0.0017887288694742043,J,2
0.0,1.5262443961924756,955.0,13.72549019607843,-0.0026101694915253992,C,2
6.0,1.5082717645141297,974.5,13.72549019607843,0.0440812174395544,F,2
0.0,0.5650568710556955,951.0,12.549019607843135,0.0010401417450911499,H,2
0.0,0.5510890490655752,943.5,12.549019607843135,-0.0017505050505050024,A,2
19.0,1.8532454948361512,1956.5,20.392156862745097,0.01582316615562751,B,3
27.0,2.064161607196733,1667.0,14.117647058823527,0.0031342592592591423,E,3
57.0,2.271600277658353,3563.0,88.23529411764706,0.4135147857338177,J,3
0.0,4.322265556857534,952.0,12.549019607843135,-0.005068298384980352,A,2
0.0,0.5345591158073542,947.0,12.941176470588236,0.002944982467857682,C,2
16.0,2.533414411433913,1607.5,14.509803921568627,-0.2117679048944887,A,3
55.0,4.568264436287733,3260.5,87.05882352941177,0.0880650091106796,F,3
51.0,1.9704876515127987,2157.0,19.607843137254903,0.04914075892359032,J,3
33.0,0.9977427319998583,2068.5,16.07843137254902,0.01796554811664408,J,3
18.0,4.694767623544511,1826.0,20.392156862745097,-0.38626880136071917,D,3
0.0,3.0649277555283185,952.5,12.549019607843135,-0.0007013078826445529,D,2
0.0,1.960314469325425,952.5,13.72549019607843,0.0003775609199337948,B,2
0.0,1.570487279187713,957.5,13.72549019607843,0.0014596174040086285,I,2
46.0,4.345351654520879,2901.5,20.392156862745097,1.384736842105263,D,3
0.0,2.2371734214911716,948.0,13.72549019607843,-0.000700553709856333,B,2
0.0,9.066939527546975,0.0,0.0,0.00344607843137279,E,1
0.0,9.496709989467472,0.0,0.0,0.006555797144032427,G,1
0.0,9.544860557153347,0.0,0.0,-0.004130593864339893,J,1
0.0,2.040772343486987,948.5,13.72549019607843,0.02109527727497129,G,2
41.0,1.126732342989552,943.5,13.333333333333334,-0.2687696915244085,E,2
0.0,1.1004548245057248,948.0,13.72549019607843,-0.0056796273234628325,J,2
43.0,0.20234588494531378,1826.5,14.509803921568627,-0.41651596387970646,F,3
23.0,1.75934973803726,1241.0,13.72549019607843,-0.008742138364779883,I,2
41.0,0.9469377024249575,2637.5,21.56862745098039,-0.8095625351659834,A,3
0.0,0.9887160745430982,951.5,13.72549019607843,-0.003256335920695852,C,2
0.0,1.9484474185218756,956.0,19.607843137254903,-0.8420663577548522,A,2
0.0,1.0302214349471759,952.5,12.941176470588236,-0.00018738348364988333,D,2
23.0,1.8182363565405388,2311.5,23.137254901960784,0.008900913347148709,A,3
18.0,2.528376624844834,1197.5,14.509803921568627,-0.8122242404710984,J,2
0.0,8.076593899485028,0.0,0.0,0.0016110737287329258,D,1
85.0,1.1716857667054352,2848.0,16.470588235294116,0.04406868830772381,F,3
0.0,0.5830911326538353,947.0,12.549019607843135,0.008116832715477251,F,2
0.0,9.116752857285537,0.0,0.0,0.0005800840670380225,C,1
0.0,2.0089405912916565,951.5,13.72549019607843,-0.002102157690750228,G,2
0.0,9.06518200748327,0.0,0.0,0.0011842282481815403,B,1
21.0,5.051809956101421,2167.0,27.058823529411764,0.4758935138411795,G,3
15.0,1.6263308926066475,1557.0,21.56862745098039,0.12103597551873413,J,3
27.0,0.5667969054087011,2766.5,19.607843137254903,0.1502674463190184,I,3
34.0,1.3814792163572218,2117.5,25.88235294117647,-0.02013441741525135,H,3
0.0,0.6808346286087689,1060.0,14.901960784313726,-0.1375703782338602,G,2
0.0,2.011647479296987,953.5,13.72549019607843,0.0023148435435125236,H,2
0.0,1.0575534745009119,947.0,12.549019607843135,-0.001812870056772553,H,2
26.0,4.237698302269034,1652.5,88.23529411764706,0.7701215205444121,A,3
16.0,1.4291762339031553,3013.0,16.07843137254902,0.09354647943476047,A,3
47.0,2.8484404231750635,2016.5,21.56862745098039,0.004002807196631153,B,3
0.0,1.730242048614906,957.0,14.117647058823527,-0.0021513605442177175,J,2
0.0,2.0106558388073696,953.5,13.72549019607843,-2.3283684300601237e-05,H,2
0.0,9.474616795174073,0.0,0.0,-0.7056401468910725,E,1
0.0,1.131087765416075,948.5,13.333333333333334,6.748316510485353e-06,F,2
22.0,1.0382524353726215,2190.0,17.647058823529413,0.025151114408282993,B,3
0.0,8.066446569619078,0.0,0.0,-0.0006270903010032747,D,1
52.0,1.9428471094688937,1757.5,15.294117647058822,0.061564769537918396,A,3
0.0,2.027024547633073,948.5,14.117647058823527,0.004883559460935993,B,2
7.0,1.8114944338071735,1188.0,9.803921568627452,-0.2430274004411935,A,2
27.0,2.1197322437729764,1720.5,14.117647058823527,-0.04544303797468374,I,3
31.0,0.5436064187227397,1947.5,16.862745098039216,0.539203821656051,C,3
0.0,9.46940244584954,0.0,0.0,-1.459946890394089,H,1
0.0,9.575638808347053,0.0,0.0,-2.072186911802749,D,1
0.0,0.8227012189728515,945.5,13.72549019607843,-1.3536263536284565e-05,I,2
0.0,9.601594956726222,0.0,0.0,-2.8206236559139786,J,1
9.0,1.0601386145986789,969.0,12.941176470588236,0.16454122557003248,F,2
17.0,4.382852185566709,3025.0,29.01960784313725,0.979313302182528,E,3
0.0,2.225966194212701,947.0,13.72549019607843,0.0008362416107383641,D,2
0.0,9.494234523660111,0.0,0.0,-0.08254795311984153,B,1
13.0,4.472814338507105,1307.5,15.68627450980392,0.07718623481781339,G,2
0.0,1.0502532601205263,949.0,12.549019607843135,0.004413745266014457,G,2
4.0,2.53772181434198,950.5,12.549019607843135,0.031801059119328734,G,2
15.0,5.184387989460308,1447.5,32.94117647058823,0.6677440488729722,F,2
24.0,1.1848843999416405,2531.0,23.52941176470588,-0.4666399572649572,G,3
0.0,1.680336368736829,949.0,14.117647058823527,-0.0258969230256359,C,2
0.0,1.7298757183467084,956.5,14.117647058823527,-0.0003401360544218468,A,2
43.0,1.5476216709145196,1847.0,14.509803921568627,-0.1840003245699448,G,3
0.0,1.7313847485556526,957.0,14.117647058823527,0.0007482993197278631,A,2
33.0,2.0623198321738347,2022.5,32.549019607843135,1.6735260391782132,D,3
34.0,1.7407171805878565,2126.0,22.352941176470587,-0.11029334491369008,G,3
46.0,1.613522401322867,1540.5,13.72549019607843,0.013943881772573496,J,3
27.0,2.061431614246522,1754.0,14.509803921568627,-0.03093999118695656,D,3
26.0,3.5583793269720547,1652.5,88.23529411764706,-0.6090693783761993,C,3
0.0,3.649488932912849,949.5,12.549019607843135,-3.0978311365359743,E,2
0.0,0.531415960641937,939.5,13.333333333333334,0.0016992962480443241,D,2
3.0,2.58403780602984,931.5,24.31372549019608,0.038637432188064924,I,2
22.0,0.8748569282024449,994.5,14.901960784313726,0.203323956174119,J,2
1.0,2.2386211203568624,1536.5,9.803921568627452,0.066498375382263,C,3
28.0,1.5774284859030794,1771.0,88.23529411764706,0.1100477730928321,G,3
37.0,0.9515972913195101,2338.5,15.294117647058822,0.1667266029775047,J,3
0.0,0.8239746141981721,948.5,12.549019607843135,-0.0003609721630291052,C,2
46.0,0.6918330713666894,2853.5,20.7843137254902,0.22595842793706933,G,3
0.0,3.5788036682358095,948.0,14.901960784313726,-0.9928703703703704,D,2
20.0,2.185318104435744,2081.0,14.901960784313726,0.057846174096173986,I,3
0.0,1.9793936266327856,943.0,13.72549019607843,-0.000735987665517801,F,2
10.0,1.9560900231692429,2015.0,22.352941176470587,-0.04962311140627601,A,3
1.0,2.3081167442769592,1551.0,18.431372549019606,0.08631418250623552,I,3
35.0,4.777576200895794,2306.5,81.96078431372548,-0.6526951090717077,J,3
0.0,1.5194958514689758,945.0,13.72549019607843,-0.0032047055181486928,F,2
21.0,0.5764997477456221,2186.5,24.31372549019608,-0.01797988077496271,I,3
17.0,0.8356988698806053,933.0,13.72549019607843,0.04641305015667563,E,2
0.0,9.114225744501136,0.0,0.0,0.0029443080309889957,F,1
0.0,1.5939911623935534,951.0,13.72549019607843,-0.010049337160038294,B,2
52.0,5.074024653614848,2199.5,15.294117647058822,-0.9032059369202221,G,3
44.0,5.29153349399063,1862.5,14.509803921568627,-0.3082661814653074,F,3
0.0,0.6934782230332195,954.0,14.117647058823527,0.0011564361564361247,B,2
39.0,1.4507620612191703,1674.5,14.117647058823527,0.05501511603150944,F,3
0.0,1.2181158325542598,951.5,14.117647058823527,0.006844480073293691,A,2
0.0,0.9911181577038908,945.0,14.117647058823527,0.001565656565656437,E,2
36.0,1.4089675258227716,1542.5,13.72549019607843,0.009877772281309302,D,3
0.0,9.4911204269645,0.0,0.0,0.0034793812094541243,A,1
12.0,2.0716970489835784,1258.0,20.0,0.06822760451940957,I,2
0.0,9.496925269666857,0.0,0.0,0.01903744021111664,G,1
0.0,1.6052065669139004,0.0,0.0,0.015251077662356002,H,1
84.0,1.0811197943396085,2844.0,16.07843137254902,-0.03482355232828682,C,3
36.0,0.2390834406199139,1536.5,18.431372549019606,0.15890582426812527,H,3
40.0,3.0131043082975935,944.5,12.941176470588236,0.022323838390086337,C,2
51.0,1.2780583544373991,2180.5,20.7843137254902,-0.10780567258828128,C,3
0.0,2.0095257468301124,949.0,13.72549019607843,-0.0021337246337246873,G,2
0.0,0.6468215869913088,951.5,13.72549019607843,-0.0018060104908720342,H,2
24.0,0.2846227657712886,1496.5,14.117647058823527,-0.22541516928314728,J,2
0.0,1.9765644104375837,943.5,13.72549019607843,0.003874563338849002,D,2
0.0,1.6055760112892976,947.5,14.509803921568627,-8.378209852044627e-05,F,2
0.0,0.8968263268324901,948.0,13.333333333333334,0.002679558639517604,J,2
0.0,2.299003334728431,1510.5,22.745098039215687,-0.026402304536928184,E,3
16.0,1.6827603314157582,1628.0,56.47058823529412,0.048431963854155824,F,3
23.0,0.9969245027114746,1453.0,13.72549019607843,-0.17122372440492395,F,2
0.0,9.622391115455361,0.0,0.0,-1.5861424079590365,I,1
42.0,0.9781616015087035,2615.0,16.07843137254902,1.021163073399104,H,3
15.0,4.786810040409924,1508.0,18.823529411764707,0.774857474218472,E,3
107.0,2.2869601422140593,3600.5,44.31372549019608,-0.30210771184254903,J,3
17.0,1.8407613803030702,1731.5,23.137254901960784,0.08565142766434519,D,3
26.0,1.9874428977440466,2679.0,16.07843137254902,2.0257599616858237,E,3
0.0,1.744073300594901,0.0,0.0,-0.0275772311212815,H,1
0.0,9.491830323100812,0.0,0.0,0.0008296495758700617,A,1
61.0,1.594698986408019,2059.5,22.745098039215687,0.2421855848252858,H,3
44.0,5.209710172484087,2740.5,49.01960784313725,0.22471428571428564,C,3
6.0,1.742844967093281,1445.5,14.509803921568627,0.0650276499221829,C,2
27.0,3.9844844726230226,2751.5,23.137254901960784,0.17996232216059815,H,3
2.0,1.738205627290948,1784.0,22.745098039215687,-0.07397362614269198,A,3
39.0,2.4325926726916127,2457.0,29.01960784313725,0.003280510879848375,F,3
0.0,8.033149697831965,0.0,0.0,-0.00030309278350504343,D,1
36.0,0.6538572487663333,2274.0,20.392156862745097,-1.0480340386979876,J,3
0.0,9.473332397737849,0.0,0.0,0.01045707249053801,B,1
20.0,0.9083259942936308,945.0,12.15686274509804,1.2360469192936063,D,2
6.0,1.0370775795333023,1209.0,9.803921568627452,-0.17532689623080505,H,2
0.0,9.471745560688369,0.0,0.0,0.8332026392187912,H,1
34.0,0.6145015101317811,1460.0,13.333333333333334,0.021108625751432908,E,2
1.0,2.029144449554975,930.0,14.509803921568627,-0.013573266078184099,I,2
31.0,4.48660930567671,3089.5,34.11764705882353,-1.1110775670319895,J,3
30.0,0.7311539263103273,3030.5,28.62745098039216,0.1297164282371136,E,3
33.0,4.182065404155025,951.0,12.941176470588236,-0.5902526136639921,J,2
0.0,9.494001608217875,0.0,0.0,0.002074432344763677,F,1
0.0,9.46120438334679,0.0,0.0,0.7758470856072242,H,1
18.0,0.5770659616007218,946.0,12.15686274509804,-1.7808238041146032,C,2
40.0,0.4983007972125631,1710.0,14.117647058823527,-0.009895755538959383,C,3
0.0,4.503977404799745,950.5,13.72549019607843,-0.10019942679722926,G,2
0.0,9.431280990753566,0.0,0.0,-0.7441853393085788,A,1
0.0,1.7027267962688322,951.0,13.72549019607843,-0.0060792610792611,G,2
43.0,2.2074349590675326,2673.0,88.23529411764706,-0.8985140026286523,E,3
19.0,1.3019798280652095,1072.0,14.509803921568627,0.06884813778632629,A,2
0.0,1.7576661011672978,955.5,13.72549019607843,-0.00211955408940967,H,2
0.0,1.592018642757278,1055.5,19.215686274509803,0.008998553721801028,I,2
41.0,0.661668876856667,1741.0,13.333333333333334,0.05220688659198286,H,3
0.0,2.008719021112651,948.0,13.72549019607843,0.0016533579033579104,I,2
0.0,1.6162074570105547,957.5,13.72549019607843,0.0004745762711863971,C,2
43.0,0.7165584732388198,2659.0,16.07843137254902,-0.3045330249918858,A,3
29.0,2.0439493385634595,2936.0,23.52941176470588,-1.0685561453654553,A,3
30.0,4.346189000072239,1842.5,23.92156862745098,-0.07743447999599407,I,3
14.0,0.959576364812146,1078.5,14.901960784313726,0.4189200309807339,G,2
26.0,1.6233657759201479,1620.0,14.509803921568627,0.37245967059760177,A,3
0.0,9.069132627149104,0.0,0.0,-0.0010019919570041225,H,1
0.0,0.789893734446019,948.5,12.549019607843135,-0.001274534361102253,E,2
48.0,1.8466940925180713,3016.0,88.23529411764706,0.19086686510487239,G,3
0.0,9.069576541217728,0.0,0.0,-9.493670886051575e-05,I,1
52.0,4.479931206245536,3224.5,25.49019607843137,-1.2344875166761953,C,3
0.0,0.6067345586363464,948.0,12.15686274509804,0.0020543825248420244,H,2
0.0,1.6622369064196352,953.5,13.72549019607843,-0.0003519535398730095,B,2
0.0,9.07104257473766,0.0,0.0,0.0096207270444566,J,1
7.0,0.7172282590458361,1216.5,13.333333333333334,0.07449823387246701,F,2
0.0,1.774870881927776,951.5,14.509803921568627,-0.0034382891593675025,B,2
0.0,1.2183677945246447,952.5,13.72549019607843,-0.004080579809393359,I,2
0.0,9.476801199654526,0.0,0.0,-1.3731945903361344,C,1
0.0,9.01150669539868,0.0,0.0,0.05381958136172482,B,1
2.0,2.0614773366853982,1442.5,17.254901960784313,0.05828816722657709,J,2
0.0,2.2334345424100057,955.0,14.509803921568627,-0.0021050550245182986,I,2
37.0,1.009720398331757,2346.0,17.647058823529413,0.03426733849494079,A,3
0.0,1.2841656928867824,947.5,14.509803921568627,1.6318837914974793e-05,J,2
32.0,0.9124993578319409,2020.0,21.96078431372549,-0.0807069892473119,F,3
0.0,9.070445018831819,0.0,0.0,0.002722302331170212,G,1
16.0,2.060513468764098,1607.5,14.509803921568627,0.0621093982501042,E,3
0.0,0.5406637695058396,951.5,12.549019607843135,-0.0008909798485979836,I,2
0.0,9.069915117942772,0.0,0.0,-0.0017727426238063337,C,1
0.0,9.460575182309015,0.0,0.0,-1.4004280763263415,I,1
7.0,1.8116330720704985,951.0,13.72549019607843,0.010389098485274972,E,2
29.0,3.093285071297133,1845.0,14.509803921568627,-0.6461762178210089,I,3
38.0,1.1615254312934924,2367.0,15.68627450980392,-0.2521208944793851,C,3
0.0,1.704375992744022,0.0,0.0,0.126124957140408,B,1
15.0,0.2969703019358149,1197.5,14.117647058823527,-0.221728527607362,H,2
41.0,0.5936595970552833,1711.5,14.117647058823527,-0.11714814192029596,A,3
17.0,6.187478567575165,1746.5,14.117647058823527,-0.09730624678561561,I,3
26.0,0.9018273941663378,2602.0,16.07843137254902,0.1677622468129166,C,3
16.0,3.1119146285323422,3067.0,16.862745098039216,1.1104090236398334,B,3
10.0,1.8466021031133075,1800.5,19.607843137254903,0.0548084664329308,J,3
0.0,9.488391361309747,0.0,14.117647058823527,0.00012007351439660002,H,1
0.0,1.7157429467588678,950.0,12.549019607843135,-0.026317648487256817,J,2
0.0,9.462607705672141,0.0,0.0,0.019058417827089308,F,1
44.0,0.8228968682860429,2756.0,16.470588235294116,0.04865352881441992,J,3
0.0,1.019570762641349,958.5,12.549019607843135,-0.0024633134086815556,B,2
0.0,8.098928573948768,0.0,0.0,-0.005923403723604004,I,1
62.0,1.8538384039216877,2631.0,47.84313725490196,-0.01609898403483323,C,3
19.0,0.5971652641126425,1010.5,12.15686274509804,-0.03947222621615143,C,2
0.0,9.526868430324882,0.0,0.0,1.5964574533925449,D,1
0.0,1.518829956086934,0.0,0.0,-0.00024299492096108155,E,1
0.0,1.3893331005421707,937.0,13.72549019607843,0.7432712529873676,D,2
24.0,0.8436528650999585,2441.5,15.294117647058822,-0.06693282243239052,B,3
82.0,1.131786520383135,2741.5,16.07843137254902,-0.051230087703597715,B,3
33.0,1.7279602938267178,2186.0,23.92156862745098,0.7029082440058523,E,3
44.0,4.985093713692803,1862.5,14.509803921568627,-0.6850524946576231,I,3
33.0,0.8915423246872572,2070.0,14.901960784313726,-0.03677465407423669,I,3
0.0,9.449723075696783,0.0,0.0,0.02063701339902202,B,1
29.0,1.9963822691852362,2934.0,23.92156862745098,-0.3152851096114684,C,3
53.0,1.1264561955958836,2230.5,14.901960784313726,0.021228673287497113,A,3
35.0,1.759648663761264,2173.5,18.03921568627451,-1.251025835562832,G,3
0.0,9.526470057729345,0.0,0.0,0.007840092854220826,C,1
41.0,2.3796799717211248,2547.5,16.07843137254902,0.16777939042089973,E,3
43.0,4.89607671720996,2719.5,88.23529411764706,-1.3294124417648665,F,3
59.0,3.539464238281462,3691.5,88.23529411764706,0.14071353933422892,H,3
51.0,0.6380326513919761,2181.0,17.254901960784313,0.04626332001332001,J,3
1.0,1.048641508154257,948.0,14.117647058823527,-0.007227722772277179,D,2
0.0,3.325112532087382,949.0,12.549019607843135,0.7289147519147519,A,2
38.0,1.8276163207162643,2402.5,25.49019607843137,0.09878246333045732,J,3
0.0,9.117439373001783,0.0,0.0,0.002334382444867167,D,1
0.0,9.662934293365472,0.0,0.0,-2.0636123587858988,E,1
37.0,3.873819052464234,2336.0,24.705882352941178,-1.4765965373082053,H,3
0.0,1.8956751725760244,942.5,16.862745098039216,0.02622856403287377,C,2
37.0,3.874724954832907,3732.0,42.35294117647059,-0.3296518987341772,A,3
1.0,1.9000868138373903,1005.0,12.941176470588236,0.34674736439161147,B,2
21.0,1.9314790455160602,2180.5,18.431372549019606,-0.8393146417445483,C,3
21.0,4.7074302969312765,2144.5,19.607843137254903,-0.7472845560381778,J,3
51.0,1.039860868748433,3157.5,88.23529411764706,-0.0633650793650794,C,3
0.0,9.4677435417581,0.0,0.0,2.7437005795604525,D,1
0.0,0.5442516284815828,951.0,14.117647058823527,0.0024088341037494243,B,2
0.0,9.535707134973048,0.0,0.0,2.3697509054260006,I,1
0.0,0.7779393880536364,952.0,12.941176470588236,0.003499763825828839,D,2
0.0,1.741236077510654,0.0,0.0,-0.004554810046241697,G,1
34.0,1.7152574159417628,2126.0,22.352941176470587,0.09328566593332208,B,3
0.0,9.48361814021967,0.0,0.0,0.6879745047688921,G,1
48.0,0.2322637958866816,2975.5,24.31372549019608,0.1774189401202824,F,3
0.0,9.115396909704927,0.0,0.0,-0.0030107194392905434,J,1
23.0,4.20236097862486,2332.0,23.137254901960784,0.25352686846550654,I,3
18.0,3.603536826268271,1796.5,14.509803921568627,-1.7584926174496645,H,3
8.0,2.760536099885909,1706.5,16.862745098039216,0.05891087961046093,B,3
0.0,1.9763817533466683,955.5,14.117647058823527,0.00344844844844841,D,2
3.0,2.0052099389650464,1283.0,15.294117647058822,-0.6053641016973708,B,2
27.0,0.5799048480782589,2675.0,21.96078431372549,-1.0873457013475434,E,3
19.0,1.6196378760937467,1885.5,22.352941176470587,0.036362685885398205,G,3
47.0,1.6937049977795822,2099.5,20.0,-0.1841838603215161,H,3
24.0,0.805505481146377,1535.0,13.72549019607843,0.5200930735930738,B,3
20.0,4.231654526391946,953.0,12.941176470588236,-0.03254118930714789,C,2
42.0,3.3648973834883953,1785.5,14.509803921568627,-0.11110868226601012,D,3
0.0,2.0099337349819444,951.5,13.72549019607843,-0.004022953790395689,H,2
46.0,2.8894918574863446,2885.5,18.431372549019606,-0.16761257459762494,C,3
12.0,4.4133000754537415,1265.5,16.862745098039216,-1.7978544282744284,H,2
0.0,9.514343720371043,0.0,0.0,1.440389948287007,I,1
7.0,0.6923731540077352,947.5,12.941176470588236,0.006973000062644785,D,2
34.0,1.129834684361422,3283.0,16.862745098039216,-0.049528246942341314,J,3
0.0,9.469433488449997,0.0,0.0,0.7537223981900454,C,1
17.0,1.8071132079819323,2029.0,25.098039215686278,-0.11988329127613562,A,3
36.0,1.4391113407859617,943.5,13.72549019607843,0.9400152355734879,H,2
49.0,0.8323376897211916,3049.5,17.254901960784313,0.002425235062177733,I,3
0.0,9.071749943293566,0.0,0.0,2.3416273416287936e-05,A,1
53.0,1.3023075482682602,3263.5,16.862745098039216,0.04260786485136703,D,3
44.0,2.275286184137407,2775.0,16.07843137254902,0.23994804936305725,E,3
6.0,1.4791842507441444,967.0,25.098039215686278,0.19143820395449107,C,2
19.0,1.6175137305086817,1209.0,15.68627450980392,-0.41506369426751594,E,2
0.0,9.459870878251822,0.0,0.0,-1.549534793145231,E,1
33.0,1.7546910575993064,2058.0,18.823529411764707,0.01747158976018115,B,3
47.0,3.7692758948192977,2000.0,20.392156862745097,1.7126803940086837,I,3
23.0,4.659353827430805,2269.0,31.37254901960784,-0.07873801916932899,G,3
0.0,9.113965401650113,0.0,0.0,0.0011841297398005324,F,1
16.0,5.645861549775421,947.5,12.549019607843135,-1.7086757600259368,F,2
47.0,5.269499486750529,2010.5,18.431372549019606,-0.8227510041917894,D,3
0.0,3.1228137211487046,942.5,12.941176470588236,-0.011681041675606352,D,2
27.0,1.9330996155755094,2772.0,23.137254901960784,0.2299326775780054,J,3
51.0,1.9355729149376175,2157.0,19.607843137254903,-0.01293676312968911,H,3
41.0,0.9201650971389946,2612.0,15.68627450980392,0.3232414855910002,G,3
17.0,1.5844207615508132,2049.5,21.56862745098039,0.10915105750057197,D,3
0.0,0.5349968027980007,948.5,12.549019607843135,-0.0018044341919775109,E,2
0.0,9.604682891429924,0.0,0.0,-0.678219267812291,B,1
3.0,1.9206253176119423,1278.0,9.803921568627452,0.03140983000739106,H,2
0.0,1.7332722408976415,950.0,13.72549019607843,-0.0032077840552416914,G,2
0.0,2.2344938654644664,953.5,13.72549019607843,-0.0027001997858651094,C,2
0.0,9.505260479308262,0.0,0.0,-0.0009547319109690644,I,1
6.0,2.033125942609921,990.0,13.333333333333334,-0.11559981078524117,H,2
48.0,5.271291648804779,2973.0,28.235294117647054,-2.103454732554401,F,3
33.0,0.577958263280516,2118.0,14.901960784313726,0.009794176390202913,C,3
0.0,1.5290196096723008,958.0,13.333333333333334,0.0076676233429001095,F,2
25.0,0.9755623288832757,2561.5,16.470588235294116,0.23266993226898888,H,3
44.0,4.092331423507862,954.0,12.549019607843135,-0.367795017352714,D,2
5.0,5.377109183404075,936.5,14.117647058823527,0.4791266292091887,A,2
0.0,2.067498795998989,930.0,14.117647058823527,-0.005404725194993576,I,2
0.0,9.488037736894373,0.0,14.117647058823527,-0.0002758893648724045,D,1
0.0,9.06988884829809,0.0,0.0,0.021107987087368052,C,1
0.0,1.0415352418931396,964.0,14.117647058823527,0.0004156085615816263,J,2
0.0,9.497762357948414,0.0,0.0,0.004823765020026682,I,1
0.0,1.5436423124115175,949.5,13.72549019607843,-0.0010028698619303084,E,2
0.0,2.001598444840191,956.0,13.72549019607843,0.002380186041202992,E,2
39.0,0.9656507195813372,2459.5,22.352941176470587,0.1111222772127528,I,3
31.0,1.967821854878907,1946.0,25.88235294117647,-0.10816493610223638,I,3
0.0,9.450536252747261,0.0,0.0,-1.3730874416717387,J,1
27.0,1.667796976657983,2675.0,21.96078431372549,-0.006912028528922698,C,3
0.0,1.6092837093861794,945.0,14.117647058823527,-0.00024064502325371606,G,2
0.0,1.0040321328010784,1539.0,9.803921568627452,0.1349179767600821,H,3
0.0,2.234011885859635,953.5,13.72549019607843,-0.0036454849498328556,J,2
7.0,1.4606217164786992,951.5,14.509803921568627,-0.03559602649006621,E,2
0.0,0.8989933162869125,955.0,12.941176470588236,0.0004910772016034626,F,2
24.0,4.2849446576262045,2398.5,87.84313725490196,1.56305011606452,C,3
0.0,9.063792714302041,0.0,0.0,-0.001324402049537099,B,1
0.0,1.499219667615654,0.0,0.0,0.1994330281388106,H,1
49.0,1.76137198353499,2058.0,88.23529411764706,0.10922942946656772,C,3
0.0,9.473868686570476,0.0,14.117647058823527,0.004489479638008997,B,1
23.0,1.005368278170065,2325.0,15.294117647058822,0.005891814476148505,C,3
17.0,4.940184202691597,947.0,12.941176470588236,-0.232625820568928,D,2
38.0,0.34652003960926564,1641.5,14.117647058823527,-0.3110976170568562,F,3
0.0,9.49342851364567,0.0,0.0,-0.0069836065573770645,F,1
50.0,4.443593386158808,3136.5,32.94117647058823,-0.08445721321567845,B,3
44.0,1.6197338694393821,2742.5,88.23529411764706,0.016665800865800905,D,3
0.0,0.5061791281400989,971.0,13.333333333333334,0.0014766236023405765,E,2
0.0,0.7927961231167221,943.5,12.549019607843135,0.004626985486673729,B,2
54.0,0.7161990090106328,2300.0,14.509803921568627,0.7658618951612902,H,3
0.0,1.6219389221791052,954.5,14.117647058823527,0.004281082925719493,F,2
17.0,4.280105920111082,1865.5,25.098039215686278,0.4200887096774193,B,3
0.0,9.437701998347128,0.0,0.0,-1.3899012480392823,I,1
0.0,8.310148270658473,0.0,0.0,-0.0008119495810285926,H,1
31.0,1.9250974910479366,1945.5,28.235294117647054,-0.11623976223737909,C,3
0.0,1.758695700175354,0.0,0.0,-0.0027609427609427972,I,1
0.0,1.0967383049130441,952.0,13.72549019607843,-0.0031925833238539703,E,2
0.0,0.8996737502548371,950.0,12.549019607843135,-0.00018869845761382287,G,2
0.0,9.067503105746109,0.0,0.0,5.949910059488417e-05,F,1
0.0,9.441043233977805,0.0,0.0,0.798869415385988,B,1
0.0,0.5324426887167893,953.0,12.549019607843135,-0.0023489433295407203,J,2
52.0,1.854347906008226,2201.0,20.392156862745097,-0.20182313426722343,H,3
19.0,5.238267861225427,1862.5,87.84313725490196,-0.6055516279913875,H,3
18.0,3.955050729636726,1796.5,14.509803921568627,-0.6370113580246914,G,3
0.0,1.7345320226885341,0.0,0.0,0.0013131313131313216,G,1
0.0,1.013798063892525,1171.5,25.49019607843137,-0.25206352304732166,I,2
0.0,9.488881554613828,0.0,14.117647058823527,0.0013889341590613002,E,1
0.0,9.463526092738004,0.0,0.0,-0.727372922153315,C,1
0.0,2.235084422118238,947.5,14.509803921568627,-0.0006729271644525525,C,2
25.0,2.576088018496117,949.5,12.941176470588236,1.2508038808038804,C,2
0.0,5.128425876860465,949.0,12.15686274509804,0.016180485618622953,D,2
0.0,0.8840534400667784,930.5,14.117647058823527,-0.013674749163879674,F,2
42.0,4.234934244909237,2675.0,26.274509803921568,1.0180216802168012,B,3
0.0,2.1464361459717574,951.0,12.941176470588236,-0.0010006734632265202,B,2
10.0,0.9868735956197994,1777.0,14.509803921568627,-0.009926857550620005,G,3
0.0,1.101222357640029,948.5,13.72549019607843,0.001341058457281219,G,2
45.0,4.607098652872219,2804.5,22.745098039215687,-1.0811390649568813,H,3
0.0,2.0070117081254697,953.5,13.72549019607843,0.0007822950068713808,E,2
0.0,0.5525407172567466,946.0,12.941176470588236,0.0008834246221115505,H,2
0.0,0.8902448857303096,949.5,12.549019607843135,-0.0030876514595190585,J,2
0.0,9.491876507755833,0.0,0.0,-0.0063318785233679176,J,1
23.0,1.9832948504918781,2357.0,87.84313725490196,-0.2962591659497767,G,3
0.0,2.0836039769228063,951.5,13.72549019607843,-0.0023470345345346644,E,2
26.0,0.7359708078065568,2231.5,14.901960784313726,0.014274358181255886,C,3
0.0,2.0142048561937123,945.0,14.117647058823527,0.00010726072607258885,A,2
0.0,9.486843918912966,0.0,14.117647058823527,0.00040893193435569825,F,1
18.0,0.722725902335494,1876.0,14.509803921568627,-0.0470876519090036,B,3
0.0,2.52695423740917,1510.5,22.745098039215687,-0.022175078610013804,I,3
17.0,1.642580215625322,1789.5,25.098039215686278,-0.1938468871545873,E,3
0.0,9.49363740685149,0.0,0.0,-0.0023475727345696473,A,1
1.0,0.9181004338760724,1411.5,19.607843137254903,-0.3703569597286317,D,2
34.0,1.1489446390438092,1071.0,12.941176470588236,-0.052335583413693376,E,2
21.0,1.167150658762434,2157.0,21.176470588235293,0.17386700884743678,H,3
0.0,9.46261467580066,0.0,0.0,2.0384448231142747,F,1
0.0,1.0873607009088881,940.5,13.72549019607843,-0.001321449444769085,D,2
33.0,0.7286636793728823,2058.0,18.823529411764707,-0.05198218173022656,C,3
47.0,1.6539342146818714,2003.5,14.901960784313726,-1.010759531226821,A,3
0.0,0.7831338770018663,952.5,12.549019607843135,-0.0001658937615401923,E,2
43.0,3.9340750421465276,2659.0,25.88235294117647,-0.1384517426927998,G,3
28.0,5.07059562058638,2809.0,16.470588235294116,0.9550660469667314,F,3
40.0,0.8063517039652848,2457.0,15.68627450980392,1.2715894435156434,H,3
2.0,1.1121003202038848,1671.0,20.7843137254902,0.05135416337244231,G,3
0.0,3.87651143899181,1040.5,12.941176470588236,0.005365067079463159,E,2
26.0,1.678994669575881,2496.0,28.62745098039216,-2.107788142158267,E,3
0.0,1.9780569828753232,946.0,13.72549019607843,-0.004158004158004186,E,2
0.0,1.0639293421679505,949.0,12.549019607843135,0.0030079459694032362,G,2
0.0,9.594980835057672,0.0,0.0,-2.343448741103873,I,1
0.0,1.7410089186086912,952.0,12.15686274509804,7.071833158789342e-05,F,2
50.0,1.4561516963911012,2121.0,24.705882352941178,0.04947026657552955,C,3
26.0,3.3069322896369036,952.0,12.941176470588236,-0.46479326541816635,G,2
0.0,1.6254557915895982,949.5,13.72549019607843,-0.0021053863523709943,B,2
0.0,0.9899254199126404,951.5,14.117647058823527,-0.0013587909390559982,J,2
0.0,1.4743746948223169,0.0,0.0,0.011826009877168503,I,1
42.0,1.4732708354015476,2622.5,87.84313725490196,0.5922159785500758,G,3
0.0,9.53206401781629,0.0,0.0,2.7900236610418196,A,1
0.0,9.448453665935238,880.25,17.254901960784313,0.007167763280175404,B,2
0.0,7.905922154587251,0.0,0.0,-0.0009706065298238364,H,1
24.0,0.8854096199025754,1520.5,16.862745098039216,-0.530854256854257,H,3
0.0,0.508754368146162,961.0,12.549019607843135,0.0028361858190708578,G,2
0.0,9.467293596380323,0.0,0.0,0.7697730684072809,C,1
26.0,4.5020197855951425,2596.0,25.88235294117647,0.573775821115166,E,3
0.0,9.305304315282646,0.0,0.0,-0.020899486755045715,E,1
50.0,2.224253551715997,949.0,12.941176470588236,0.6841967084639498,G,2
0.0,2.00241553691062,947.0,13.72549019607843,-0.0035344165235469682,B,2
0.0,1.6050727640586537,942.0,13.333333333333334,-0.0038624988624988976,D,2
0.0,1.982770438665918,943.0,13.333333333333334,0.04448308206948001,J,2
0.0,5.752827193305966,957.5,12.549019607843135,0.039623570310219236,G,2
0.0,2.2299900948066793,953.0,13.72549019607843,-0.001691453544114374,C,2
6.0,2.87915210067488,1455.0,20.392156862745097,-0.08015632869109399,I,2
56.0,3.076080328486216,2367.5,25.88235294117647,0.16266877575898375,I,3
0.0,9.460694965233277,0.0,0.0,0.7721385682574917,C,1
0.0,1.6313812428708723,0.0,0.0,0.005044365572315912,B,1
0.0,6.4795570866502805,0.0,0.0,-2.3161014788373278,A,1
20.0,2.790925529919173,1093.0,14.509803921568627,1.0271878111067827,A,2
43.0,1.8057725472188602,1844.5,14.117647058823527,-0.09614819004524891,F,3
0.0,1.7781175148543649,956.0,14.509803921568627,0.001515151515151525,H,2
0.0,9.06924023804782,0.0,0.0,0.0005721891017893554,B,1
6.0,1.856180627429289,946.5,14.117647058823527,-0.03345256816319292,H,2
24.0,2.348405015195272,938.5,13.72549019607843,0.20354544535436248,D,2
40.0,1.5003201618085524,2494.0,25.49019607843137,0.4672593378607809,F,3
0.0,9.03614117221009,0.0,0.0,0.0006075854756568688,B,1
32.0,4.3409496496608115,3214.0,25.098039215686278,-0.12630728973183514,A,3
0.0,1.611041094291371,947.0,12.549019607843135,-0.0012260125562532087,E,2
0.0,0.9947028190283671,946.5,13.72549019607843,-0.00103332569857989,C,2
0.0,1.0192616815900144,939.0,12.941176470588236,-0.3137719590620344,E,2
3.0,0.4556495281273523,925.5,15.294117647058822,-0.011650522887022174,H,2
0.0,1.9776414726470488,951.5,13.72549019607843,-0.0005967712679121051,C,2
0.0,0.543648035628621,955.5,12.549019607843135,-0.001390160183066369,I,2
26.0,1.9092196855081771,1623.5,15.68627450980392,-0.033941948022775614,D,3
0.0,1.9774047608037688,951.5,13.72549019607843,0.00020919121829138243,D,2
26.0,4.852949307709695,2683.5,25.098039215686278,0.2173444052863438,E,3
0.0,1.7011572623041677,0.0,0.0,-0.002507709051333129,A,1
10.0,0.5815598084492664,956.0,12.15686274509804,-0.0435492881794651,G,2
0.0,1.0634007851227496,950.5,12.549019607843135,-0.0003171379317178369,D,2
12.0,1.7431335613665015,1391.0,13.333333333333334,0.26133279807306303,B,2
3.0,4.480382176880655,1622.5,22.352941176470587,1.0913120567375896,J,3
28.0,4.149835726906623,1788.5,14.509803921568627,0.0642741732283465,I,3
41.0,0.7814887732501945,1730.5,14.117647058823527,1.1469651278795574,A,3
15.0,3.0631778112410073,943.0,83.92156862745098,2.7824100936544713,E,2
0.0,1.9242007856890344,954.0,12.941176470588236,-0.015782022495598902,A,2
7.0,2.9670718581351827,1359.0,22.352941176470587,0.08959786593483127,I,2
0.0,9.116907755423098,0.0,0.0,1.0502351219407975,I,1
25.0,2.2649609300085656,2498.5,18.03921568627451,-0.5240918485408856,D,3
0.0,9.064876324240824,0.0,0.0,0.0006199659924823742,J,1
0.0,2.010801350660587,939.5,13.72549019607843,0.0034576271186440577,A,2
17.0,3.5393838457747324,1698.0,87.84313725490196,-0.06392528759328742,J,3
0.0,9.115231511413016,0.0,0.0,0.0018844237158188726,C,1
0.0,9.069959572971092,0.0,0.0,0.0006052696992298046,D,1
0.0,0.6001661041199953,951.0,12.549019607843135,0.0025624119952810664,D,2
0.0,9.117770489387448,0.0,0.0,0.0027139534883717786,G,1
0.0,2.813287788253454,954.0,12.549019607843135,0.02718172119487905,A,2
2.0,2.979738959136914,949.5,12.549019607843135,0.05030285777336374,H,2
48.0,1.4685204562966954,1611.5,14.117647058823527,-0.04073015873015881,I,3
15.0,0.8582595194559081,955.0,13.333333333333334,-0.053446650124069406,I,2
13.0,0.9627926157665713,976.5,14.117647058823527,-1.1552441543758671,J,2
29.0,0.8575140639143235,2943.0,12.549019607843135,-0.0923445483968321,E,3
23.0,1.2337436228028467,1469.0,14.117647058823527,-0.3653931794210711,D,2
0.0,2.927973950954298,949.0,12.549019607843135,-0.08055555555555616,C,2
16.0,1.7459847580676224,1386.0,19.607843137254903,0.003937106918239008,A,2
0.0,2.1826347361508818,950.0,14.117647058823527,0.007039705897755599,F,2
0.0,9.467102988410248,0.0,0.0,1.3733366603453439,H,1
0.0,1.2070827555564987,925.0,14.901960784313726,-0.015726177208135905,H,2
0.0,9.458156857545898,0.0,0.0,-0.0856853804797354,B,1
47.0,1.7648103785114881,2928.0,24.31372549019608,0.15751584158415843,G,3
16.0,0.5048624168070551,3005.5,16.470588235294116,-0.15593838283184203,D,3
0.0,1.612960239876004,947.0,13.72549019607843,0.001254237288135604,E,2
0.0,9.07172523585198,0.0,0.0,0.012097801191020885,I,1
0.0,1.6709700404755392,0.0,0.0,0.00748170469220838,G,1
0.0,1.7985206203730504,0.0,0.0,0.002898989898989901,I,1
0.0,1.2442471528887888,1444.0,12.941176470588236,0.014224203469486496,B,2
0.0,9.462627599350826,0.0,0.0,-0.6755922375135301,G,1
0.0,9.355063588719023,0.0,0.0,0.7886585146390419,I,1
25.0,5.125570735334824,3801.0,43.13725490196078,1.284779580320931,D,3
9.0,1.2913453697799402,996.0,13.72549019607843,0.3306738147501923,F,2
0.0,9.480505812197674,860.75,16.862745098039216,0.003224563836053407,B,2
0.0,0.7913103082549964,944.5,12.941176470588236,-0.0016895771878072674,G,2
0.0,9.489943397361975,0.0,0.0,0.12888370429963342,I,1
0.0,2.0019525029296315,957.5,13.333333333333334,-0.001846354703497588,G,2
0.0,1.7490688446811264,949.5,14.117647058823527,0.00033279323381710246,E,2
0.0,9.466908249275903,0.0,0.0,0.0025483165101997107,I,1
45.0,4.016825742321951,2825.5,32.549019607843135,0.2083757961783439,C,3
66.0,0.7370226885368335,947.5,12.941176470588236,0.16647249190938512,G,2
0.0,9.533672284375733,0.0,0.0,1.4047973466720185,J,1
84.0,1.9527054629942129,2834.0,19.607843137254903,-0.07065095232461904,H,3
64.0,4.07076103727643,2639.0,15.68627450980392,0.5737748824451416,G,3
19.0,3.491291780386144,954.5,12.15686274509804,0.6570887577759255,A,2
0.0,1.2308838137044096,945.5,12.941176470588236,0.009320469798657638,H,2
0.0,1.7224734924455223,0.0,0.0,0.0030195618785870994,H,1
0.0,2.0094950614801625,957.0,13.72549019607843,0.0020875420875420825,A,2
0.0,9.495834574429766,0.0,0.0,0.004339961768575651,B,1
0.0,8.066337878905331,0.0,0.0,-0.008422832481642217,D,1
70.0,0.8186563532953821,951.5,12.941176470588236,0.4881350482315112,D,2
22.0,1.9311532310787474,2193.5,24.31372549019608,0.0765674128503076,B,3
25.0,2.123147639118012,1571.0,14.509803921568627,-0.28203879327556614,C,3
6.0,2.279767239599715,1454.0,20.0,-0.041009201926384686,B,2
5.0,3.2040109860333588,936.5,14.117647058823527,0.8069503143225023,A,2
9.0,1.152306097116426,945.5,14.117647058823527,-0.07577044790652387,B,2
27.0,1.8186827594347894,1714.0,21.176470588235293,-0.08543161459003046,C,3
0.0,9.066786457982916,0.0,0.0,0.0022060544712618757,J,1
24.0,0.737703483488745,2441.5,15.294117647058822,0.019248990758349294,B,3
24.0,0.6594922532849204,2444.5,24.705882352941178,0.04121832867849451,E,3
0.0,0.9942432533910301,1192.5,13.72549019607843,-0.0022024473813019307,A,2
0.0,1.9796146064333242,950.5,13.72549019607843,0.0006802721088434993,E,2
21.0,3.6375556624910397,948.0,12.941176470588236,0.67939294782391,I,2
46.0,0.48664386228459877,2072.0,19.607843137254903,0.11289452124935995,G,3
16.0,0.876140408615389,3005.5,16.470588235294116,-0.09091904664064099,C,3
24.0,1.7428060980966007,2528.0,28.235294117647054,-0.35638123868951677,A,3
17.0,4.723888998072555,947.0,12.941176470588236,0.917985604283774,B,2
28.0,1.339161768293304,1809.5,21.96078431372549,-1.1769361653887376,H,3
15.0,1.4335298932844094,1546.0,22.352941176470587,-0.5626884722776226,E,3
0.0,0.9868289859203164,950.0,14.117647058823527,-0.003240522401596224,D,2
20.0,1.2997544233775333,1254.0,14.117647058823527,-0.1740543717152414,H,2
0.0,9.494902332220732,0.0,0.0,0.002786177105831511,B,1
17.0,0.5284972563857552,945.0,12.941176470588236,0.005380299924479415,C,2
0.0,2.2575806603270303,946.0,14.117647058823527,-0.009117263843648193,J,2
16.0,0.7908947240449846,964.0,14.117647058823527,0.1151432714366099,C,2
0.0,2.0006261314343012,951.0,13.72549019607843,-0.0007090090090089984,C,2
0.0,1.0605627424049164,953.0,13.333333333333334,0.0019934829236100127,B,2
44.0,1.9904309608313637,2748.0,65.88235294117646,0.016192393009792805,I,3
0.0,9.06880981135501,0.0,0.0,0.0014244926744924058,A,1
0.0,1.2874508199610253,944.0,14.117647058823527,-0.0002585034013605769,J,2
1.0,4.507619832030513,1005.0,12.941176470588236,-1.8331047531678228,A,2
0.0,1.0296754728092037,953.5,12.549019607843135,-0.0003696975696678706,A,2
0.0,9.496049562964178,0.0,0.0,0.005216386717062038,E,1
27.0,0.8935544348123046,1666.5,34.509803921568626,0.22108459956472265,E,3
15.0,0.9795027646999329,948.5,12.549019607843135,0.0030207721471672833,C,2
24.0,1.8065748850945134,2397.5,22.352941176470587,-0.1846033074724377,J,3
0.0,9.471226473088734,0.0,0.0,-0.030698757763975182,B,1
0.0,9.473213573818088,0.0,0.0,-0.7529954901729095,C,1
0.0,1.5978452349126193,949.5,14.117647058823527,-1.1326855915476606,C,2
0.0,1.5785080136538197,951.0,14.117647058823527,0.002152081171451603,G,2
0.0,9.460568036856488,0.0,0.0,0.7139950623626452,E,1
16.0,1.90233573826229,948.5,12.549019607843135,0.019211569569116405,F,2
0.0,0.4219318130805253,949.0,13.333333333333334,-0.004531557182563817,I,2
0.0,9.544445160653163,0.0,0.0,1.561912625441817,J,1
20.0,2.1976971520535344,1253.0,13.333333333333334,0.25395204650516834,C,2
0.0,1.1413023883868705,947.0,13.333333333333334,0.0914311753742807,F,2
28.0,1.8086184641289298,951.0,12.941176470588236,-0.2688200615174299,B,2
0.0,2.2550448057100283,952.5,14.117647058823527,0.00117056856187292,C,2
0.0,9.11732432860187,0.0,0.0,0.0003886371558032842,H,1
7.0,1.7278710957165793,951.0,13.72549019607843,0.007596885020613786,C,2
58.0,1.7497389752569976,2474.0,29.41176470588235,-1.9935209651898735,E,3
0.0,9.52785143568371,0.0,0.0,2.111243443623218,A,1
0.0,1.1675580553560625,948.5,13.333333333333334,0.0054089242826442785,B,2
0.0,9.068448819000631,0.0,0.0,0.0003446633323131998,C,1
38.0,0.7912942716477467,2419.0,23.52941176470588,0.28516025641025644,C,3
37.0,2.9890688793753,2336.0,24.705882352941178,1.464029372108942,D,3
40.0,1.4840570605748777,2493.0,25.49019607843137,-0.033566857291656316,D,3
41.0,0.9240703442041175,1741.0,13.333333333333334,0.07578585044387559,E,3
40.0,4.672853420994018,4061.5,88.23529411764706,0.5001964620852131,H,3
0.0,9.477740256859342,0.0,0.0,-4.035993118955972e-05,G,1
16.0,0.835363202769372,973.0,12.941176470588236,-0.029439684680012373,A,2
5.0,0.9228614571543384,1083.0,63.13725490196078,-0.11163052356448569,J,2
27.0,4.700380386078993,1968.0,14.901960784313726,-0.7387271421548323,D,3
0.0,9.47067262055133,0.0,0.0,-1.4579890434049725,E,1
0.0,2.00289345021921,949.0,13.72549019607843,-0.0005211920529801239,D,2
17.0,1.0093733200504873,1098.0,20.0,0.13272602903876507,C,2
0.0,9.493317344044252,915.5,17.254901960784313,0.0013743469174502948,F,2
0.0,9.533904225039405,0.0,0.0,1.39408201317437,F,1
14.0,0.9020832716451513,1331.0,10.980392156862743,0.024772195246613893,A,2
0.0,0.9824469734090631,951.5,14.117647058823527,0.00643333333333318,H,2
23.0,1.8760970512640434,2266.0,14.901960784313726,-0.8905421304287443,C,3
0.0,9.113021453066697,0.0,0.0,-0.005515436241611216,I,1
59.0,3.5776010820650623,3691.5,88.23529411764706,1.7949333609353129,J,3
0.0,4.3081266162805845,949.0,12.549019607843135,-0.0022174755069492846,H,2
36.0,0.9977761158330292,1558.5,13.72549019607843,-0.0366921043143853,H,3
33.0,1.6852139644227715,2046.5,18.823529411764707,-1.083081967213115,J,3
0.0,0.900462916761741,952.0,12.549019607843135,0.0016671021536281971,J,2
0.0,9.477169263414925,0.0,0.0,-0.7057698100881051,G,1
0.0,2.2389813642494674,943.5,13.72549019607843,-0.0011169864189997103,G,2
39.0,2.0843746743751015,2452.5,88.23529411764706,0.09414156142118912,D,3
0.0,0.5486526089770923,949.0,12.549019607843135,-0.0011458481697762535,H,2
6.0,1.156098228413671,947.0,12.941176470588236,0.023184964398079155,A,2
0.0,3.09262002662986,947.0,12.549019607843135,0.0005809974095991599,G,2
0.0,9.458654193435175,0.0,0.0,-0.7192630822746522,F,1
12.0,1.4164663232859747,959.0,14.117647058823527,0.13382451412706198,B,2
0.0,0.5816264816667409,948.0,12.549019607843135,-0.0023596172880238075,A,2
0.0,1.0596583620816653,952.5,12.549019607843135,-0.0015706297959947602,A,2
1.0,2.0107399368522136,1411.5,19.607843137254903,0.14000040576181794,I,2
45.0,0.3966259277723959,1911.5,14.509803921568627,0.0686557485824587,F,3
0.0,1.03516831405089,944.0,12.941176470588236,-0.0005816384823156273,G,2
0.0,9.486639828514594,0.0,0.0,0.7351223222922398,C,1
0.0,9.068334564031186,0.0,0.0,0.000750343563902689,F,1
35.0,0.7360631758608848,2206.0,15.294117647058822,-1.4957054704003165,D,3
0.0,5.126234336923096,949.5,12.549019607843135,0.004948063813338344,F,2
17.0,3.219136082409174,1698.0,87.84313725490196,1.0365077943750256,G,3
21.0,3.1851476066194078,2079.0,17.254901960784313,-0.18526580350342758,J,3
26.0,1.0461354201955877,2603.0,20.7843137254902,0.10599841353781059,E,3
0.0,9.49484567384181,0.0,14.117647058823527,-0.0004509140148951027,H,1
0.0,9.466132410960476,0.0,0.0,-1.3922457627118645,J,1
26.0,3.250065248265187,952.0,12.941176470588236,0.05793080010947893,H,2
0.0,4.746590501191923,953.5,12.549019607843135,0.0020858198351803026,F,2
64.0,0.7004065362430341,2167.0,15.294117647058822,-0.06635754749126849,B,3
0.0,9.06718167487982,0.0,0.0,-0.0005199527998285269,H,1
0.0,9.455242585889563,0.0,0.0,-0.7368169388273998,C,1
0.0,1.6960531667546794,956.0,19.607843137254903,0.023465082283107064,C,2
56.0,1.8319171182189182,2357.5,27.84313725490196,-0.11100139891558514,E,3
0.0,2.5617806348444643,1211.5,13.72549019607843,1.990239352546966,H,2
0.0,9.039503751855863,0.0,0.0,-0.009871195173208669,G,1
57.0,1.1670421536021085,2473.0,15.294117647058822,0.019902425025111192,I,3
48.0,1.0294345407226302,2042.5,14.901960784313726,-0.11628270348837214,A,3
0.0,0.5714375703799641,950.0,12.941176470588236,-2.5705820843491267e-05,J,2
0.0,2.049888809817097,948.5,14.117647058823527,-0.0023607470320273216,F,2
0.0,0.48340099442555384,948.5,12.549019607843135,0.00030302336234527827,I,2
5.0,1.9333931685861967,949.0,13.333333333333334,-0.05864227336153621,E,2
32.0,2.2214431516131397,2156.0,27.058823529411764,0.018460790801555105,F,3
16.0,3.633044249662467,2952.0,16.07843137254902,0.032886912219159736,G,3
0.0,0.5841011509331084,948.0,12.549019607843135,-0.0009373256356824955,D,2
0.0,9.483057860398832,0.0,0.0,-0.0009386043995672222,E,1
0.0,9.529647919159032,0.0,0.0,0.6931216259129884,F,1
53.0,2.8700273833741172,2251.5,15.294117647058822,1.207523760448872,F,3
0.0,1.057792196073143,940.5,13.333333333333334,-0.0014445086448285904,D,2
0.0,9.068475299106392,0.0,0.0,-0.002068716331625531,G,1
0.0,1.0545823156446819,951.5,12.549019607843135,0.0005182486616166493,H,2
0.0,3.2604287662927187,1682.0,18.431372549019606,-0.027454875780737686,F,3
0.0,3.108512545686742,958.0,12.941176470588236,-0.0016596122468572894,G,2
38.0,0.6012361500805231,2355.5,21.56862745098039,-0.21745570247304036,J,3
0.0,1.6096784849153298,1207.5,16.07843137254902,-0.01635896923025637,H,2
42.0,3.008533344304915,1799.0,14.509803921568627,-0.5709667178699438,E,3
0.0,8.31736407479832,0.0,0.0,-0.0007803411219557965,E,1
15.0,1.793523057177574,1547.5,11.76470588235294,-0.6290712074303405,E,3
14.0,2.3660547032951307,1576.5,29.80392156862745,0.3096035269453694,G,3
31.0,4.823122699115612,3123.0,26.666666666666668,0.23706481508608457,A,3
0.0,2.869071139234464,946.0,12.549019607843135,0.0072776459753538525,F,2
0.0,9.492759972722883,0.0,14.117647058823527,-0.005456216882879596,B,1
0.0,9.492947843325345,0.0,14.117647058823527,-0.005715288001472203,B,1
0.0,9.070042720249702,0.0,0.0,-9.372071227975454e-06,I,1
0.0,0.5965088049158872,943.5,12.941176470588236,0.0006053840017122836,H,2
0.0,1.6527140662784228,0.0,0.0,0.002210009701535176,B,1
46.0,3.859432529511568,2843.5,24.705882352941178,0.9634779712013755,G,3
18.0,1.896017636560544,1796.5,14.509803921568627,1.904545950782998,A,3
44.0,1.9964410223268605,1880.0,14.509803921568627,0.18659257409257402,B,3
2.0,1.443358101395642,1169.5,12.15686274509804,-0.6984014797507789,B,2
23.0,4.787713746276509,2332.0,23.137254901960784,0.0013089300740922738,C,3
51.0,4.269974842608545,3213.0,17.647058823529413,0.05910794979079448,F,3
0.0,1.7324764598658078,947.5,14.117647058823527,-0.0023921542042347754,G,2
53.0,1.0647805841538096,2230.5,14.901960784313726,0.09844878740970053,D,3
14.0,2.0618043691498484,2613.5,35.294117647058826,0.031185409711839723,I,3
46.0,1.2946072755435591,1970.5,14.509803921568627,-0.4854529909490257,I,3
2.0,0.5539778427575361,955.5,12.549019607843135,-0.0017722639641214455,H,2
16.0,1.3172364993046988,1635.5,21.56862745098039,0.1908507375776398,A,3
0.0,1.6101591341311818,948.0,14.509803921568627,-0.0034797297297297636,D,2
0.0,0.6050012986441091,937.5,13.333333333333334,0.0003223898254954838,G,2
0.0,2.7279077927911817,954.0,12.549019607843135,0.03343025455615534,C,2
45.0,0.10825622123179027,2780.5,17.647058823529413,-0.5636322347266881,G,3
0.0,9.114344931172552,0.0,0.0,1.0946722334946155,E,1
89.0,2.0875250139245476,2988.0,16.862745098039216,0.06280822478905557,H,3
0.0,9.46740712026883,0.0,0.0,-0.7711605272257593,B,1
21.0,1.5339198928284807,2089.0,18.431372549019606,0.021204183635690543,E,3
0.0,0.6010252402515326,950.0,12.549019607843135,-0.705803278841141,H,2
43.0,4.6960044616628585,2655.5,18.823529411764707,-1.7121712871461852,J,3
31.0,1.5581216612289162,1962.0,23.137254901960784,0.008163780663780651,D,3
12.0,1.8839697287314763,988.5,19.607843137254903,0.09539485541082993,B,2
39.0,0.38850994482839385,1677.5,16.07843137254902,0.07996847812381797,D,3
25.0,4.611545610142023,2609.0,26.666666666666668,0.4802936425221471,F,3
4.0,5.101855585195672,947.5,14.117647058823527,-0.6545691333982475,H,2
48.0,1.8961224433842354,2023.0,14.901960784313726,-0.006865220774965208,A,3
0.0,2.0661613031369988,960.5,13.72549019607843,0.0010509615933345096,C,2
29.0,2.2817060227666697,2936.0,23.52941176470588,-1.4566085788274694,G,3
92.0,3.961279655053118,3081.0,88.23529411764706,0.9925817545430496,B,3
21.0,0.9595018416156276,1319.0,14.117647058823527,0.05365463747386945,J,2
3.0,1.6512037252854053,1691.5,19.215686274509803,0.29010379233886374,B,3
70.0,0.7251323242936328,949.5,12.941176470588236,0.16486780518659078,E,2
51.0,1.0859054117798526,3156.0,17.647058823529413,-0.034025974025974015,J,3
0.0,1.7253190555460969,0.0,0.0,0.008912552329058403,B,1
18.0,1.6824942312075806,1197.5,14.509803921568627,0.36986247114083326,I,2
0.0,1.7320965598779565,948.0,14.117647058823527,-0.0008327989005955105,C,2
23.0,3.610760651049859,2280.0,22.745098039215687,-0.3286075949367091,A,3
42.0,0.986564241622328,2663.0,18.823529411764707,0.048589508399464076,C,3
42.0,1.813099461620189,1793.0,16.862745098039216,0.0400652115019932,H,3
0.0,9.067882116425226,0.0,0.0,9.580339477244237e-05,I,1
17.0,1.9163456008080375,1789.5,25.098039215686278,0.23858312816522306,I,3
45.0,2.0534442059652425,1912.0,14.509803921568627,0.08211419015766919,G,3
48.0,1.2083844935602064,1601.5,13.72549019607843,0.1619585762043546,H,3
0.0,1.6881912771328005,951.0,14.117647058823527,-0.00023000740466488923,D,2
0.0,4.221586639721466,1096.5,52.15686274509804,-0.0540158249795093,F,2
0.0,2.0938587243905555,948.5,14.117647058823527,0.0010381791826428177,F,2
0.0,9.516896237340417,0.0,0.0,-2.094455777120504,E,1
57.0,1.5459598578508327,1911.5,14.509803921568627,-0.05842050813935801,G,3
0.0,9.06691671713436,0.0,0.0,0.0006412107145217227,D,1
19.0,1.4856999754998053,938.5,13.333333333333334,-0.40515574548907884,G,2
0.0,2.250512099842472,944.0,14.509803921568627,0.007979797979797976,G,2
0.0,9.479039419016738,0.0,0.0,-0.7957673482434499,B,1
53.0,4.254986910398561,2243.5,21.56862745098039,0.6955930973451334,A,3
42.0,0.6146928080519566,1776.5,14.117647058823527,-0.0027741873865843036,I,3
4.0,0.45822264481605685,946.5,12.549019607843135,0.003532882882882893,A,2
6.0,0.7766703535460056,952.5,12.15686274509804,0.011388131411505076,J,2
33.0,3.1321640106682342,2071.0,25.88235294117647,-0.3343776053552412,J,3
15.0,0.9476927886301666,948.5,12.549019607843135,-0.07211519716437759,E,2
16.0,1.564262893242186,972.0,14.117647058823527,0.023866889632107,A,2
0.0,0.7820530264986584,949.5,12.549019607843135,-0.004057739916584091,I,2
39.0,3.937199469271918,3878.0,26.666666666666668,0.09537814822833202,B,3
0.0,8.1546133830293,0.0,0.0,0.0059549010584452056,I,1
42.0,5.129302984585138,2675.0,26.274509803921568,-1.5929729861043636,D,3
38.0,2.0778576164352343,2415.0,30.588235294117645,-0.04485037765521538,E,3
38.0,1.0394834003897946,2367.0,15.68627450980392,0.021227648292021173,G,3
43.0,4.040626893762004,2659.0,25.88235294117647,-0.31525157232704404,F,3
33.0,1.1410582109563223,1033.5,14.117647058823527,0.054828727540191205,I,2
3.0,0.7107607687917594,1145.0,14.117647058823527,0.24353401898734173,I,2
18.0,2.899718091812637,1811.0,20.392156862745097,0.37066073282895706,C,3
17.0,4.267654996348004,3132.5,20.392156862745097,-0.1644647607369243,I,3
0.0,1.587519071790052,952.0,13.72549019607843,0.003681496955420291,D,2
0.0,0.22743019245158136,946.0,12.549019607843135,0.7133710841086007,D,2
11.0,4.197856324266473,1051.0,13.72549019607843,-0.33260956477732817,A,2
0.0,9.496844655252632,0.0,0.0,0.004469633164888687,J,1
67.0,0.9314729837105646,2836.5,25.098039215686278,0.07108456932484197,J,3
69.0,1.0390177094348734,2907.5,16.470588235294116,-0.6393949044585988,A,3
47.0,5.2476411440163435,2000.0,20.392156862745097,-1.3300414626098451,G,3
47.0,1.8997303388944726,2952.0,16.862745098039216,0.22890944815702086,F,3
20.0,1.3708413296947897,1918.5,25.88235294117647,-0.05819328936048174,G,3
0.0,9.491053657683928,0.0,0.0,0.0010428904582756582,A,1
14.0,1.7689839886349286,1415.5,20.0,-0.7727491273505236,C,2
41.0,0.8285179397009848,990.5,13.72549019607843,0.019997020843820407,H,2
41.0,1.8328272036832296,1731.5,17.647058823529413,-0.14382433356117508,J,3
0.0,1.0967332716769966,950.5,13.72549019607843,1.1271613091759203,G,2
1.0,0.2965121276990951,874.5,26.666666666666668,0.4271620415218341,I,2
4.0,1.0004014753724397,963.0,12.941176470588236,0.029767976797679785,F,2
0.0,1.5871207800637182,950.0,14.117647058823527,0.026922412456532888,C,2
0.0,1.052766750996777,948.5,12.549019607843135,0.0002488960980444599,A,2
28.0,1.969356466115093,2859.5,16.862745098039216,0.14127948733210333,F,3
0.0,8.855140823463982,0.0,0.0,-1.1188628977078345,D,1
0.0,1.3752714433009061,948.0,12.549019607843135,-0.0020709059946152353,H,2
0.0,0.8496019347860997,948.0,12.549019607843135,0.011823323779746486,F,2
0.0,9.500769164673132,0.0,0.0,-0.0723539664309174,B,1
34.0,1.0146789394585867,2147.5,14.901960784313726,-0.1328354700854702,E,3
0.0,1.4367324966337713,955.0,13.72549019607843,0.002391146196114788,D,2
0.0,1.9945723594879636,948.5,13.72549019607843,0.0020225907725907044,B,2
0.0,0.906282472866831,952.5,12.549019607843135,0.0006294144048377692,G,2
15.0,1.8055791600475635,1557.0,21.56862745098039,-0.06073828850336882,D,3
27.0,3.1446158684622674,2698.5,32.549019607843135,0.24801004103008178,B,3
48.0,1.885892202734766,1601.5,13.72549019607843,0.3151357220412595,F,3
0.0,9.482443361117754,0.0,0.0,-0.7687712170458649,C,1
57.0,0.993293022833645,2473.0,15.294117647058822,0.3519051779935276,C,3
18.0,3.163166564099497,1838.0,19.607843137254903,0.11898357499795198,A,3
0.0,1.0302813531017145,952.5,12.549019607843135,-0.0003124533673106722,I,2
0.0,2.0209739996594913,953.0,13.72549019607843,-0.0004980022831053699,E,2
50.0,0.23031931154562568,2128.5,18.431372549019606,0.2310211072120672,F,3
0.0,8.871234956065628,0.0,0.0,-1.230920408095127,A,1
19.0,0.7431868908067529,1885.5,22.352941176470587,-0.13153422772617818,E,3
12.0,2.2888342902916268,2207.5,24.31372549019608,0.0217249994423252,G,3
0.0,1.0551887273526408,948.5,12.549019607843135,-0.0015005567120104368,C,2
0.0,1.999609363604701,947.0,14.117647058823527,0.0035776547907298006,D,2
48.0,0.23065562527784259,2923.5,16.07843137254902,0.01670846394984321,F,3
1.0,1.360330949405467,1315.0,15.294117647058822,-1.0927374343991776,B,2
11.0,0.6771485109163454,950.0,12.941176470588236,0.06492685475444093,A,2
41.0,1.663771963910979,2612.0,15.68627450980392,-0.47323809523809524,C,3
0.0,9.115092371765487,0.0,0.0,-0.0017275747508307404,F,1
0.0,1.4443849759401892,1723.5,19.215686274509803,0.9863305540838236,J,3
23.0,1.6207332160443273,1512.5,14.509803921568627,0.2064317712093191,E,3
31.0,1.3113488099482753,1968.0,21.176470588235293,1.139777144601608,H,3
0.0,9.473797242391605,0.0,0.0,-0.008283704159704475,J,1
0.0,1.5393732574441896,945.0,13.72549019607843,0.002092852461979891,D,2
20.0,0.36536592450454713,959.0,13.333333333333334,-0.0566602564102565,F,2
0.0,9.065289852648679,0.0,0.0,-0.001993459955285548,E,1
0.0,1.7785168880761513,951.5,14.509803921568627,-0.0012881355932203298,G,2
0.0,1.2507163122379026,947.0,13.333333333333334,-8.942139099943347e-05,A,2
49.0,0.6162916866849997,2101.0,18.823529411764707,0.0868299168535312,B,3
0.0,9.489823302673686,0.0,0.0,-1.345177839407202,C,1
33.0,1.1032606203015527,2049.0,19.215686274509803,-0.20339910911285963,F,3
46.0,0.6194537657347386,1945.0,14.509803921568627,-0.07433667999835081,D,3
0.0,0.5190720322953796,947.0,12.549019607843135,0.0019054810446704762,E,2
0.0,1.4973461156697858,952.5,13.72549019607843,-0.0012834425334426053,E,2
33.0,1.317851726780109,3335.5,21.96078431372549,0.05999093400801181,D,3
25.0,1.8865113041911372,2563.5,20.7843137254902,-0.1957840283129264,H,3
66.0,0.8739838789186706,956.0,12.941176470588236,1.2946168669810842,H,2
0.0,0.7729107271286136,956.5,12.15686274509804,-0.0012958057395142664,J,2
0.0,9.068090304174994,0.0,0.0,-0.0013888372477328659,G,1
25.0,5.409503899555693,2609.0,26.666666666666668,-0.31690562613430107,D,3
7.0,0.6398920752197155,1156.0,17.254901960784313,0.23422503014227147,J,2
36.0,1.571352642064907,950.0,12.15686274509804,-1.5693091941782038,A,2
0.0,0.7365150635862486,942.0,14.117647058823527,-0.0019055205296817368,I,2
0.0,1.5991570868876888,951.5,13.72549019607843,0.001890364064277103,G,2
33.0,4.580343289770054,2091.5,27.45098039215686,-0.10917237197047314,F,3
0.0,1.0347110650055513,960.5,12.15686274509804,-0.0018522730170061896,B,2
27.0,2.4701687730371598,1667.0,14.117647058823527,0.11957075259125771,C,3
0.0,9.487676119282971,0.0,0.0,0.03208260850171729,I,1
4.0,1.3803911772139728,1192.5,13.72549019607843,0.0805136832015336,J,2
16.0,1.70426381305382,959.5,13.72549019607843,-0.1710504264712186,G,2
0.0,2.0133591234364334,951.0,13.72549019607843,-0.0029127946127946447,A,2
0.0,2.010157574539754,943.5,13.72549019607843,0.000753594503594468,E,2
36.0,0.8198190854080128,2279.5,19.607843137254903,-0.0152313891489275,D,3
0.0,1.062852425312241,947.0,12.549019607843135,-0.000118135376756201,H,2
3.0,1.8148877230902858,1691.5,19.215686274509803,0.08615859529878217,C,3
29.0,1.289107299124283,1860.5,30.980392156862745,-1.085096785393941,G,3
92.0,3.2864876411797734,3081.0,88.23529411764706,1.099705249031017,F,3
55.0,1.5895491032205384,3459.5,43.13725490196078,-0.6635423197492163,B,3
68.0,1.2404000775695463,2867.0,27.84313725490196,-1.064363571211397,A,3
48.0,0.9024116182490988,2961.0,16.470588235294116,0.015780118280284416,I,3
0.0,1.0522930134232402,1293.0,9.803921568627452,0.019942810457516336,B,2
16.0,0.48600677958099825,964.0,14.117647058823527,0.011180203326762561,I,2
8.0,2.384881256615798,958.0,12.941176470588236,1.563089145961553,E,2
0.0,9.438643122268584,0.0,0.0,0.00971217476938302,B,1
16.0,2.3889405384413505,2287.5,23.92156862745098,0.006513157894736832,H,3
50.0,0.6702872975830655,2138.5,14.901960784313726,-0.07944881561966616,G,3
0.0,1.197510665096163,949.0,12.15686274509804,0.002091490380552702,A,2
59.0,3.256967863189996,3691.5,88.23529411764706,-1.0189650683010856,D,3
55.0,2.7497750326615966,3440.5,18.03921568627451,0.9240079850157732,I,3
17.0,2.0587844843586782,1683.0,23.52941176470588,0.03228817999691791,D,3
51.0,1.7448866539469539,2162.0,88.23529411764706,0.05203945137925721,G,3
44.0,1.730779855736618,1892.5,19.607843137254903,-0.040889814582811324,F,3
0.0,2.008114544820871,951.5,13.72549019607843,0.007873754152823986,J,2
36.0,0.2680043033109557,1542.5,13.72549019607843,0.0082057251430242,J,3
0.0,1.6041851132651037,961.5,14.509803921568627,0.006881469684904995,H,2
32.0,1.0719555596864336,2008.0,14.901960784313726,0.08900336359514549,B,3
20.0,1.7521343246014331,2076.5,16.07843137254902,-0.023481921254512594,G,3
0.0,1.0615927370766143,946.0,12.549019607843135,-0.7090939337227546,J,2
0.0,9.455104102011111,0.0,0.0,-0.8404515677574964,E,1
0.0,1.7289162538458624,957.0,14.117647058823527,0.0020211864406780577,B,2
0.0,1.1351070735388227,951.5,13.72549019607843,-0.014697064046680003,B,2
16.0,1.5163356514485207,1631.5,16.862745098039216,-0.6813307012809954,C,3
1.0,6.18109874867032,1640.5,21.56862745098039,-0.09083868665238981,E,3
17.0,1.7578486859066522,2637.0,16.07843137254902,-0.33277663964846643,C,3
0.0,0.7368960954920968,949.0,13.72549019607843,0.0029088410444343404,H,2
14.0,2.6508315221437946,1419.0,27.84313725490196,0.9035850061285591,I,2
0.0,0.5047323383278501,921.0,9.803921568627452,0.1829959412485684,I,2
0.0,9.06871137268199,0.0,0.0,0.00039937664937639283,D,1
4.0,0.8700092198382443,1005.0,13.72549019607843,-0.2524942129078352,A,2
35.0,2.952496445395009,2173.5,18.03921568627451,0.2916300940438872,G,3
0.0,1.6593998673697594,0.0,0.0,0.008778096278096299,A,1
0.0,0.5718180577242917,950.0,12.941176470588236,0.005341087092731844,E,2
57.0,1.5473631866467668,1911.5,14.509803921568627,0.2412345326480106,G,3
0.0,4.300277117862948,949.5,12.549019607843135,0.006730769230768985,J,2
37.0,3.758509513318618,2314.0,15.294117647058822,-0.0771747936984244,B,3
16.0,5.6466331488111186,2157.5,23.92156862745098,-0.08693432385874278,F,3
0.0,1.606594689065177,948.5,14.117647058823527,9.873509873509212e-05,A,2
0.0,2.064372824502375,954.5,13.72549019607843,0.004328939108600216,H,2
26.0,2.30335960147047,1675.5,16.07843137254902,1.5434421447423254,I,3
52.0,1.2970544283689227,3234.5,17.254901960784313,0.3453117490580779,F,3
5.0,1.233237504295357,987.5,13.333333333333334,0.037970167010864586,A,2
12.0,1.1879014088619175,1057.5,12.941176470588236,0.16961282696952562,B,2
0.0,9.467869997436438,0.0,0.0,2.0741152268999454,A,1
34.0,2.396216577713015,2165.5,15.294117647058822,-0.10519219500761778,E,3
0.0,1.0556345553727982,948.5,12.549019607843135,0.005578586708667288,E,2
0.0,0.5864452287732808,951.5,12.549019607843135,-0.0003426003095606811,B,2
54.0,5.312781701153833,2270.0,21.176470588235293,0.2015755196131721,F,3
37.0,4.843457175804436,977.5,13.333333333333334,-2.2015619639160007,F,2
20.0,2.4019633404066867,2051.5,26.274509803921568,0.04934419248376448,D,3
9.0,0.7548305927041525,1711.0,21.56862745098039,-0.021756789971734025,J,3
0.0,9.527381629147206,0.0,0.0,1.412354565336249,H,1
41.0,0.7529324997598449,948.0,14.117647058823527,0.0671801075268818,I,2
0.0,2.177135573508617,951.0,12.941176470588236,-0.0009500625639859983,B,2
35.0,1.7437266449317388,2181.5,22.745098039215687,0.3489788192879677,A,3
45.0,1.4962784887331353,2840.0,22.352941176470587,-0.10437535513451024,H,3
0.0,9.470536890626153,0.0,0.0,-0.06686975393205,B,1
42.0,1.5062020775333058,2613.0,16.07843137254902,-0.11272647308610023,E,3
51.0,3.340120244148179,951.5,12.549019607843135,1.5310122831870645,H,2
51.0,0.8058296785726806,3146.5,16.470588235294116,0.046651829392854505,C,3
30.0,1.1670516694974387,1898.5,22.352941176470587,0.0048014373805801425,G,3
49.0,4.8716657581983265,4918.0,88.23529411764706,-0.5054244790126377,I,3
8.0,0.3792904174794213,953.5,12.549019607843135,-0.02726335592325299,B,2
42.0,2.712716692008602,4169.0,87.84313725490196,-0.009698338457840405,H,3
0.0,1.0433053925755753,956.0,12.549019607843135,-0.00015744404417405988,F,2
22.0,3.9409773831930925,2241.0,18.431372549019606,-1.1336272978493334,A,3
42.0,1.524367195816496,2587.0,16.07843137254902,0.06104006574892129,J,3
0.0,0.9892383579426578,947.0,14.117647058823527,-0.000513987449416442,E,2
5.0,1.9451634639452553,1083.0,63.13725490196078,-1.5604670393664104,D,2
0.0,9.068913336763385,0.0,0.0,0.0007618356611645005,E,1
0.0,0.5231544353044993,943.0,12.549019607843135,-0.0009617580420500094,C,2
0.0,1.9907359242885032,951.0,14.901960784313726,-0.0013220338983052082,B,2
0.0,1.5209075430689147,958.0,13.333333333333334,-0.005094857268275299,I,2
54.0,1.7636856988628231,1831.5,18.823529411764707,0.374696586091185,A,3
47.0,1.4082502368736975,2011.5,19.215686274509803,0.07298561507936485,H,3
0.0,0.912629742663875,955.5,14.509803921568627,0.0013155363155362698,C,2
17.0,2.0534975013803214,1267.5,9.803921568627452,-0.9444978142076509,H,2
24.0,1.7273210644828372,1484.5,87.84313725490196,-0.4687541958183363,A,2
60.0,1.6605145968474535,2034.5,14.901960784313726,0.10182463592233004,F,3
0.0,1.6996520135664828,950.0,13.72549019607843,-0.0038851351351351093,J,2
24.0,4.936009651925352,2375.5,87.84313725490196,0.49626404164710625,D,3
0.0,2.2345073391395482,943.5,13.72549019607843,0.006195286195286087,I,2
23.0,4.6644352104820435,2386.0,19.215686274509803,0.07890538435756356,E,3
10.0,0.5488909749951367,1961.0,17.647058823529413,0.0450608952601526,G,3
38.0,1.1000692242620849,2382.0,22.745098039215687,-0.1359942715218524,A,3
40.0,1.8833919647034822,2486.0,88.23529411764706,-0.13239915074309982,G,3
28.0,0.7302348247695806,1759.5,14.117647058823527,0.356115583310857,D,3
21.0,2.8458013273992058,952.0,12.549019607843135,0.9359698312023896,J,2
0.0,1.4866640700349774,0.0,0.0,0.027890006879944904,C,1
0.0,1.3826048640653945,950.0,14.117647058823527,-0.0032532532532532077,C,2
39.0,0.6305301809264892,2411.0,15.68627450980392,0.34606723738914946,F,3
37.0,0.5210134031680235,1597.5,13.72549019607843,-0.022588996763754088,D,3
50.0,1.634196807619994,1705.5,14.117647058823527,0.19037159614578972,F,3
0.0,2.9065597875905604,1723.5,19.215686274509803,-0.6927736623169412,J,3
4.0,0.7563167150035871,1192.5,13.72549019607843,-0.7171832674877991,G,2
0.0,8.870367016763531,0.0,0.0,-1.0577822195185547,F,1
0.0,0.7839723624716012,953.0,12.549019607843135,-0.7121564364876385,G,2
0.0,2.0087788502028876,947.0,13.72549019607843,0.001560846560846596,D,2
0.0,2.009970796023107,952.5,13.72549019607843,-0.0007640507640507832,J,2
3.0,1.5992703732806623,963.0,14.117647058823527,-0.04181281743993609,C,2
0.0,9.069496434946428,0.0,0.0,0.008392870478703962,C,1
0.0,9.525195521132572,0.0,0.0,2.778363210541292,I,1
0.0,0.5634248319759926,949.5,12.549019607843135,0.0005681474316046042,H,2
36.0,2.0442217321304614,2263.0,25.098039215686278,-0.01788374528697112,D,3
29.0,3.9616427972900725,1867.5,15.294117647058822,0.2417256506309149,A,3
18.0,3.2696556097933653,1838.0,19.607843137254903,0.12386429608127725,I,3
4.0,0.8175090046616041,961.0,13.333333333333334,-0.01691321118611383,F,2
0.0,1.7585213968999875,949.0,14.117647058823527,0.0027850801337483966,H,2
0.0,0.44229295021900267,961.5,14.117647058823527,-3.0311989514348783,C,2
2.0,5.0168387585714145,1801.5,15.68627450980392,0.3816967459666394,F,3
5.0,3.9479511589350746,953.5,12.549019607843135,0.024761266094420975,C,2
16.0,2.0428020709828347,1597.5,44.70588235294117,0.3799226783007661,F,3
0.0,9.070065203294039,0.0,0.0,0.00027655192703734954,H,1
0.0,1.4844657832185886,0.0,0.0,0.0006568565209505023,F,1
0.0,9.528305839471852,0.0,0.0,0.703531404310305,J,1
13.0,1.2994698954481017,1020.5,14.901960784313726,0.13981773080241583,E,2
0.0,9.489107324321926,0.0,14.117647058823527,0.00013629574309180492,C,1
0.0,1.8673405672155825,1086.5,26.666666666666668,-0.2079813301069241,I,2
6.0,1.9171646926590713,945.0,13.72549019607843,-0.10249967853928238,I,2
6.0,0.7620550502735536,948.0,14.117647058823527,0.016994949494949507,D,2
25.0,0.8695013649126789,1051.5,14.117647058823527,0.12311240380171598,B,2
33.0,5.505259633224273,3046.5,17.647058823529413,-0.2277377197122119,D,3
37.0,1.7332360060549938,2338.5,15.294117647058822,0.05477281061439479,G,3
2.0,1.6673145524783661,961.5,13.72549019607843,0.4576904214124084,J,2
33.0,3.374225289807188,2071.0,25.88235294117647,0.1718230008984727,F,3
54.0,1.9954448463682877,1831.5,18.823529411764707,-0.09850467289719622,B,3
45.0,4.317956337637325,944.5,12.549019607843135,-0.22238270749229638,B,2
0.0,1.7175359838976236,0.0,0.0,0.0035747346179000987,D,1
54.0,1.8282368966823268,1831.5,18.823529411764707,0.09360003930817601,H,3
46.0,0.9974680216657227,2915.0,28.62745098039216,-0.16794746646408093,D,3
0.0,1.9767164078804842,959.0,14.901960784313726,-0.00742486177268778,J,2
3.0,4.343174172778391,1673.5,23.137254901960784,-0.12079284757291558,D,3
0.0,9.52275906606349,0.0,0.0,1.408190180110781,G,1
0.0,2.017501742422873,954.5,14.117647058823527,-0.001983073038436478,F,2
21.0,5.325524299960238,2063.0,20.0,1.7145690220632082,E,3
0.0,9.06856394768908,0.0,0.0,-0.0023416145295511726,F,1
13.0,1.3442597290638538,942.5,14.117647058823527,0.019336124401914012,H,2
0.0,9.496172447133192,0.0,14.117647058823527,-0.00031189910643600327,E,1
0.0,9.115459961928961,0.0,0.0,0.00835460962007728,G,1
46.0,1.7984303113569602,1959.0,14.509803921568627,0.043226318484383075,J,3
47.0,1.2893429508796301,2936.5,25.49019607843137,1.0127452146478646,H,3
84.0,1.0430530236673208,2844.0,16.07843137254902,0.25144794537709847,A,3
7.0,0.8711598306656648,991.0,14.117647058823527,0.06513743383020676,I,2
11.0,2.660696689453314,1959.0,25.49019607843137,-0.9497053029143061,D,3
32.0,0.3419351265865646,1046.5,14.117647058823527,0.0190388428262437,A,2
0.0,1.036409908526439,948.0,12.941176470588236,-0.000500454486430324,D,2
24.0,0.7148265777578474,2444.5,24.705882352941178,-0.07555603197451832,F,3
64.0,3.652940815502285,2639.0,15.68627450980392,2.2300365566037734,A,3
0.0,9.117911898017647,0.0,0.0,-0.0007749597844028955,F,1
28.0,1.8895302965945138,2783.0,33.72549019607843,-0.002634920634920601,E,3
0.0,9.451753635469988,0.0,0.0,-1.3966454777208646,F,1
54.0,0.942979881104415,956.5,13.333333333333334,-0.0685980453972257,I,2
13.0,3.24433264238494,2425.5,32.94117647058823,1.1438774891774894,A,3
0.0,9.545974238450107,0.0,0.0,0.002037084398976763,E,1
47.0,4.596205649955322,2010.5,18.431372549019606,0.6673747494989977,A,3
23.0,1.4008751916856674,949.0,12.549019607843135,0.14679427326486172,B,2
0.0,9.487300951253623,0.0,14.117647058823527,0.0008850429154355008,I,1
46.0,1.9677560152854288,2881.5,18.823529411764707,-0.05456651908075094,E,3
10.0,1.6839232325027735,942.5,14.509803921568627,0.005366004415011005,F,2
0.0,9.490873134921578,0.0,0.0,-0.6875365344467641,G,1
49.0,3.871096471357481,1014.5,13.333333333333334,-0.9489911249439356,C,2
0.0,0.8003955077420648,950.5,12.549019607843135,-0.7174860180042137,C,2
0.0,1.9797742041591964,950.5,13.72549019607843,-0.007601923957856194,C,2
0.0,1.610125813923887,942.0,13.333333333333334,0.002525252525252486,B,2
0.0,2.2325180857275404,947.0,13.72549019607843,0.001076564854129325,F,2
51.0,0.880628653543428,3156.0,17.647058823529413,0.2025196041822256,H,3
3.0,1.7210899332175618,1141.5,14.117647058823527,0.006936516026730066,H,2
0.0,2.0073173283155508,947.0,13.72549019607843,0.0015491627991627843,F,2
0.0,0.778790418907998,947.5,12.549019607843135,0.0012611115481434565,F,2
0.0,1.8168918842391408,1162.0,16.07843137254902,-0.011428525205461781,A,2
41.0,0.7545052011106231,1729.5,14.901960784313726,0.019809019599811684,H,3
0.0,9.46974098702826,0.0,0.0,-0.7341316150873495,C,1
0.0,9.47930536949032,0.0,0.0,-0.04482344326318072,C,1
6.0,5.21331794730877,955.5,12.941176470588236,-0.8246384412801859,G,2
0.0,9.748284698952354,0.0,0.0,-2.7977528456801646,J,1
0.0,1.6126026596431318,946.5,13.72549019607843,0.0013819015978484006,E,2
0.0,9.498292125980077,0.0,0.0,0.6749953715391735,A,1
8.0,4.998044439445317,958.0,12.941176470588236,1.3318719820872276,F,2
44.0,1.0290767685423654,2753.5,28.62745098039216,-0.03887349860476408,A,3
3.0,1.3395365159250423,956.0,13.72549019607843,0.0316085744161729,E,2
0.0,3.1595530449220335,953.0,12.941176470588236,-0.5553427203427201,A,2
0.0,9.526026004312005,0.0,0.0,-0.0024410728515709135,I,1
3.0,4.180090370379089,941.5,13.333333333333334,0.28350609756097567,J,2
41.0,1.8182398214685795,2545.0,33.333333333333336,0.13898228628011888,H,3
0.0,9.068009556464705,0.0,0.0,-0.0006826401446655694,C,1
51.0,2.131641573890941,3157.5,88.23529411764706,0.1183946722747985,B,3
2.0,4.002732940864697,950.5,12.941176470588236,-0.6798632885405005,F,2
52.0,3.116506195795255,2199.0,14.901960784313726,0.03308328619909506,G,3
47.0,1.734994894401608,2928.0,24.31372549019608,-0.09188118811881185,G,3
0.0,0.7153844154771426,1184.5,13.72549019607843,0.10407987227294159,F,2
18.0,4.456473164340343,1818.0,18.823529411764707,-0.487074160068266,I,3
6.0,0.6557855457082977,956.0,13.72549019607843,-0.0030847692612397948,I,2
0.0,1.0240108147299936,953.0,12.549019607843135,0.0027963421342133143,B,2
23.0,5.515400718985301,1460.0,19.607843137254903,-0.4346292585170346,B,2
1.0,0.8653366839618616,1143.5,16.07843137254902,0.136841070837471,G,2
0.0,0.7324560179936985,948.0,13.72549019607843,0.250521940718662,E,2
0.0,4.284979811355443,945.5,12.549019607843135,0.42864890494095853,G,2
49.0,0.8288789130680435,949.0,13.72549019607843,-0.1239174723040538,C,2
0.0,3.031290940445176,942.5,16.862745098039216,-0.06768055555555563,A,2
0.0,1.5624722431446445,950.5,12.549019607843135,0.00185968807237602,C,2
19.0,1.4694291965580686,2488.0,19.215686274509803,0.45247648902821314,I,3
0.0,1.6164900683487433,945.5,13.72549019607843,0.0007493128721943049,A,2
21.0,3.980638566345622,2181.5,22.352941176470587,-0.34222677181275907,I,3
0.0,1.102418860881646,948.0,13.72549019607843,-0.001859972041006519,E,2
53.0,1.8071420802977578,2431.0,15.294117647058822,-0.14022865702438359,F,3
0.0,0.7793337796852788,948.5,12.549019607843135,-0.0020333702172268264,H,2
0.0,9.065639599725552,0.0,0.0,-0.0012829003226353386,G,1
21.0,1.9499070139462855,2167.0,22.745098039215687,0.4790758192332407,H,3
0.0,9.48935893070282,0.0,0.0,-0.0022642533936652054,J,1
0.0,0.8498158391138785,948.0,12.549019607843135,-1.0988195353311632,D,2
0.0,2.0096830677786888,956.5,13.72549019607843,0.003003003003002991,F,2
55.0,1.0464474356450362,2348.0,18.823529411764707,0.002361873269295267,G,3
1.0,1.7552387356630361,949.0,14.117647058823527,0.04225770066855339,D,2
0.0,1.5879605490967281,950.5,13.72549019607843,0.009304873054873097,E,2
0.0,0.5171486753974173,945.0,12.549019607843135,0.0013065735226751585,E,2
51.0,3.3219012975686995,2165.0,15.68627450980392,-0.310404013177598,E,3
1.0,2.7011408154009993,945.5,12.549019607843135,2.102289192971698,D,2
52.0,2.691284011330571,2199.0,24.705882352941178,-0.8454132930746006,F,3
26.0,0.3711308534082858,938.5,14.117647058823527,0.1142436708860759,E,2
36.0,1.0482382017381426,950.0,12.15686274509804,1.0997274948317985,J,2
0.0,0.5610155266964476,952.5,12.549019607843135,0.001521912117488644,I,2
0.0,9.464122629815684,914.0,17.254901960784313,0.0024374102195772046,E,2
33.0,1.5734775943932553,2097.0,44.31372549019608,0.028202849093289906,I,3
29.0,1.809706924130189,2121.5,14.901960784313726,0.006307175396285503,H,3
40.0,0.8985971826860427,967.5,13.333333333333334,0.08050105485232062,E,2
2.0,1.8583598421604972,1442.5,17.254901960784313,0.13219143368682001,F,2
0.0,4.036849006662081,1079.0,13.72549019607843,1.0918352422740136,H,2
40.0,1.0019944743305622,2530.0,18.03921568627451,-0.07862904985814329,F,3
5.0,0.6717228316132231,948.5,13.333333333333334,0.050764374096272505,E,2
0.0,1.9619064560416668,0.0,0.0,0.0007490615402115999,E,1
43.0,1.5749529417884318,1847.0,14.509803921568627,0.10927338484300511,J,3
49.0,4.223149633432643,952.0,12.941176470588236,-0.015031185031184613,F,2
0.0,1.7441372987141106,957.5,12.549019607843135,0.0015896900034831907,G,2
14.0,1.7062375653382906,1478.0,18.823529411764707,-0.032796052631578976,C,2
3.0,4.184607854460001,1894.5,28.235294117647054,0.30833140673981174,F,3
0.0,0.5403592792822536,958.5,12.549019607843135,-0.001312754661069282,E,2
0.0,0.5877464731930395,959.5,12.15686274509804,-0.0016464891041161334,C,2
41.0,0.9666270986264321,1732.5,19.607843137254903,0.10034231845325092,H,3
0.0,9.00945262945384,0.0,0.0,-0.019913388035625257,A,1
0.0,9.487047290027862,0.0,0.0,0.014815516096758186,F,1
0.0,9.441311711382523,0.0,0.0,0.028285424092599043,J,1
51.0,1.552879882560592,2180.5,20.7843137254902,-0.410604099244876,J,3
36.0,4.679593440035018,2278.5,18.431372549019606,-1.4264908722109526,D,3
9.0,1.5151482477856124,1798.5,23.52941176470588,-1.1264686468646865,F,3
107.0,1.5399917633370381,3600.5,44.31372549019608,0.3265687217081279,A,3
0.0,1.6410528281063528,947.5,14.509803921568627,-0.0006568729362846915,H,2
0.0,9.470186050994684,0.0,0.0,-1.5346751655794035,H,1
0.0,9.492562685313441,0.0,0.0,0.005333333333333412,F,1
0.0,8.198226616128482,0.0,0.0,-0.015763888888888467,F,1
1.0,2.7123298916202994,1188.0,12.549019607843135,0.04570950015055719,D,2
0.0,9.454840832251351,0.0,0.0,-0.01592404557637006,I,1
0.0,1.231297897761362,948.0,13.333333333333334,0.0014450721908350062,F,2
27.0,0.6306180403228039,949.5,12.15686274509804,-0.23600911328759228,I,2
0.0,1.5422529437442454,0.0,0.0,-0.004971675577294998,G,1
0.0,9.069392090531874,0.0,0.0,-0.0003765127745407604,D,1
0.0,0.9511950192935031,949.0,13.72549019607843,-0.00024867560703739633,A,2
0.0,9.487030008576246,0.0,14.117647058823527,0.001242586938975998,E,1
0.0,0.600905575005674,949.5,12.549019607843135,0.0008376109132047782,I,2
17.0,1.5239682044855882,1716.5,14.901960784313726,0.02233666788875499,F,3
45.0,1.8721395218246788,1919.5,18.823529411764707,-0.049640493724717294,F,3
38.0,1.9534362862093309,2396.0,27.058823529411764,0.13582410423452768,G,3
0.0,1.6141930227917456,945.0,13.72549019607843,-0.008491053883545402,F,2
3.0,5.813363611636201,1622.5,22.352941176470587,-1.4921234998064263,F,3
13.0,2.588817843808064,2410.5,22.745098039215687,-0.9384410488958995,D,3
0.0,1.592968251676461,946.0,13.72549019607843,-0.0009693877551020108,G,2
1.0,1.5636589904655807,1429.5,17.647058823529413,-0.00933055070212907,F,2
36.0,1.9235557811146358,2268.5,22.352941176470587,-0.00989846141120021,G,3
49.0,0.16050372384903364,2101.0,18.823529411764707,-0.17890382317801662,H,3
20.0,1.876402586112478,2000.5,14.901960784313726,0.10881081408986132,B,3
0.0,0.5442746877811775,951.5,14.117647058823527,0.004196099022439115,C,2
47.0,1.6422061070520033,2917.0,16.470588235294116,-0.5357196111027154,A,3
13.0,4.640289323982119,1326.5,13.72549019607843,-0.7901494211432913,D,2
25.0,1.8258870269421956,2504.0,24.705882352941178,-0.20144136807817592,B,3
0.0,1.6845343746724288,0.0,0.0,-0.0015283459964933188,F,1
33.0,4.857661482852825,2091.5,27.45098039215686,-0.4463469374063562,C,3
0.0,1.3954071011285274,950.0,14.117647058823527,0.003918918918918934,C,2
16.0,1.7692843831381153,1641.5,18.431372549019606,0.0381391962725684,I,3
11.0,4.140382695909125,1959.0,25.49019607843137,0.038262295081967324,D,3
16.0,1.475486138065712,1631.0,14.509803921568627,0.5924807081984118,B,3
0.0,1.935020361433171,1489.0,16.862745098039216,-0.16489854643166957,C,2
18.0,2.495454352636725,1838.0,19.607843137254903,-0.1284131438579731,A,3
0.0,2.00914984056869,942.5,14.117647058823527,0.0013502176673317878,H,2
31.0,0.7376372829229401,948.5,12.15686274509804,0.8697290408841163,G,2
0.0,9.40516406979907,0.0,0.0,-0.7061159257795627,J,1
0.0,0.7870819350832433,1583.0,18.431372549019606,-0.05235084253809569,F,3
34.0,6.185808896460849,2142.0,28.235294117647054,-3.921387804900765,I,3
20.0,2.423655515462063,1093.0,14.509803921568627,-0.9968057919845321,B,2
25.0,4.599434078149927,2572.5,37.64705882352941,0.3821928454112087,I,3
43.0,4.366784893242954,2673.0,88.23529411764706,0.5031661506707945,E,3
39.0,0.35557703169262606,2449.5,15.294117647058822,1.2487921509542257,I,3
0.0,9.510312695885052,0.0,0.0,-0.008812901649817517,D,1
32.0,0.8281606882238438,1357.5,13.333333333333334,0.041185953293830596,E,2
0.0,9.467956260192956,0.0,0.0,0.10015543357289725,H,1
22.0,0.561151507654516,955.0,12.941176470588236,0.1342375168690958,I,2
0.0,1.6212884217266734,0.0,0.0,0.002289218717790087,D,1
0.0,1.8289682638678846,950.5,14.117647058823527,0.16402037800420008,C,2
42.0,0.428854403508095,1779.0,14.117647058823527,-0.09926192549588779,J,3
52.0,2.155320871717783,2199.0,24.705882352941178,-0.9757205039634206,I,3
0.0,9.596571171635556,0.0,0.0,-1.4426572275571072,G,1
0.0,2.2108956153217254,1213.0,16.862745098039216,2.4110623873680597,B,2
34.0,2.1403399325617345,954.5,13.72549019607843,0.6347318611987383,E,2
0.0,9.06817168396818,0.0,0.0,-0.0006711439885518367,C,1
0.0,9.460013076838285,0.0,0.0,-0.052476166403571084,A,1
0.0,1.2040413406421002,955.0,13.333333333333334,0.0017923544349718878,A,2
0.0,1.056444876595522,949.0,12.549019607843135,-0.0019070904645477338,C,2
0.0,0.45137557070168965,949.5,14.117647058823527,1.107496318114875,H,2
51.0,1.2450985027966202,2180.5,20.7843137254902,-0.04755818007495852,C,3
0.0,1.7457896428486321,0.0,0.0,-0.004191342990215001,D,1
27.0,0.9802372521951506,1181.0,14.509803921568627,0.30258418224444483,D,2
0.0,0.5922947398544243,946.0,12.549019607843135,-0.001477170156088281,J,2
50.0,4.496566590214514,5020.5,87.84313725490196,0.24992602575621448,B,3
0.0,5.594439232636672,1096.5,16.470588235294116,0.011967331118494684,C,2
0.0,2.0621269362114067,941.5,13.72549019607843,-0.00030303030303024947,H,2
0.0,0.9860126274209313,951.5,13.72549019607843,0.004453544453544622,J,2
15.0,1.871598589441657,1254.0,13.72549019607843,-0.007924183006535856,G,2
18.0,1.6226235215168738,1066.5,14.117647058823527,0.11736038627491263,D,2
19.0,1.0019728490894144,1933.0,14.509803921568627,-0.6153133037175591,H,3
55.0,1.5362474539345885,1837.5,14.509803921568627,-0.06857694341618181,E,3
34.0,0.5297002427695676,2132.0,19.215686274509803,0.027570271109563615,E,3
62.0,1.8243630092155596,2638.5,36.86274509803921,-0.017850375763769098,B,3
46.0,3.8617542646230896,2901.5,20.392156862745097,-0.8077304156219134,E,3
0.0,1.578166196588656,949.5,12.549019607843135,0.0010082625707625859,G,2
0.0,9.626358596361815,0.0,0.0,-1.671071604987058,E,1
0.0,9.907359855234443,0.0,0.0,-3.4955657796336985,A,1
35.0,0.6339972690501225,1484.0,13.72549019607843,0.053516788766788836,J,2
35.0,0.9112346669838788,2164.5,15.294117647058822,0.6200466295656137,D,3
0.0,1.9779682177962046,952.5,13.72549019607843,0.0009019003595274189,H,2
0.0,9.448825752798172,0.0,0.0,0.1057435675652588,A,1
34.0,1.3449981305124543,1071.0,12.941176470588236,0.0987200968899653,E,2
0.0,0.5985459766970899,939.5,12.941176470588236,0.0005448898927159496,G,2
12.0,4.740137685678,2257.0,22.745098039215687,-2.105945777037081,C,3
0.0,9.072028810955612,0.0,0.0,0.0007717503735205078,G,1
14.0,2.080102858272905,1491.5,20.7843137254902,0.037674362674362694,F,2
0.0,9.114932336970584,0.0,0.0,-0.0006461221216631508,D,1
1.0,2.505867770369335,1100.0,14.117647058823527,-0.03689282042958397,E,2
40.0,2.507196271418941,2491.0,23.137254901960784,2.0063724838002313,H,3
0.0,9.492190817405724,0.0,0.0,0.00015530808006003483,C,1
47.0,1.1670474335492302,2011.5,19.215686274509803,0.0385609901129802,E,3
21.0,1.8488200114462738,2081.5,24.31372549019608,-0.1261612201770237,F,3
38.0,1.807149775875617,2394.0,44.70588235294117,0.011989736070381313,J,3
31.0,1.287229688780168,1962.0,23.137254901960784,-0.06937085713691105,C,3
0.0,1.4432030156149418,0.0,0.0,-0.000549158249158313,E,1
0.0,1.4568976865397771,951.5,12.15686274509804,0.8349397608005859,D,2
28.0,2.2181994214880287,1523.5,14.509803921568627,0.09020733304233974,H,3
46.0,4.126933669661417,2850.0,29.41176470588235,1.636790449865801,B,3
0.0,9.492318275600855,0.0,0.0,0.003679396197754703,D,1
50.0,1.0701069252972666,1703.0,24.31372549019608,0.25083067092651756,F,3
28.0,0.42451031660666017,961.0,12.941176470588236,0.048439247193484525,C,2
0.0,2.6839061738555494,1198.0,14.117647058823527,0.3842530217566479,J,2
0.0,1.126382564212648,941.0,13.72549019607843,-0.00012933937071868407,C,2
0.0,8.058209325897144,0.0,0.0,-0.0007635894928665898,I,1
3.0,1.6971139286909678,1225.5,23.92156862745098,1.0172312703583062,B,2
49.0,1.6625485799545292,2065.5,21.56862745098039,-0.04361007969079095,H,3
53.0,0.7845431163282132,2259.0,21.176470588235293,0.5877782800884066,B,3
79.0,1.362439810294517,2662.5,15.68627450980392,0.008272766439227697,A,3
24.0,0.9820325308802473,1535.0,13.72549019607843,0.14418703007518796,J,3
0.0,1.6383789618956464,0.0,0.0,-0.001010101010100961,G,1
0.0,1.4083103433582658,954.5,12.549019607843135,-0.0021274466519499713,D,2
0.0,9.51636933122209,0.0,0.0,-0.0036000163321596723,G,1
29.0,4.129886040061122,1806.5,16.470588235294116,0.6655244659766577,E,3
0.0,1.958203465858971,0.0,0.0,0.0036846089530654033,F,1
58.0,0.9083464498296828,2444.0,15.68627450980392,0.012012300762300754,I,3
0.0,9.472807890958324,0.0,0.0,-0.0006818181818181168,F,1
25.0,0.3616258972155246,2514.5,21.56862745098039,-0.2175632911392405,I,3
0.0,9.489634773276933,0.0,0.0,-0.004465628956579981,J,1
47.0,1.2991798284758682,1582.5,14.117647058823527,-0.0839918143745505,D,3
0.0,2.1121715461894985,949.5,12.549019607843135,0.0051897046405168235,F,2
0.0,9.495017472823331,0.0,14.117647058823527,-0.005470672682526698,D,1
29.0,1.8413318149561093,2932.0,16.862745098039216,-1.5188373397435897,D,3
28.0,0.8562242233132178,1763.0,14.117647058823527,0.6735458194567883,B,3
0.0,1.146317797576703,949.5,13.72549019607843,0.013407493410317495,D,2
5.0,4.126616753713149,954.5,12.941176470588236,-0.22045250472589828,E,2
5.0,1.7143269505859642,950.0,13.72549019607843,-0.5678709428502532,H,2
0.0,1.7320566300893983,950.0,13.72549019607843,-0.0020337349957046946,J,2
50.0,3.755442255049509,2151.5,14.901960784313726,-0.7745546469708966,B,3
1.0,2.329479430279364,1105.0,13.333333333333334,-0.08726714987140505,C,2
1.0,1.8730191226121387,948.0,14.117647058823527,0.033799358090545406,A,2
0.0,9.116425203067624,0.0,0.0,1.9454601391383748,I,1
0.0,0.8329852708071941,945.5,12.549019607843135,-0.0007663749532729192,I,2
56.0,1.648521045794039,2357.5,27.84313725490196,0.4186109670325112,I,3
0.0,1.026086655556339,951.5,12.549019607843135,-0.0032052732401164352,A,2
0.0,9.436887664957151,0.0,0.0,-0.7835189328743546,C,1
56.0,2.898854477587063,2367.5,25.88235294117647,0.28055201863353973,B,3
34.0,5.659916448297079,947.5,12.549019607843135,-0.22680521272583842,F,2
10.0,0.9415322842011095,1291.5,13.72549019607843,0.01822950819672131,I,2
0.0,9.111573374387675,0.0,0.0,0.002068263022629413,G,1
31.0,1.0438460882038203,1499.0,14.509803921568627,-0.03789595279474667,I,2
0.0,2.038373054861013,946.0,13.72549019607843,0.0021445208006638516,D,2
36.0,2.332394465412889,2189.5,15.294117647058822,-0.07433962264150962,I,3
0.0,1.5892801277357094,944.0,14.117647058823527,0.0017048340286595007,E,2
0.0,8.060160307893645,0.0,0.0,0.010563279002877124,F,1
0.0,0.566064289736756,952.5,12.549019607843135,0.0006420772448259005,D,2
0.0,9.44370494498145,0.0,0.0,-1.3770917293233085,I,1
0.0,0.7740494284611548,1713.0,23.52941176470588,-0.1472520101902715,J,3
36.0,1.7366754896222938,2264.5,15.294117647058822,0.18134307716485942,I,3
0.0,1.0311827043390465,953.5,12.941176470588236,0.002288976566236278,A,2
0.0,1.414774000728619,949.0,14.117647058823527,-0.0006352642066927983,F,2
0.0,2.0051673943136037,952.0,13.72549019607843,0.001728187919463109,D,2
7.0,1.8361582024776992,951.5,14.509803921568627,-0.011354464305490919,C,2
28.0,2.104839784069458,2856.5,88.23529411764706,-0.16279614028213163,A,3
0.0,0.7907393910929434,946.0,12.549019607843135,0.0029038308514265365,A,2
0.0,9.509051561824728,0.0,0.0,0.7612557428966502,I,1
29.0,1.9494579737865163,2950.5,24.31372549019608,-0.133092796092796,J,3
31.0,1.4720602538300336,1968.0,21.176470588235293,0.03350458045469762,J,3
0.0,9.505536746566953,0.0,0.0,0.7793197317572172,G,1
0.0,9.492259782564387,0.0,0.0,0.002261389404246583,H,1
38.0,1.9229632907536987,2372.0,25.88235294117647,-0.18904600141542816,C,3
0.0,9.493983780896286,0.0,0.0,-0.001692945450552208,G,1
0.0,1.426640595872632,938.5,13.72549019607843,-0.005777027027027037,J,2
23.0,1.9757728622982322,1487.0,13.333333333333334,0.18125302370585405,J,2
10.0,4.4691933875402565,2009.0,32.549019607843135,0.031118618171716572,D,3
39.0,2.1777261727827684,2423.5,15.68627450980392,-0.12224815983175619,C,3
0.0,1.687425812358908,944.5,12.15686274509804,-0.002621251388374768,C,2
15.0,0.9881333615543918,934.0,13.333333333333334,0.2747505265098946,I,2
41.0,1.85079177330156,1731.5,17.647058823529413,-0.19789956848263568,I,3
48.0,0.5661910924666614,2021.0,14.901960784313726,-0.15915931045969356,D,3
0.0,9.475312199255194,0.0,0.0,-0.008455043152691522,C,1
50.0,1.985149155339546,1696.5,17.254901960784313,-0.001426630434782597,E,3
0.0,1.5963584303034886,953.0,13.72549019607843,0.012430520746310195,B,2
0.0,1.4142137871370914,1160.0,14.509803921568627,0.00589676411104989,H,2
0.0,9.487111896541156,0.0,14.117647058823527,-0.001354069659154404,D,1
3.0,0.6802407041302039,950.5,14.117647058823527,-0.000596369636963745,J,2
0.0,0.7901934902049772,948.5,12.549019607843135,0.000704774618006665,H,2
2.0,2.03575107060947,955.5,14.117647058823527,0.2317016174010036,E,2
0.0,1.9801953619467771,950.5,13.72549019607843,0.003132223132223111,A,2
48.0,1.8268306320518946,3021.0,23.137254901960784,0.17095030737704908,I,3
8.0,0.35071979301088524,953.5,12.549019607843135,-0.007391072440577406,B,2
17.0,4.057641656366511,1714.0,16.470588235294116,-0.7556539247715723,I,3
1.0,2.2985799083249288,1536.5,9.803921568627452,0.07153699881512043,A,3
29.0,4.903239518115207,1141.0,20.0,-1.3136811102108017,A,2
57.0,1.6218342309639318,1929.0,14.509803921568627,0.0861789966419049,C,3
5.0,5.087467331754642,1140.5,24.31372549019608,0.14632506854565275,H,2
0.0,0.5829178184964268,944.0,12.549019607843135,0.0024226372729126977,H,2
50.0,0.8300934863049566,3138.5,17.254901960784313,-0.04923802017654477,C,3
55.0,4.352441618468965,3459.5,43.13725490196078,-0.9210219832546324,B,3
0.0,1.617959172202575,0.0,0.0,0.00015838658695799257,B,1
0.0,9.485903638603983,0.0,0.0,-0.6541377464305578,E,1
8.0,2.3482022205218778,1706.5,16.862745098039216,1.524189900539029,A,3
0.0,9.486178317569781,0.0,0.0,0.0012394317092303542,F,1
0.0,1.5373500074121582,943.0,13.72549019607843,-0.0004682168440557355,B,2
0.0,1.6733830721147707,0.0,0.0,0.00029636408831035244,C,1
0.0,9.506178720733049,1381.25,18.431372549019606,-0.007843045112781999,I,2
3.0,3.9005785777665247,1894.5,28.235294117647054,-0.23474928109273918,E,3
0.0,1.0558417405946376,952.0,12.549019607843135,0.003562420389474852,J,2
25.0,1.7303722590953734,1576.0,18.03921568627451,0.09880858858247693,A,3
0.0,1.567233214943081,944.5,14.117647058823527,-0.0012763749567623883,J,2
38.0,4.636060487753242,2395.0,15.68627450980392,-0.858700601172961,G,3
0.0,1.0552326650068353,947.0,12.549019607843135,-0.0032180631868131693,H,2
0.0,3.160434120393025,948.5,12.549019607843135,0.07641618417424922,D,2
0.0,3.8760988006711,945.0,12.549019607843135,1.4212072381703624,B,2
41.0,2.005442574182924,1730.5,17.254901960784313,-0.20746383779264188,E,3
4.0,2.1594050586414704,1841.5,22.745098039215687,0.6256831016084434,F,3
50.0,4.424398468576529,2142.0,19.215686274509803,0.09510999478021187,G,3
0.0,2.0639813865459775,956.0,14.117647058823527,0.006574416882635992,E,2
0.0,1.6062382730718539,948.0,13.72549019607843,-0.0016319659176802087,E,2
86.0,1.1436140410654096,2897.5,16.07843137254902,-0.10381636914082903,B,3
0.0,1.0351436156151879,959.5,12.549019607843135,-0.0009577327982888129,C,2
24.0,1.6312422908928303,2398.0,22.745098039215687,-0.04340694006309148,F,3
0.0,2.009904466478687,952.0,13.72549019607843,-2.5986938738620236e-05,J,2
20.0,3.6578121180678362,954.0,12.549019607843135,0.7327453849937604,C,2
30.0,0.4705028419045107,1275.5,12.941176470588236,0.005886287625418096,H,2
0.0,1.0554082185692375,947.0,12.549019607843135,0.0038929665712366113,D,2
42.0,1.0518667179044021,2613.0,16.07843137254902,1.019009312263162,F,3
0.0,2.071622779104936,946.0,13.72549019607843,0.0024579124579123812,H,2
15.0,1.5438273839295764,2184.5,18.823529411764707,0.023741015786159503,F,3
0.0,9.069393872887249,0.0,0.0,-0.0015987525987530837,F,1
36.0,1.3244377112482726,2254.5,19.215686274509803,-0.5890666197749195,A,3
0.0,1.584317863260875,953.0,13.72549019607843,-0.008755967866434095,C,2
35.0,4.183361635651983,2165.0,15.68627450980392,0.14843779306033156,A,3
0.0,1.1264185540807223,944.0,14.117647058823527,-0.0005472972972973,I,2
51.0,3.1676135658241744,1720.5,14.117647058823527,-0.01622622812565888,F,3
52.0,1.8757273976437248,2227.0,34.90196078431372,0.10416793239085564,J,3
32.0,1.5186869069429965,2026.0,14.901960784313726,-1.3765092568552655,F,3
43.0,1.1963353254639624,2659.0,16.07843137254902,0.04871087812897423,H,3
0.0,9.741906476509211,0.0,0.0,-2.3527072434607645,I,1
0.0,9.464140414322383,0.0,0.0,-1.5088732952294721,C,1
51.0,1.5950501491937958,2174.0,15.294117647058822,0.3135119573954983,G,3
17.0,1.0213173663245032,2029.0,25.098039215686278,0.051101405909660946,C,3
0.0,2.008338407777284,947.0,13.72549019607843,0.0017880125022982085,E,2
1.0,2.570919230842594,1100.0,14.117647058823527,-0.039494235137799594,J,2
0.0,9.49725853733389,0.0,14.117647058823527,0.004479044261652999,A,1
28.0,0.24290921943987398,1784.5,14.509803921568627,1.2149350372736956,D,3
31.0,1.429704528147014,1948.0,20.392156862745097,0.009932089362782781,E,3
0.0,1.5420578456823215,945.0,13.72549019607843,-0.009774908970539509,F,2
2.0,3.8377370050282646,1149.0,12.15686274509804,0.1066600961538462,B,2
0.0,3.0762353611793345,952.5,12.549019607843135,0.030589080459770823,G,2
0.0,9.428416274904208,0.0,0.0,0.02001775279896509,D,1
0.0,4.4740863416350996,1722.5,22.745098039215687,2.1509067069647543,A,3
0.0,9.532741149512965,0.0,0.0,2.107513354700855,E,1
0.0,0.7929907514136286,946.5,12.549019607843135,-0.0007443269200589908,B,2
1.0,2.99790258305319,1114.5,9.803921568627452,-0.01059459919925021,E,2
21.0,1.8539998076589603,2098.5,18.823529411764707,-0.3255767527491666,H,3
0.0,1.0317560117949376,944.0,12.941176470588236,0.0016269764150708133,B,2
33.0,2.142600715865042,2022.5,32.549019607843135,0.1284615384615384,D,3
0.0,8.026970184116578,0.0,0.0,0.00022204305761386323,I,1
25.0,3.9857441927417008,2558.0,22.745098039215687,1.3780996947374184,G,3
55.0,1.7794438456890929,2362.0,23.137254901960784,0.12034302139891428,G,3
0.0,1.598859331135484,948.0,13.72549019607843,-0.00047642265097169734,B,2
2.0,1.9093991906803853,949.5,12.549019607843135,-0.05175270786254191,J,2
0.0,1.6147016049849114,939.5,14.509803921568627,0.0032449892708760197,C,2
43.0,1.8580762798060366,2678.5,23.137254901960784,-0.24947975554653268,F,3
0.0,1.2152123296032649,950.0,13.333333333333334,-0.005670660089264812,F,2
48.0,1.0005822395262276,2020.0,14.509803921568627,0.1510829561318161,A,3
0.0,0.5865066689281084,950.5,12.549019607843135,0.0027797858790319374,C,2
14.0,1.4810283120077976,1156.5,13.72549019607843,-0.028742211074969604,D,2
1.0,1.6668037446937902,1606.0,17.254901960784313,-0.007566999647949296,A,3
0.0,1.9952630982831052,951.5,14.117647058823527,-0.003721052331221719,J,2
0.0,1.7670131411674082,0.0,0.0,-0.0191916740217711,E,1
0.0,9.377490237471681,0.0,0.0,-0.02365023721808368,D,1
0.0,0.9130063175802268,948.5,13.72549019607843,-0.002563987828888503,E,2
0.0,1.6107637557452525,951.0,13.72549019607843,-0.001872597598449044,F,2
21.0,1.8880499274840763,2108.5,87.84313725490196,0.30514124410621246,B,3
48.0,1.98317003135321,2052.5,20.0,-0.40217588486656464,I,3
0.0,2.0101956245123542,943.0,13.333333333333334,-0.0012298601224774997,I,2
0.0,1.664819266920908,952.0,13.72549019607843,0.0001843942783540109,B,2
10.0,1.4578211645096624,1893.0,19.607843137254903,-0.039305972288581126,B,3
3.0,4.853726437833149,801.5,29.80392156862745,-0.07667076838939058,A,2
46.0,4.41739892430601,2843.5,24.705882352941178,0.07982184323727548,F,3
0.0,1.5445402031522801,943.0,13.72549019607843,0.0022498511018465006,B,2
0.0,0.46421893021294924,974.0,12.549019607843135,-0.00034549332136030175,E,2
50.0,1.8579608214001495,1694.0,16.862745098039216,-0.1026628132251815,I,3
52.0,1.9121193774559002,2208.0,32.94117647058823,-0.1288873482838997,A,3
0.0,9.483330558614192,0.0,0.0,-0.006472383225366363,G,1
46.0,2.9966985529384114,2848.5,16.470588235294116,-0.1635153973261229,E,3
34.0,0.454520569536982,1460.0,13.333333333333334,0.04663399017497388,C,2
0.0,9.495967662668962,0.0,14.117647058823527,0.003917716890317599,D,1
0.0,9.460192661996945,0.0,0.0,0.020566442131047247,H,1
84.0,3.8686929479766636,2810.0,36.07843137254902,-0.08679971691436661,J,3
0.0,0.8526771930822927,947.5,12.549019607843135,0.0026857842280119115,D,2
22.0,5.324648826800491,984.5,13.333333333333334,0.10123053645803104,H,2
32.0,1.8257241928145824,2156.0,27.058823529411764,0.0847454310811373,B,3
0.0,9.067295472297237,0.0,0.0,0.0008860759493671821,B,1
0.0,4.131403031215632,948.5,12.549019607843135,-0.7221284939507719,C,2
15.0,3.914957374128323,2849.5,33.333333333333336,-0.8481818181818183,H,3
0.0,1.0375127059691749,953.5,13.72549019607843,-0.00010601510601504494,D,2
31.0,1.9083197629035298,1946.0,25.88235294117647,0.19244559647959486,I,3
0.0,1.9762265950867117,946.0,13.72549019607843,0.0030433660299432064,J,2
28.0,1.9131884849508982,1741.0,14.117647058823527,0.05082108296501109,H,3
2.0,1.791802559039943,961.5,13.72549019607843,-0.07093740816926242,D,2
43.0,1.2957896927524635,1847.0,14.509803921568627,0.016632896546145692,J,3
45.0,1.4392276044488594,2800.5,38.431372549019606,0.08066878980891712,G,3
33.0,1.8689624069225355,1416.0,14.117647058823527,-0.08061698131227923,I,2
0.0,2.0368192045559104,954.0,13.333333333333334,-0.0077166112956810196,G,2
34.0,4.515383501981813,3429.5,18.03921568627451,1.561430376770705,I,3
0.0,9.489250285884793,0.0,0.0,-0.7448287415021307,F,1
54.0,0.9179790277110788,1813.5,14.509803921568627,0.1129356933389192,B,3
2.0,1.031030538854463,1086.0,14.901960784313726,0.10675150992234672,C,2
17.0,4.759244974358875,3132.5,20.392156862745097,-0.6670008729639108,A,3
53.0,1.8138526592955297,2234.5,22.352941176470587,-0.09543847792250348,H,3
0.0,1.30520738261401,0.0,0.0,-0.010698661228249098,H,1
0.0,9.470990836233145,0.0,0.0,-0.6943243191772996,D,1
20.0,0.29775268196403,954.5,12.15686274509804,0.3008376572220261,I,2
0.0,0.7851802080761948,959.5,12.549019607843135,-0.0001642477246802665,C,2
0.0,9.53569056711509,0.0,0.0,0.001909171663335485,J,1
0.0,2.060862175166589,950.5,13.72549019607843,0.0005050505050505638,I,2
19.0,1.5378464652554082,949.5,14.117647058823527,0.03066361416361421,E,2
4.0,2.570432946039815,950.5,12.549019607843135,0.06481190403127757,D,2
0.0,1.9766862689770426,949.5,13.333333333333334,-0.0007681842916741899,H,2
0.0,9.071800651634256,0.0,0.0,-0.0011839324889977298,B,1
0.0,9.45124955805428,0.0,0.0,-0.6960152425686722,A,1
47.0,0.9909297547180569,2936.5,25.49019607843137,-0.35579604672057485,H,3
18.0,3.059419799439103,1764.0,18.03921568627451,-0.07541371900826466,B,3
0.0,1.0151543564633845,945.0,12.941176470588236,-0.0010518726295827285,D,2
0.0,1.6089735278263395,1199.5,15.294117647058822,0.0146764241641556,D,2
3.0,1.6978661004861,1515.5,11.372549019607844,-0.3532404842437135,A,3
0.0,2.0107312349199877,948.5,13.72549019607843,0.003670033670033712,A,2
6.0,0.5566949742757812,1545.0,11.76470588235294,-0.001731479560074689,E,3
0.0,1.830452819509485,0.0,0.0,-0.0039924812030075005,F,1
19.0,3.728445583165458,954.5,12.15686274509804,0.3032015833880748,A,2
26.0,4.416802500648381,2655.0,24.705882352941178,-0.34559748427672954,H,3
25.0,3.890608663457218,2447.0,74.50980392156863,-1.3293146417445485,H,3
0.0,8.116289816893554,0.0,0.0,-0.0027789789465146875,F,1
0.0,1.6483844255950217,951.5,14.117647058823527,0.0029559261095957745,A,2
0.0,2.007787063564623,954.5,13.72549019607843,-0.0026174496644293943,G,2
0.0,0.8144169234219122,969.5,13.72549019607843,0.004541219649915329,E,2
33.0,2.007084698203949,2186.0,23.92156862745098,-0.4497388526184192,B,3
14.0,1.5640988554034774,2335.5,15.294117647058822,0.09459216075167043,H,3
1.0,1.128604945948244,1336.0,25.88235294117647,-1.3770456592240032,H,2
0.0,1.6517341422793548,951.0,14.117647058823527,-0.0009517688545103153,F,2
0.0,1.7721686293984775,944.5,13.333333333333334,0.012750772626931528,I,2
0.0,3.1022281417918895,947.0,12.549019607843135,0.002520230123549183,H,2
0.0,1.728776989506853,949.5,14.117647058823527,0.0014625850340136415,G,2
42.0,1.5710353525273497,2587.0,16.07843137254902,-0.2285513322884013,J,3
32.0,4.976162542093953,1986.0,22.745098039215687,0.12837458167330773,G,3
15.0,1.7880741415117203,1244.0,14.901960784313726,-0.1266976837060702,F,2
0.0,9.468097828224506,0.0,0.0,-0.7115587778587629,G,1
41.0,1.7099743427215601,2554.0,26.274509803921568,-0.03400241914947799,C,3
28.0,1.9399699069445449,1786.0,87.84313725490196,0.08840081510608677,J,3
24.0,2.5336489617967866,953.0,12.549019607843135,-1.0624623444662735,E,2
0.0,1.0601024011324511,947.5,12.549019607843135,-0.00464334369733943,A,2
11.0,2.3119809162529137,2074.5,25.098039215686278,-0.05123504273504281,G,3
0.0,2.0073294651537847,942.5,13.72549019607843,-0.0034713122213122505,A,2
19.0,0.98809097157489,945.0,13.333333333333334,-0.004182530581039706,C,2
0.0,4.022390325158254,950.0,12.549019607843135,0.7990538007310901,J,2
19.0,1.5720951339306992,1920.5,19.215686274509803,-1.0395463158118838,B,3
29.0,1.0093302249953946,2949.5,24.705882352941178,-0.0736417688591602,A,3
0.0,9.498959800171788,0.0,0.0,0.007274490335092754,A,1
5.0,0.42563668061635784,948.5,13.333333333333334,0.0317161716171617,G,2
0.0,1.01514882730681,947.0,12.549019607843135,-0.003373093584950415,H,2
0.0,9.51686726491732,0.0,0.0,1.4217246492215603,J,1
0.0,0.6944514849936961,953.0,14.117647058823527,0.001102521816807478,D,2
0.0,1.731840878748141,0.0,0.0,-0.006868686868686899,I,1
35.0,4.730923291790512,2165.0,15.68627450980392,-0.5468989923548646,I,3
0.0,3.661554604274346,949.5,12.549019607843135,-0.012073994457801884,A,2
0.0,9.493405850751907,0.0,0.0,0.0008438655398778083,I,1
0.0,9.4758950889813,1173.25,17.647058823529413,0.007476821192052896,H,2
22.0,3.654776489496359,2190.0,23.92156862745098,0.4470256835128419,G,3
0.0,1.687985445238181,952.0,14.117647058823527,-0.0036532557210522953,G,2
18.0,0.9127107332287515,949.5,14.117647058823527,0.030359109984262944,H,2
5.0,4.686764654839748,955.0,12.549019607843135,-0.6991083737435662,B,2
32.0,0.7963765674278126,2081.5,14.901960784313726,-0.0854731505005103,A,3
0.0,2.0086993869749534,939.5,13.72549019607843,6.481905634453389e-05,C,2
0.0,9.49059405921207,0.0,0.0,-0.007006236690760281,E,1
0.0,9.492033360278695,0.0,0.0,0.005880777689303396,C,1
0.0,0.895172894898162,948.5,13.333333333333334,0.030760513201608664,E,2
40.0,2.1532946046568835,1536.5,13.72549019607843,-0.02100000000000013,C,3
18.0,4.475164983142177,1826.0,20.392156862745097,-0.04186708860759447,G,3
52.0,0.8151142002384607,2227.0,34.90196078431372,-0.07927936416895409,F,3
1.0,1.7988117861460557,1429.5,17.647058823529413,-0.0004074788385298733,D,2
0.0,2.0389651958814325,951.5,13.72549019607843,-0.008037254901960722,C,2
45.0,1.7206682953020656,1912.0,14.509803921568627,0.3379885026766536,J,3
0.0,9.490656304153891,0.0,0.0,0.0013444577538721525,I,1
0.0,9.490996095178746,0.0,0.0,0.0004286773183990178,D,1
0.0,2.004484258249538,953.5,13.72549019607843,6.711409395970813e-05,G,2
0.0,9.635913741955708,0.0,0.0,-0.124133160092458,B,1
23.0,2.528498742002242,1473.0,13.72549019607843,0.36482758620689726,F,2
0.0,0.78590276202024,941.0,12.941176470588236,-0.0007157980302083811,G,2
0.0,1.6890285627484067,0.0,0.0,-0.0026356217542659044,I,1
0.0,9.070706657030536,0.0,0.0,-0.0003029088410442249,D,1
31.0,0.47623030889687373,1943.5,14.901960784313726,-0.008058779503072877,E,3
0.0,3.935700019088111,948.0,12.549019607843135,0.745653913833229,C,2
0.0,1.6054028610291253,953.5,14.117647058823527,0.0023991616848759723,B,2
36.0,2.528608317433734,2224.0,15.294117647058822,-1.4900028232636933,A,3
0.0,3.0869258553387433,946.0,12.549019607843135,-0.01871989005497232,H,2
0.0,9.508055798478445,0.0,0.0,-0.005971331908832145,J,1
6.0,1.874035089750137,990.0,13.333333333333334,-0.007256166085053528,B,2
0.0,1.4959058134498289,0.0,0.0,-0.038046978654750374,J,1
18.0,1.776852264364178,1827.5,23.137254901960784,0.02663834951456312,G,3
0.0,1.6115317079608862,948.5,14.117647058823527,-0.002027027027026951,B,2
24.0,0.5310457799381552,2456.5,23.137254901960784,0.03420065958981755,G,3
28.0,0.7681217083655615,1786.0,87.84313725490196,0.5207359545974196,I,3
0.0,1.4304331932436691,0.0,0.0,0.11952500518779838,A,1
48.0,0.29841207447401297,2042.5,14.901960784313726,-0.06549813341989938,C,3
0.0,1.417713997563997,947.0,13.72549019607843,-0.0001732673267325069,B,2
0.0,1.975293049131751,943.0,14.509803921568627,-0.003685257163518002,B,2
0.0,9.501552253537046,0.0,0.0,-2.1496778071062,H,1
0.0,1.298986714425117,1558.0,21.56862745098039,-0.14485512081690427,H,3
0.0,1.5314489054899927,954.0,12.941176470588236,0.0987366250102098,F,2
0.0,1.031196596840563,955.5,12.549019607843135,-0.00020324166282392753,D,2
17.0,5.162241965487136,1774.5,19.607843137254903,-1.4279922487035193,H,3
0.0,9.062878687993196,0.0,0.0,-0.0016367056856188,G,1
0.0,1.7293892427765964,947.5,14.117647058823527,-0.00158783783783778,I,2
62.0,1.518099072676657,951.5,13.333333333333334,-0.13847896440129448,J,2
34.0,1.0806519029456074,2130.5,15.294117647058822,-0.0213770491803279,D,3
101.0,2.8433856477887227,3405.0,87.84313725490196,-0.08268977295559587,B,3
0.0,2.165778886326803,941.5,12.941176470588236,0.0027910263204380392,H,2
21.0,0.8277753169039673,1319.0,14.117647058823527,-0.05089273694495705,H,2
0.0,0.8588179886451044,1198.0,13.72549019607843,0.8030440097799512,E,2
13.0,0.9454919338472547,947.5,12.15686274509804,-0.01810806409588317,H,2
0.0,1.1510698492175782,949.5,13.72549019607843,0.025216939890710388,D,2
40.0,0.9117741704073319,2474.0,15.68627450980392,0.009321276104765186,B,3
35.0,1.076773437705217,2204.0,18.431372549019606,0.025802774514047777,I,3
0.0,9.527417906341496,0.0,0.0,1.4591565273868803,H,1
30.0,4.682084938399121,3049.5,25.49019607843137,-0.7493874972533514,D,3
53.0,1.055014774151739,2266.5,20.7843137254902,-0.5259476063283335,H,3
54.0,1.9080025378435455,1839.5,16.470588235294116,-0.2642142044206617,J,3
16.0,1.6812858840203153,1641.5,18.431372549019606,-0.023807947019867493,C,3
33.0,3.8811913358911765,2055.0,14.901960784313726,0.12965183046234463,D,3
0.0,1.0375520135634737,944.5,12.941176470588236,0.0010882993658324347,G,2
19.0,1.8106164402735314,2034.5,26.666666666666668,-0.1919492642213924,G,3
2.0,1.0643079917452147,1488.5,17.647058823529413,0.015484500446030336,B,2
0.0,9.47646532195915,0.0,0.0,-0.699227916251246,C,1
3.0,2.0777307163172685,1364.5,20.0,-0.04890454025804347,J,2
0.0,1.2161517821973737,951.5,14.117647058823527,-0.0044519529666171564,B,2
0.0,9.48095462161317,0.0,0.0,0.607145968489342,J,1
0.0,9.498820655580403,0.0,0.0,-0.010694178334561655,E,1
43.0,0.7113318901515951,1804.0,16.07843137254902,0.03278040093619616,H,3
44.0,1.6402035079435044,1892.5,19.607843137254903,0.1680990436945234,I,3
12.0,0.8193247497516204,949.0,11.76470588235294,-0.012432447397563662,E,2
9.0,0.738075777982356,1711.0,21.56862745098039,-1.2543403645256843,A,3
0.0,4.307379077193258,950.0,12.15686274509804,-0.00918491812816935,B,2
0.0,5.046735722353729,0.0,0.0,2.001817170758172,D,1
6.0,1.5946838562927708,953.0,13.333333333333334,-0.017832958319939918,I,2
48.0,2.0911983575644855,3027.5,24.705882352941178,-0.0012811194653301605,F,3
0.0,9.493823955058865,0.0,0.0,0.0020739275728023365,D,1
0.0,9.48973451185485,0.0,0.0,-2.1250130153071325,E,1
35.0,2.8850696898723394,2189.5,16.07843137254902,1.7095428299303528,I,3
14.0,6.033186170987957,947.0,12.549019607843135,0.024347345258862063,A,2
0.0,0.6984992004345864,953.0,14.117647058823527,-0.006798815881123743,I,2
0.0,9.477913039275421,0.0,0.0,2.0322117694695643,C,1
74.0,0.9069018117141293,953.5,12.941176470588236,-0.4590563023131159,B,2
46.0,1.3245595700793595,2072.0,19.607843137254903,0.0784979876353677,E,3
16.0,1.5788619396773935,1641.5,18.431372549019606,-0.09225252988875049,C,3
0.0,1.9095314841313538,952.0,13.72549019607843,1.0974948545861298,C,2
47.0,1.3821274180935115,2952.0,16.862745098039216,0.6289868889072712,D,3
40.0,1.8020344822413636,2523.0,23.52941176470588,0.5359487700023884,H,3
0.0,9.070533008773383,0.0,0.0,-0.0003986909594391186,I,1
0.0,9.434846426116836,0.0,0.0,0.7141765673353675,E,1
0.0,9.502899368481755,0.0,0.0,-0.6098354689551126,D,1
0.0,2.06225647236315,950.5,13.72549019607843,-0.0013630714301855473,D,2
49.0,5.112388693803459,2076.5,19.215686274509803,-0.632732270990588,E,3
14.0,1.149461299270315,1311.5,13.72549019607843,-0.33223413072679986,B,2
17.0,0.6919645831758473,1777.0,14.117647058823527,-0.061258640522032615,I,3
0.0,4.861418262483301,945.5,12.549019607843135,-1.465551394974515,E,2
48.0,5.106946981119357,2034.0,17.254901960784313,0.13672941153318163,D,3
0.0,1.7973911590008635,0.0,0.0,0.000725956960578901,C,1
23.0,1.1611874176431947,952.0,12.549019607843135,-0.0492947049129428,C,2
0.0,1.5874299016388296,953.0,14.509803921568627,-0.0008964468720085161,B,2
0.0,9.067578233044744,0.0,0.0,-0.0011556208053691286,F,1
48.0,1.6887001379002349,3021.0,23.137254901960784,0.054023338607595006,C,3
60.0,1.1891041972356564,2521.5,15.68627450980392,-0.1516118791602663,B,3
0.0,0.6015887675849558,942.0,12.549019607843135,0.002202568515821457,D,2
0.0,1.499937656004684,946.5,13.72549019607843,-0.004427791220186605,C,2
10.0,2.021523169583729,1886.5,18.03921568627451,0.21139379254644053,H,3
39.0,1.781649188747789,2433.0,30.19607843137255,0.1936077170418007,H,3
44.0,1.9871338009420911,2753.5,28.62745098039216,-0.02180828842377902,H,3
0.0,9.463657945431212,0.0,0.0,0.1474778261570713,C,1
1.0,2.399972556638273,1235.5,13.333333333333334,-0.005077647915234462,A,2
0.0,2.0100631513037506,948.5,13.333333333333334,-0.0012350615922044894,D,2
8.0,1.8580992844851307,1417.0,18.823529411764707,0.16668718166383711,F,2
0.0,1.0426277419231822,954.5,12.549019607843135,0.0010782638414217338,F,2
0.0,1.6689109480052247,948.0,13.72549019607843,0.002993197278911605,I,2
0.0,9.498549355462082,0.0,0.0,0.10419834600506872,D,1
0.0,2.1849592794971424,931.0,14.117647058823527,-0.004476464719753326,B,2
0.0,9.527388723163474,1325.75,17.647058823529413,0.0256570155902004,A,2
0.0,9.07168072795333,0.0,0.0,-0.00020202020202031434,G,1
0.0,9.453339627212786,0.0,0.0,-0.6408374588940249,G,1
53.0,1.8557151940622632,1778.5,15.294117647058822,-1.1006838275730784,F,3
0.0,1.9784159593078985,948.5,14.509803921568627,0.0032758779187350984,C,2
33.0,1.6345048647452831,2075.5,87.84313725490196,-0.1262405212237426,C,3
37.0,0.24942679833311945,1564.5,15.294117647058822,0.1601234369345825,D,3
0.0,1.058574888521012,949.5,12.549019607843135,0.001530883642845704,B,2
20.0,3.4535953616040374,2033.0,27.058823529411764,-1.5397462582426764,C,3
46.0,2.0862716906284247,2848.5,16.470588235294116,1.5883471675845788,F,3
56.0,0.7318443820556971,942.0,12.941176470588236,0.3354024526198438,H,2
23.0,4.190350073991556,1486.5,19.215686274509803,-0.10949578238248048,C,2
33.0,2.586037960486109,3335.5,21.96078431372549,0.2254220867920564,B,3
12.0,1.827184528409195,2188.5,20.392156862745097,-0.24680529783664262,E,3
60.0,1.9528593333140427,2560.5,87.84313725490196,-0.14687590187590183,J,3
0.0,2.4300122741423165,945.5,12.549019607843135,0.0024566976179879463,H,2
30.0,0.563382334266393,950.0,12.15686274509804,0.554218752271703,C,2
6.0,1.6659539678023942,1545.0,11.76470588235294,-0.008741640611429513,A,3
24.0,1.559240597996215,1532.0,13.72549019607843,-0.1663291682813661,B,3
40.0,5.046598517100405,2491.0,23.137254901960784,-2.436870602409639,G,3
35.0,4.67258613103866,2209.5,43.92156862745098,0.5277620443347821,I,3
23.0,2.6693331183987095,1512.5,14.509803921568627,0.4634772504771416,I,3
0.0,9.529751486153703,0.0,0.0,0.007239840263095987,B,1
0.0,9.114300123950672,0.0,0.0,0.0024665855289849326,I,1
0.0,2.1285091455819662,1194.5,13.72549019607843,-0.775323478789106,A,2
0.0,1.5672666182922437,943.5,13.72549019607843,-0.0005723905723905021,B,2
2.0,1.4175172037544206,953.5,14.117647058823527,-0.008994440014176902,J,2
0.0,9.070753131921075,0.0,0.0,0.0005387205387203942,F,1
0.0,1.4909588860864005,1205.5,14.117647058823527,0.3425797297297297,C,2
0.0,1.9786601190464648,948.5,13.72549019607843,-0.002033898305084797,E,2
0.0,0.6512455416780644,0.0,0.0,0.0021774011299435236,H,1
0.0,1.026534937598493,953.0,12.549019607843135,0.0010892909197993683,J,2
0.0,9.085861063086968,0.0,0.0,-0.007602918186555563,C,1
0.0,0.7984454188659342,950.0,12.941176470588236,-0.0022082734100351553,A,2
45.0,1.6630464944126262,1545.5,17.254901960784313,0.01797841088328067,F,3
0.0,9.461191002131493,0.0,0.0,0.7451593184040226,D,1
28.0,3.799312952001819,952.0,12.15686274509804,-1.6010102821110095,B,2
29.0,1.1140115603575111,1835.0,14.509803921568627,-0.0449526813880127,I,3
0.0,2.1397457503808983,951.5,12.15686274509804,0.05840146649934819,B,2
52.0,1.8501629741381231,1757.5,15.294117647058822,-0.043042506287452986,D,3
0.0,9.498192921222529,0.0,14.117647058823527,0.002048192771084305,H,1
34.0,1.1522810476768317,2130.0,20.7843137254902,-0.2340330321852062,F,3
0.0,3.3371913251920584,0.0,0.0,3.8188138315396447,G,1
27.0,2.9282107480635657,2698.5,32.549019607843135,1.0594952681388012,D,3
0.0,0.8859254550144645,945.5,13.72549019607843,-0.005135135135135194,H,2
0.0,0.8256265895819725,952.5,12.941176470588236,-0.00026352302690524354,B,2
27.0,1.920751342687916,1714.0,21.176470588235293,0.13638416296959588,G,3
7.0,0.8503590275123503,991.0,14.117647058823527,0.06087031303749568,J,2
79.0,2.3485896756225317,2662.5,15.68627450980392,0.019676644756924322,I,3
38.0,2.0289524184512993,2372.0,25.88235294117647,-0.456457706504544,E,3
0.0,9.530877827104508,0.0,0.0,0.7759650520661074,A,1
31.0,0.6410021260167273,3071.5,16.862745098039216,-0.12399724438463272,H,3
0.0,0.7747153957615621,947.0,12.549019607843135,-0.0030290141272976134,H,2
0.0,2.2361155659062537,948.0,13.72549019607843,-3.367003367005239e-05,G,2
0.0,1.9730153104652888,1198.0,14.117647058823527,-0.12014519961280101,I,2
0.0,9.069982035037025,0.0,0.0,-0.002206289978678111,J,1
40.0,4.643291641871197,4061.5,88.23529411764706,0.49411392405063337,F,3
0.0,1.6818171036375076,951.0,14.117647058823527,0.0009181909181908976,I,2
0.0,1.695428268771314,0.0,0.0,0.0009853875333887263,F,1
0.0,1.574931462090856,950.0,14.117647058823527,0.0016638786406654033,A,2
0.0,1.617829406853586,939.5,14.509803921568627,-0.0035737345785771257,F,2
0.0,8.773995647243346,1325.75,17.647058823529413,-0.004106693432406602,A,2
0.0,9.50066869069719,0.0,0.0,0.07682747892412692,G,1
7.0,1.6416568848342221,1426.5,18.03921568627451,0.013064539856671505,H,2
0.0,2.065282001607791,950.5,13.72549019607843,-0.002200154700154777,J,2
0.0,1.258011686188075,945.0,12.549019607843135,0.7098921792610158,H,2
0.0,1.9985237000343403,942.5,16.862745098039216,-0.02534653465346537,D,2
0.0,8.904921881572548,0.0,0.0,-0.9987321732436591,D,1
0.0,2.0664561505774186,946.5,14.117647058823527,-0.0019137249494391995,A,2
0.0,9.068357327056383,0.0,0.0,0.002671242048878586,J,1
0.0,4.11241203014472,946.0,12.549019607843135,0.7252623563218394,E,2
30.0,1.86643161661261,3026.0,23.52941176470588,-0.1382445141065829,F,3
0.0,1.6154511422913163,952.0,14.509803921568627,-1.0925903621151347,J,2
0.0,1.560788183337703,0.0,0.0,0.0010271049401483767,G,1
0.0,9.495793003556384,0.0,0.0,0.005798463523720043,I,1
0.0,9.069972683048126,0.0,0.0,-0.0015300602225170046,E,1
30.0,1.4409260793381058,3026.0,23.52941176470588,,B,1
34.0,1.7452347322449469,2126.0,22.352941176470587,0.11886851760244044,E,3
0.0,0.8723374809051285,1713.0,23.52941176470588,0.21378392146873848,J,3
10.0,0.3869890796689124,1961.0,17.647058823529413,0.0929564806054872,A,3
24.0,2.4819855122477676,1509.0,13.72549019607843,-0.26182947530864187,D,3
0.0,1.2312338829245082,956.5,13.333333333333334,-0.0030595217713861866,G,2
0.0,0.606276041933852,949.5,12.549019607843135,4.801534978904343e-05,J,2
0.0,9.471748898051482,0.0,0.0,0.005232863225774653,G,1
0.0,4.835463602457762,949.0,12.549019607843135,-0.7403731595031156,F,2
45.0,4.136889293763231,2846.0,21.176470588235293,0.6188092410710606,I,3
16.0,2.4441705490942827,1686.0,87.84313725490196,-0.1480493040787737,E,3
3.0,5.803933611888467,1149.5,12.941176470588236,-0.027472843163660166,E,2
34.0,1.1867772097768712,2104.0,14.901960784313726,-0.09082097548431345,A,3
16.0,2.144003928657404,1597.5,44.70588235294117,-0.2744316775146748,F,3
48.0,3.024309897153532,3016.0,88.23529411764706,-0.3680763049818464,G,3
3.0,0.6481378827952167,1285.5,14.509803921568627,0.0019664952945276926,I,2
28.0,1.2446581748467538,1784.5,14.509803921568627,-0.5356424007302603,C,3
0.0,9.482672292631039,0.0,0.0,-0.760660848370484,I,1
0.0,3.519351651789921,0.0,0.0,1.0354968944099379,B,1
1.0,0.5607631748514746,954.0,12.941176470588236,-0.007239099907524693,A,2
32.0,4.15656572327454,3235.0,22.352941176470587,0.5907441219496667,B,3
33.0,1.6328393719054073,2046.5,18.823529411764707,0.047515300546448036,B,3
16.0,1.59376653150382,1628.0,56.47058823529412,0.1408723930792335,E,3
39.0,0.5298645004217565,2435.0,15.294117647058822,0.13877887788778887,E,3
0.0,9.617106024201151,0.0,0.0,-2.818797077474497,C,1
52.0,1.5648205434489308,2208.0,32.94117647058823,0.05737083845879143,B,3
51.0,1.1332656799342555,3193.0,26.274509803921568,1.1380235796092522,G,3
0.0,0.7714627042321965,947.0,12.941176470588236,9.05664383924476e-05,H,2
18.0,3.2431628291754695,1793.5,15.68627450980392,-1.1956112852664578,J,3
1.0,1.7942702142785834,948.0,13.72549019607843,0.09769777309956906,D,2
25.0,4.268114087124224,2609.0,26.666666666666668,0.8203670177748519,B,3
0.0,9.468494911140825,0.0,0.0,0.7168828405636914,J,1
0.0,1.0516014502570779,952.0,12.549019607843135,-0.000296132410734673,H,2
32.0,1.068136972234314,2034.5,17.254901960784313,0.396076437001877,H,3
0.0,1.5980014913780347,947.0,13.72549019607843,-0.00044067796610169907,D,2
39.0,1.5262367177817862,1674.5,14.117647058823527,0.11404231530059347,J,3
0.0,9.11578845981426,0.0,0.0,0.9718286962227383,J,1
43.0,0.9834194595468997,967.5,13.333333333333334,-0.1034315550041357,H,2
37.0,0.7471508425688634,2289.5,15.68627450980392,0.26492253903188856,G,3
0.0,9.524646917234595,0.0,0.0,1.3834426871069607,E,1
0.0,9.480211295617343,0.0,14.117647058823527,-0.0001589339058999037,J,1
8.0,0.6033053344079825,958.0,12.941176470588236,-0.036754098360655574,I,2
34.0,0.7591142230443904,2132.0,19.215686274509803,0.06017666439445579,A,3
0.0,2.0003590727013,948.0,13.72549019607843,0.0015959925442685652,B,2
21.0,1.943617924968855,2070.5,19.607843137254903,0.38608150470219416,J,3
32.0,1.5060455891232278,3001.0,16.470588235294116,0.013438833570412534,E,3
32.0,1.797081200678318,2001.5,18.431372549019606,0.09360180809533603,G,3
45.0,1.7188989712064782,1904.0,14.509803921568627,-0.16160032831304427,J,3
0.0,1.7026193765284858,957.5,12.549019607843135,-0.004579124579124572,G,2
33.0,3.3898951339859607,3149.5,16.862745098039216,1.062228016719403,G,3
0.0,9.49752464673736,0.0,0.0,0.0024741192185673277,C,1
0.0,4.108274016765059,952.0,12.549019607843135,0.0041008511909925716,J,2
0.0,9.492132506347549,0.0,0.0,0.00094973754580574,B,1
14.0,2.484992170216894,2522.0,24.31372549019608,-0.3290849686591013,G,3
0.0,1.992374872412493,1025.5,21.56862745098039,0.13951618284951617,I,2
7.0,0.6328727990897426,944.5,14.117647058823527,0.025265185381414312,A,2
0.0,0.48638474440427065,948.0,12.15686274509804,0.0016053183883392164,A,2
15.0,4.541171877983768,943.0,83.92156862745098,-2.219125,D,2
0.0,9.492098750794314,0.0,0.0,0.0033983944306241742,I,1
9.0,0.8311097623529906,959.0,13.72549019607843,0.142591555298487,I,2
0.0,1.6162989393732623,948.5,14.117647058823527,-0.036875202774514726,B,2
0.0,2.010844835254588,945.0,13.72549019607843,-0.0014127970252131306,C,2
18.0,1.7815511760594198,1097.0,14.509803921568627,0.19509073108986089,A,2
22.0,4.403015811326685,2219.5,20.392156862745097,-1.1974062988912313,C,3
0.0,9.51426258107901,0.0,0.0,-1.4278596499394842,H,1
25.0,4.622971666603875,2543.0,28.235294117647054,0.3301253893617442,B,3
59.0,1.8654751845137594,2504.0,14.509803921568627,-0.40213032356951617,E,3
0.0,9.490598872576888,0.0,0.0,-0.0010276328108344002,F,1
25.0,5.048146061168143,3801.0,43.13725490196078,-0.27301509494239573,B,3
0.0,0.4918228866897149,948.0,12.15686274509804,-0.005557092327226509,G,2
8.0,3.9282932718025565,954.5,12.549019607843135,0.7539796273766064,A,2
0.0,1.3615165604822446,994.5,13.333333333333334,-0.02809475082579349,E,2
36.0,4.577323005194685,2279.5,24.31372549019608,-0.10837276758329395,H,3
40.0,3.620694083009163,944.5,12.941176470588236,0.8590312499999997,J,2
0.0,2.2310483380682653,947.0,14.117647058823527,-0.0024977817213842624,G,2
0.0,1.2297102824807535,954.0,13.333333333333334,-0.006109570279061893,I,2
62.0,1.727849443597953,2638.5,36.86274509803921,0.02865349421508112,I,3
48.0,3.2649596974707418,2973.0,28.235294117647054,2.0041218642390333,H,3
43.0,0.5108028747561058,1872.0,15.68627450980392,-0.8583279214021065,J,3
0.0,1.0681481426464945,954.5,12.549019607843135,-0.0015099415537050964,B,2
1.0,2.2548883553952206,1100.0,14.117647058823527,-0.007506442239157973,E,2
15.0,1.1999669572986011,1561.0,15.68627450980392,0.22289375119029997,I,3
0.0,0.5852500717248099,948.5,12.549019607843135,-0.0014874952414054565,H,2
0.0,9.49808402655163,0.0,0.0,-0.001453146562316876,H,1
0.0,0.591086262354813,950.5,12.549019607843135,-0.0013614727500196322,G,2
0.0,9.470273290489919,0.0,0.0,2.3865661170980323,I,1
0.0,1.4045571948357356,944.0,12.549019607843135,-0.0004678868052162555,G,2
12.0,4.483414142146585,947.5,12.549019607843135,0.048292622601279867,A,2
41.0,1.841566261079224,1730.5,17.254901960784313,-0.013416733226837119,C,3
0.0,1.609705727505917,948.5,14.117647058823527,0.0014212664931744223,I,2
0.0,1.652961813865802,948.5,13.72549019607843,0.003881147029809684,H,2
53.0,4.879273473719575,2243.5,21.56862745098039,0.05485537190082734,B,3
54.0,0.4881483881206475,2300.0,14.509803921568627,-0.2304368619885861,D,3
41.0,0.8089246807431668,990.5,13.72549019607843,0.05568690095846637,E,2
0.0,9.442740406485518,0.0,0.0,-1.4069760809148482,H,1
21.0,6.226949356284587,2063.0,20.0,-0.8469274136716001,F,3
32.0,1.030610194844943,2008.0,14.901960784313726,0.009400150371024152,H,3
38.0,2.861730421051479,1624.0,34.509803921568626,-0.593508547008547,B,3
46.0,2.727497891662064,2885.5,18.431372549019606,-0.09831087151841855,F,3
0.0,9.062558649666496,0.0,0.0,0.0010901090109012301,C,1
45.0,4.554643484486401,2846.0,21.176470588235293,0.029244853343049826,I,3
0.0,1.6113372260752452,952.0,14.509803921568627,-4.535043518083537e-05,D,2
0.0,2.006334454280997,953.5,13.72549019607843,0.0013307572367974863,A,2
0.0,6.406551529268982,0.0,0.0,-0.6742415152886418,H,1
52.0,0.8809709676517532,2198.0,19.607843137254903,0.06203147292434141,B,3
0.0,1.4457231608021193,944.0,14.117647058823527,0.001197141018569603,H,2
0.0,1.020575714908525,953.0,12.549019607843135,0.002641097568202966,F,2
43.0,0.5336255200564768,1466.0,13.333333333333334,0.0120487976840329,D,2
21.0,2.717405191887446,2181.5,22.352941176470587,0.3439305979921433,C,3
0.0,9.520696978290633,0.0,0.0,-0.002655694535878661,J,1
3.0,0.9056499854945678,949.5,12.15686274509804,0.010000000000000009,I,2
20.0,1.8485246441332488,2081.0,14.901960784313726,0.09171173762945939,E,3
21.0,1.5525376341232062,2089.0,18.431372549019606,-0.014461261261261349,I,3
17.0,4.179140443820839,3025.0,29.01960784313725,-1.10663999065366,J,3
27.0,1.5166669054486919,2843.5,24.31372549019608,-0.3250972770564532,J,3
38.0,1.0719036769175339,2426.5,17.647058823529413,-0.1508227848101265,G,3
0.0,1.604580685954976,961.5,14.509803921568627,0.004597315436241534,E,2
37.0,4.129668364385804,1552.5,13.72549019607843,-0.0357139206204975,A,3
0.0,1.870302823892758,0.0,0.0,0.00020224719101119906,I,1
1.0,0.5317872495966475,954.0,12.941176470588236,0.005527011172878127,A,2
0.0,0.9056304643880634,952.5,12.549019607843135,0.0018093178336486826,I,2
0.0,9.492232559719051,0.0,0.0,-0.0062281303981928104,J,1
0.0,1.4391857700081767,950.5,13.72549019607843,-0.005520981507823694,J,2
0.0,1.7114799070662452,1025.5,21.56862745098039,0.3515964933445933,G,2
16.0,2.4807871207900685,948.5,12.549019607843135,-0.6245282950247306,G,2
0.0,9.0683949112262,0.0,0.0,-0.00112582781456938,C,1
0.0,9.435646205538163,0.0,0.0,-0.7130017038662599,I,1
17.0,2.8739623047654206,1858.0,28.62745098039216,-0.07935899844743521,D,3
37.0,0.9978828701801741,2346.0,17.647058823529413,0.2909540477837926,G,3
0.0,9.068095908714861,0.0,0.0,0.006247383747383761,E,1
46.0,3.3836579471801853,2659.5,27.058823529411764,-0.9797860576923075,H,3
2.0,2.1995620237855174,1784.0,22.745098039215687,-0.07891109093821758,G,3
9.0,1.793569700296323,1059.0,12.941176470588236,-0.32628617055253917,A,2
8.0,5.29728200519645,958.0,12.941176470588236,-4.11401945754717,A,2
0.0,1.6349856698309475,944.0,13.72549019607843,-0.0010774410774410936,B,2
0.0,9.483502717688905,0.0,0.0,-0.010101870483279596,B,1
0.0,0.8286250421709762,952.5,12.549019607843135,-0.00042465471036901015,C,2
0.0,1.6465706291083113,955.5,13.72549019607843,-0.001199209413495106,J,2
40.0,4.257776550856655,3597.0,18.03921568627451,-1.7272153713794092,D,3
0.0,2.2016149687553273,0.0,0.0,0.04563577186921042,H,1
0.0,1.0550336965051144,947.5,12.549019607843135,0.0018544446066266485,J,2
0.0,9.439677548295913,0.0,0.0,0.03428715172132929,F,1
14.0,0.7580761262717226,1311.5,13.72549019607843,-1.5635429056924386,J,2
0.0,2.2359693745850553,944.0,13.72549019607843,-0.0034158755897888415,J,2
39.0,0.9145454719422088,2403.0,15.68627450980392,0.02313100300798665,J,3
24.0,3.644222990458674,2364.5,16.07843137254902,0.6412874737995886,E,3
2.0,0.8658965784775656,1150.0,14.509803921568627,-0.1015511551155116,C,2
0.0,0.7925361185426368,952.0,12.549019607843135,-0.0025126372845570843,G,2
42.0,4.787603710987234,2651.0,23.137254901960784,-0.029285369157286745,D,3
0.0,0.6940563333166009,943.5,13.72549019607843,0.0014464119291706101,H,2
10.0,1.7211839193332177,963.5,14.117647058823527,-0.015687932879103583,B,2
0.0,9.534092546582318,0.0,0.0,0.7768473449507168,D,1
22.0,1.891630758033404,2207.0,23.52941176470588,0.2717034700315457,B,3
21.0,1.878873554145191,2159.0,23.137254901960784,-0.06705913978494638,C,3
0.0,9.49142531512397,0.0,0.0,-0.010770013268465217,G,1
0.0,9.051364009210719,0.0,0.0,-0.004612923129905688,J,1
2.0,2.1876457266448135,952.0,15.294117647058822,-0.1487577576351462,C,2
9.0,0.476183233682863,951.5,12.15686274509804,-0.0013359394390667911,A,2
30.0,1.3068917197607444,1867.5,30.19607843137255,0.4485254368773478,E,3
0.0,9.069469201084315,0.0,0.0,-0.0001000969034929966,H,1
49.0,4.847382983474671,952.0,12.941176470588236,-1.0770485033153188,B,2
54.0,5.334307091430776,2270.0,21.176470588235293,0.0063836275945963195,E,3
28.0,1.1096098363664386,1730.0,19.215686274509803,-0.10236975696427436,I,3
43.0,0.6883151351980065,2659.0,23.137254901960784,0.2546099860709311,I,3
0.0,1.678251976841409,950.0,13.72549019607843,-0.002702702702702703,F,2
0.0,9.042694497379046,0.0,0.0,-0.007489040617604914,H,1
0.0,0.8001028499380592,949.5,12.549019607843135,-0.002002654357837308,G,2
31.0,4.081580950366945,1961.5,36.47058823529412,-0.644364501233978,G,3
0.0,0.5656349384708595,959.5,12.549019607843135,0.0027662369154912714,F,2
1.0,1.4660331403154194,1606.0,17.254901960784313,-0.01965606125970662,D,3
0.0,4.306082227275136,951.0,12.15686274509804,0.0008048783000118576,C,2
0.0,1.3013803307970033,951.0,13.333333333333334,0.256972929521161,I,2
0.0,9.063868279914836,0.0,0.0,-0.009831064184495641,J,1
14.0,1.1809330335914416,2472.5,15.294117647058822,0.04996644295302022,I,3
40.0,0.6763515224697245,2512.0,22.352941176470587,0.10901766647252964,C,3
16.0,1.4582237086190506,947.0,12.15686274509804,-0.216363250542561,B,2
23.0,3.901780161638027,2280.0,22.745098039215687,0.4189977580254751,D,3
26.0,1.6300491431242659,1689.0,14.901960784313726,-0.9260465511382943,B,3
21.0,1.8389352646391295,1312.5,13.72549019607843,0.202051031004302,I,2
46.0,1.7427187451425632,2915.0,28.62745098039216,0.11710811419677242,E,3
0.0,9.520829042153835,0.0,0.0,0.765943396226415,A,1
40.0,0.9260091822738271,2474.0,15.68627450980392,-0.0011675063104202854,H,3
55.0,0.5076091652557172,2362.0,23.137254901960784,0.9898063455394956,F,3
59.0,1.505942540486404,2504.0,14.509803921568627,0.6010201755161808,E,3
42.0,4.819083200664639,2651.0,23.137254901960784,-0.6165942368608182,C,3
34.0,4.985153037587538,2120.5,17.254901960784313,-2.738538694655925,I,3
0.0,0.9956805511411401,961.5,14.117647058823527,-0.032952370642996304,H,2
0.0,1.5102587620081689,0.0,0.0,-0.016063402453588088,F,1
0.0,2.268494849371875,948.5,13.72549019607843,-0.043395530255113,A,2
0.0,9.480397040069674,0.0,0.0,0.6760944576464445,H,1
34.0,4.339408576929679,1564.5,14.509803921568627,0.021186724386724975,F,3
22.0,1.3995881754857247,1405.5,14.117647058823527,0.05861553763088301,B,2
41.0,1.8265333293045458,2552.0,22.745098039215687,-0.18011259290496018,G,3
0.0,1.0354631403075172,959.0,12.549019607843135,0.0017062545989697808,H,2
16.0,1.707643715574037,1640.0,18.823529411764707,1.056892715231788,E,3
0.0,0.9914938500332623,947.0,14.117647058823527,-0.0030622837370242184,F,2
33.0,1.6084876641215677,1033.5,14.117647058823527,-0.031216244006450906,J,2
0.0,2.2281859998591056,947.5,14.117647058823527,0.0013215102974828419,D,2
40.0,0.9838783532562513,2523.0,23.52941176470588,-0.05378289473684217,E,3
0.0,2.440746308881539,1194.5,13.72549019607843,-1.594763083116268,E,2
0.0,0.5630644589394178,947.0,12.549019607843135,-0.004039735099337749,F,2
9.0,4.396306457670376,1766.5,17.647058823529413,-0.037661388441581956,A,3
0.0,2.0382513466110646,954.0,13.333333333333334,0.0048187561231038956,D,2
36.0,2.097855094789508,2263.0,25.098039215686278,0.024449551685045923,D,3
0.0,9.065428110497983,0.0,0.0,-0.0020342969551832013,B,1
44.0,0.6618004936663782,1885.0,14.901960784313726,-0.007768394486507457,D,3
0.0,1.6691414320331648,0.0,0.0,-0.0008013016066707457,J,1
0.0,9.449419195113821,0.0,0.0,-1.4156092192212932,J,1
0.0,1.6006693774483665,948.5,13.72549019607843,0.0016077400860009944,I,2
18.0,1.814382476630677,1826.0,21.176470588235293,-0.10313270063270075,I,3
0.0,9.494507867865895,0.0,14.117647058823527,0.0034958966299982047,I,1
38.0,1.7778390848778365,2379.0,23.137254901960784,0.16163378825475588,D,3
9.0,3.436135300917736,959.5,12.549019607843135,-0.07158360558360544,A,2
36.0,2.15620619962715,2306.5,28.62745098039216,0.12727896952178108,A,3
52.0,4.149211749690645,950.5,12.941176470588236,0.07264524198815714,D,2
22.0,1.976444801966231,2186.5,86.66666666666667,0.22053459119496865,E,3
0.0,9.446043048172267,0.0,0.0,1.4497122508680318,F,1
0.0,0.5946666820734147,948.5,12.549019607843135,0.00031578324784131695,C,2
34.0,1.8215243736896063,3461.5,25.49019607843137,0.3522122436908518,D,3
1.0,1.2399921874726438,1429.5,17.647058823529413,0.025694687115770387,I,2
35.0,1.9687410516980899,2188.0,24.705882352941178,-0.1760720715095892,J,3
0.0,5.755396364492044,0.0,0.0,0.01373945324071002,E,1
0.0,1.703939985157423,0.0,0.0,0.0008391724366682007,G,1
19.0,4.788487671488329,3364.0,29.01960784313725,-0.2249551717252396,F,3
0.0,1.052019753023772,947.0,12.549019607843135,0.0007831948673978628,I,2
9.0,0.7103828234915988,952.5,12.549019607843135,0.03053161427057577,D,2
0.0,1.1681595388360502,957.5,13.333333333333334,-0.00800151687523698,I,2
0.0,1.5705902697880352,950.0,13.72549019607843,-0.0018544678507503992,F,2
0.0,9.066823480069909,0.0,0.0,0.001692405063291158,E,1
44.0,2.2192094493758407,1880.0,14.509803921568627,-0.0633237692540023,H,3
25.0,3.646137587037188,1605.5,19.607843137254903,0.0791495545900045,C,3
15.0,1.0045638582419154,1197.5,14.117647058823527,0.8365001879149789,J,2
0.0,0.8901230782562849,941.0,14.901960784313726,0.002063087248322104,J,2
11.0,4.842528253628124,2044.0,65.49019607843137,-0.1355147534457879,I,3
11.0,3.949478798256039,2074.5,25.098039215686278,0.956620793787748,C,3
44.0,2.9449793535626028,2900.5,16.07843137254902,-0.38319023739232416,D,3
0.0,1.7682077027694765,0.0,0.0,-0.022368421052631593,I,1
33.0,1.7910611818769795,2103.0,22.352941176470587,0.06496311475409844,H,3
44.0,4.085399094100745,2740.0,88.23529411764706,1.0488904430291848,D,3
53.0,1.5152475220492625,1792.0,14.509803921568627,-0.4809937300366734,I,3
0.0,9.535589337296832,0.0,0.0,-9.377055604509188e-05,D,1
0.0,2.070260176850989,950.5,12.549019607843135,0.001977862716993073,F,2
0.0,9.575237458944535,0.0,0.0,-2.0793214601118635,E,1
46.0,1.6547937727799151,2863.5,88.23529411764706,-0.03492290119931468,J,3
0.0,1.729746370144274,943.5,14.117647058823527,0.004968277599633586,D,2
0.0,1.7166726352698891,0.0,0.0,0.0021904924955771787,G,1
0.0,0.545245050905748,949.0,12.549019607843135,-0.0030424132277119265,G,2
0.0,9.50660309430475,0.0,0.0,1.4547776454135808,F,1
23.0,0.4188225271333701,2299.5,15.294117647058822,-1.0967753722570532,G,3
35.0,3.5832615509234405,2206.0,15.294117647058822,0.36390493333860796,F,3
52.0,1.843457481510174,2201.0,20.392156862745097,0.0014271891630377453,C,3
43.0,4.270094975288148,2659.0,25.88235294117647,-0.1744130193246296,G,3
26.0,1.770433858653524,1569.0,14.509803921568627,-0.044144099504499996,C,3
0.0,1.1681889094355933,956.0,13.72549019607843,-0.003936997197866665,C,2
0.0,3.655920668083322,948.0,13.333333333333334,-0.004918836973156093,A,2
0.0,1.9653248574559334,953.5,13.72549019607843,-0.005241856094505115,I,2
0.0,9.487692982200189,0.0,0.0,-0.6984893617021276,D,1
0.0,2.001063033024893,951.5,13.72549019607843,6.17096269270867e-05,D,2
0.0,1.039007752429512,952.0,12.549019607843135,0.002647955589667017,B,2
0.0,1.074163649726012,943.5,13.72549019607843,0.00048489163107101607,C,2
0.0,1.1056724832613998,948.0,13.72549019607843,0.0015972016835400504,J,2
0.0,2.0244868093812065,0.0,0.0,-0.0017449664429530012,B,1
4.0,1.768997345671859,948.0,14.509803921568627,0.12950626339604665,C,2
56.0,1.2702868705952735,2366.5,22.745098039215687,-0.09399556048834645,B,3
0.0,3.8348050948835257,948.0,13.72549019607843,-0.024304812834224587,A,2
0.0,1.9063297358457012,948.0,13.72549019607843,1.1076193693693694,C,2
8.0,0.3704952498376356,953.5,12.549019607843135,0.008527865049604288,C,2
0.0,9.115816285431144,0.0,0.0,0.0021250000000003766,I,1
46.0,4.407636039913386,2850.0,29.41176470588235,1.8267807219889198,A,3
55.0,2.55720682536957,3440.5,18.03921568627451,-0.5651483076068411,E,3
39.0,0.7265569868087812,1684.5,16.07843137254902,0.18153357791995894,D,3
18.0,1.2587992861354855,1197.5,14.509803921568627,0.5856847704696406,A,2
0.0,9.449529086722535,0.0,0.0,-0.6388441621140898,J,1
0.0,3.110578295586552,950.5,12.941176470588236,-0.0161302473763123,F,2
0.0,1.5157364321782174,955.5,13.72549019607843,0.0015882539036900997,C,2
21.0,0.521053896925837,1319.0,14.117647058823527,0.06653578295236068,I,2
27.0,1.2434113515453236,1677.5,25.88235294117647,-0.05674920675078801,E,3
0.0,9.431676451604528,0.0,0.0,-0.009656735057983867,G,1
0.0,3.651151308265164,949.5,12.549019607843135,0.010402362547837551,H,2
0.0,9.069360221248191,0.0,0.0,-0.0015201054243694223,A,1
9.0,1.8174257370605045,990.5,17.254901960784313,0.01848684210526308,E,2
20.0,1.1536759490049622,1093.0,14.509803921568627,-0.05695196945337627,H,2
0.0,0.8616285104180937,951.5,14.117647058823527,1.1017377108652275,C,2
0.0,1.0840464105366008,948.0,13.333333333333334,-0.004603712599043797,J,2
34.0,0.17525825661282826,2105.5,14.901960784313726,0.659756224290972,F,3
0.0,1.9795016661917353,948.0,13.333333333333334,0.004883055374738987,J,2
15.0,3.030670293606327,2793.5,14.509803921568627,-0.04976276816336944,B,3
70.0,0.9768575097446905,951.5,12.941176470588236,0.40157003297355975,I,2
53.0,1.7996391155500264,2431.0,15.294117647058822,1.0139589401437197,C,3
59.0,2.4888105204375495,2504.0,14.509803921568627,-1.5198378351735018,F,3
0.0,1.5731429790307014,948.0,12.15686274509804,-0.0021246295347014943,E,2
0.0,7.078581745900086,0.0,0.0,-2.0756962344720495,J,1
0.0,0.5995103593212232,945.5,12.549019607843135,0.0017385947385947231,E,2
0.0,5.073819083267477,1198.0,14.117647058823527,1.399566042338655,I,2
0.0,2.064563411305302,955.0,13.72549019607843,-0.006138411138411071,F,2
16.0,1.8262390706942437,989.5,14.509803921568627,0.16344009568742107,J,2
0.0,1.5920115090626408,0.0,0.0,-0.0002695193109197025,H,1
0.0,0.5498760027364876,956.0,12.549019607843135,0.0027304908460555888,I,2
0.0,0.4843685010520496,948.0,12.549019607843135,0.004546607628799382,I,2
0.0,2.0429584186318004,956.0,19.607843137254903,0.0771385116174656,C,2
0.0,2.007030722267145,951.0,13.72549019607843,0.0005078904407763152,D,2
19.0,1.8346283419390417,1918.5,23.52941176470588,0.11829348029142539,F,3
0.0,0.48640792649659714,949.0,12.549019607843135,0.00017879001883247536,H,2
39.0,1.5026866903030682,1674.5,14.117647058823527,-0.0631524485883583,A,3
24.0,1.0242725921151483,2406.5,26.274509803921568,0.029546925566342974,C,3
0.0,9.437454414719586,0.0,0.0,1.4823310993992236,D,1
0.0,9.48825682012862,0.0,14.117647058823527,-0.000783970414030298,J,1
0.0,9.470075912127706,0.0,0.0,1.4383671171171173,B,1
0.0,9.48898423933766,0.0,0.0,0.7487725619244914,J,1
0.0,3.0681584713769334,946.0,12.549019607843135,0.010954000570830846,F,2
7.0,1.2164335190978066,947.5,12.941176470588236,0.2175956900332019,J,2
27.0,4.5912905202000545,2750.5,21.176470588235293,-0.6121808995362592,F,3
0.0,3.405762732543025,1406.0,18.823529411764707,-0.032801977621649714,B,2
0.0,9.532008645393836,0.0,0.0,0.003807193177604251,J,1
38.0,0.7465768609897072,2361.0,15.68627450980392,0.2440423904052936,G,3
55.0,1.2432203984717283,2342.5,23.137254901960784,0.09315266236826067,G,3
0.0,9.458154806934486,0.0,0.0,-1.5642043095505058,H,1
1.0,1.6775555181986943,956.0,13.72549019607843,0.005684554310490406,E,2
0.0,1.6802451390798272,0.0,0.0,-0.0011649736985308023,C,1
24.0,4.796356794464839,2375.5,87.84313725490196,-1.335808054774803,J,3
0.0,0.4700670892429455,952.5,14.117647058823527,0.004459572448702986,G,2
0.0,9.486254642777974,0.0,14.117647058823527,-0.003894139665457999,D,1
21.0,4.153645163175979,949.0,12.549019607843135,0.09766135469946491,A,2
21.0,0.7679186418578569,1854.5,14.117647058823527,-0.06562423594916944,C,3
34.0,1.23498537535291,2130.5,15.294117647058822,-0.06922496929566935,C,3
48.0,4.047144709218841,948.5,12.549019607843135,0.6795893522833172,D,2
15.0,1.0475127302329075,2161.0,23.137254901960784,0.007179288025889852,G,3
0.0,2.1394943537178497,945.5,12.549019607843135,0.0021140939597315,E,2
15.0,3.736193202160647,2849.5,33.333333333333336,0.10144437961690222,F,3
21.0,1.5750251212263853,2098.5,18.823529411764707,-0.0026012983617985652,H,3
18.0,4.409255415833284,1856.5,26.666666666666668,-0.8289044842870263,J,3
0.0,9.064574744368842,0.0,0.0,-0.0005674357848270972,H,1
0.0,0.8700592724623027,0.0,0.0,-0.9986930967355495,G,1
2.0,1.8273312173399836,959.5,13.333333333333334,-0.0271380727347441,G,2
0.0,1.6890921437099857,953.0,14.117647058823527,0.0013807302923443676,I,2
0.0,9.49747109548216,0.0,0.0,-0.0002559241706161508,A,1
0.0,1.6305306942759883,0.0,0.0,0.00060606060606061,H,1
0.0,2.0928433653290677,956.0,12.941176470588236,0.0005138521781694605,H,2
0.0,9.068647518555615,0.0,0.0,0.0016990137650969572,G,1
0.0,9.49813423966103,0.0,0.0,0.0006920685775311242,J,1
49.0,2.899120380215378,2066.0,22.352941176470587,-0.3784971590909092,H,3
0.0,0.7145802542874563,1201.5,13.72549019607843,0.010245148764647397,A,2
33.0,1.2644811524430202,2093.5,27.45098039215686,-0.06780659049511506,B,3
11.0,4.733185643118785,2044.0,65.49019607843137,-0.3297024132457249,B,3
1.0,0.648679290568276,1336.0,25.88235294117647,1.424553959434431,I,2
0.0,2.0533220838067345,948.5,14.117647058823527,-0.004952880512091085,G,2
21.0,3.0815953751900267,2213.0,20.392156862745097,1.6405585114031807,H,3
17.0,0.682052788939494,1777.0,14.117647058823527,0.12415711332456297,H,3
6.0,1.5842615560006232,974.5,13.72549019607843,0.03277475781547445,F,2
0.0,3.203663783969152,948.0,14.901960784313726,0.07385537918871243,A,2
0.0,1.6415852667335125,949.5,14.117647058823527,0.0019588907088907703,H,2
0.0,1.0316294604980933,953.0,12.549019607843135,0.0010148347281772052,D,2
0.0,2.010324786059575,957.0,13.72549019607843,-0.00039034411915767064,J,2
37.0,4.797303960498726,3724.5,43.13725490196078,-0.45333072164109245,C,3
0.0,2.2281816886953827,943.5,13.72549019607843,0.004163333559306981,I,2
0.0,9.496785808259322,0.0,0.0,-0.0033291205438856775,F,1
0.0,1.6144196704851101,1213.0,16.862745098039216,-1.2549491858506459,G,2
0.0,9.44365331266003,0.0,0.0,0.029525283797729673,C,1
0.0,0.778759175745036,945.5,12.549019607843135,-0.0015761335917238162,H,2
0.0,1.0388181698884023,952.0,12.549019607843135,-0.002181999565397774,F,2
0.0,9.528855701249405,0.0,0.0,0.7824160043561879,D,1
9.0,0.47946701775316,941.5,14.117647058823527,0.1231179376215768,A,2
0.0,1.5000075282341996,0.0,0.0,0.0002900576620653017,I,1
12.0,1.6855738090533097,2332.5,20.7843137254902,-0.002500950248091771,D,3
14.0,1.8237112122943355,2663.5,26.274509803921568,0.9860546222817685,F,3
0.0,2.2321254722582937,947.5,14.117647058823527,-0.0035810810810810167,A,2
0.0,1.9780248504660995,951.5,13.333333333333334,-0.0028103103103103155,G,2
0.0,9.459697951437041,0.0,0.0,-0.04135987823668685,G,1
43.0,4.6651960325842605,2655.5,18.823529411764707,0.027569399005431094,G,3
49.0,1.8972336369580312,2070.5,19.607843137254903,-0.0638520752234224,D,3
8.0,1.2575241229794085,1073.0,27.45098039215686,0.23294372874368752,I,2
0.0,0.7912422129502608,949.5,12.549019607843135,0.004466200148142363,J,2
0.0,2.2688406487010764,952.0,14.117647058823527,0.009437436583340952,H,2
0.0,8.095099736393443,0.0,0.0,-0.001921313980138173,G,1
48.0,0.6264245393768251,2020.0,14.509803921568627,-0.0811722252597048,C,3
0.0,2.0552174089072675,953.5,13.72549019607843,0.004377104377104368,D,2
51.0,1.993017935027696,2157.0,19.607843137254903,-0.1930076004343106,H,3
43.0,0.36866138870525905,1826.5,14.509803921568627,-0.001528662420382132,G,3
9.0,0.8544588782004309,952.5,12.549019607843135,-0.017841746278119075,A,2
51.0,1.5471192510936707,2174.0,15.294117647058822,0.08405229590483171,F,3
59.0,1.4585924570004516,3676.5,18.431372549019606,-0.2682150955946826,G,3
0.0,1.68470984392455,0.0,0.0,0.00017770929635335664,E,1
24.0,2.7342887533898077,2426.0,20.392156862745097,-0.06268514581252538,E,3
0.0,1.0288758366004223,950.5,13.333333333333334,0.0006076424197229979,E,2
23.0,1.8328094931596333,2311.5,23.137254901960784,0.0494734182332727,J,3
0.0,9.067014924698134,0.0,0.0,-0.003348401679044155,A,1
0.0,1.451846944675803,0.0,0.0,0.09075185560954777,I,1
0.0,9.455331579500067,0.0,0.0,-0.046723092569774416,A,1
0.0,9.06952313267024,0.0,0.0,-2.2361984626240172e-05,G,1
23.0,1.6266113695306126,1506.0,24.31372549019608,1.4705698192819046,E,3
50.0,1.9197994184541833,1683.5,14.509803921568627,0.018046339606222206,A,3
2.0,1.6496768548070744,934.5,14.901960784313726,-0.07688714670927793,A,2
0.0,9.459657030822429,0.0,0.0,0.7225311010994308,I,1
0.0,9.070071656463027,0.0,0.0,0.0006207119741095113,C,1
0.0,2.2339443424401804,943.5,13.72549019607843,-0.0022930648769574624,B,2
0.0,0.6007043210511914,946.5,12.549019607843135,0.000478457544012989,B,2
0.0,1.2128251802208667,947.5,13.72549019607843,0.0014292517006803673,H,2
0.0,9.461271804623092,0.0,0.0,1.5314841842397338,C,1
21.0,1.684191695138337,1025.5,14.509803921568627,-0.017419144688452126,F,2
0.0,9.777159546570935,0.0,0.0,-3.663040500612047,C,1
0.0,8.859674466238365,0.0,0.0,-0.0016471293240735152,D,1
2.0,1.2327160431239654,1488.5,17.647058823529413,-0.052203682393555884,D,2
0.0,1.1045567535460712,955.0,13.333333333333334,-0.0027630146925449184,A,2
0.0,0.8383797487311668,1444.0,12.941176470588236,-0.00544299459601949,A,2
19.0,2.798212277650701,951.5,12.941176470588236,-1.0606377513703287,H,2
3.0,0.35349995899497233,1001.5,14.117647058823527,0.1920615217017373,A,2
29.0,4.918078094309133,1141.0,20.0,-0.019434065934065714,B,2
0.0,1.808434839648239,0.0,0.0,1.775625504439951e-05,E,1
38.0,0.6071956784104626,2361.0,15.68627450980392,0.09816914805624481,F,3
0.0,3.778612720684351,2089.0,20.0,0.34594976377803655,D,3
47.0,0.8418029510402463,2003.5,14.901960784313726,0.2270123100241695,A,3
0.0,1.6236105104033025,0.0,0.0,-0.0032575181847790957,J,1
0.0,1.2633538122531636,944.0,14.117647058823527,0.002511183597390554,H,2
21.0,2.07056685385603,2108.5,87.84313725490196,-0.2537521797417571,B,3
0.0,1.2409591905496205,941.5,12.941176470588236,-1.1089189189189188,I,2
44.0,1.7737096989976155,2749.5,15.68627450980392,-0.09694269190325966,C,3
0.0,0.5818553876020187,952.5,12.549019607843135,0.00013404960337382033,F,2
43.0,1.6646143179164494,2678.5,23.137254901960784,-1.1283829171190733,B,3
0.0,1.4116261551286322,953.0,12.549019607843135,0.003372693111466485,C,2
39.0,0.6698758136164359,2429.5,16.07843137254902,-0.929028351979936,I,3
89.0,1.6340090241816887,2988.0,16.862745098039216,0.35880157816866676,G,3
0.0,1.5522416426743693,950.0,12.15686274509804,0.003345640887934098,A,2
1.0,1.8095163645275776,970.5,14.509803921568627,0.0020889062026576977,G,2
0.0,9.539976991906206,0.0,0.0,0.0016968569065343164,G,1
0.0,9.070325448604835,0.0,0.0,0.0016493159826489467,E,1
0.0,1.0811456018275676,950.5,14.509803921568627,1.0905105152769117,B,2
30.0,3.7537789145922957,1918.5,21.56862745098039,0.9061285947046844,H,3
50.0,1.1736359592827568,1703.0,24.31372549019608,0.10915455141480468,G,3
0.0,3.8724486564247838,945.0,12.549019607843135,-0.8202230936819173,F,2
23.0,0.8115274936488989,1241.0,13.72549019607843,-1.9729134875101042,D,2
0.0,2.008542951507703,946.5,13.72549019607843,0.002347515277297263,A,2
0.0,1.6190157663504776,944.0,13.72549019607843,4.810004809993607e-06,C,2
35.0,4.381212695941177,2183.5,30.588235294117645,0.8026907334396727,G,3
0.0,1.2328459204678366,950.0,13.72549019607843,0.0011882981193405973,G,2
40.0,4.4870419868310485,944.5,12.941176470588236,-1.4684306603823098,G,2
0.0,9.4860956520952,0.0,0.0,-1.4296889311207934,C,1
46.0,0.560367295345087,1945.0,14.509803921568627,0.09426710097719876,H,3
19.0,1.612034469579799,1918.5,23.52941176470588,0.1355438092196316,B,3
0.0,9.492273010168724,0.0,0.0,0.005421503308377318,A,1
0.0,8.73718204218519,907.0,16.862745098039216,0.006556800666984802,G,2
26.0,1.4963004701347833,2603.0,20.7843137254902,0.0711814828397006,F,3
0.0,0.8575702262253546,946.5,12.15686274509804,-0.0022793986039019165,F,2
26.0,1.2832251031505064,948.0,12.15686274509804,-0.008560036675732796,H,2
14.0,1.1733085221063289,1212.0,13.333333333333334,-0.40775384615384636,A,2
2.0,1.7514027146248312,953.5,14.901960784313726,1.142134354845691,B,2
5.0,0.904888291034521,1316.0,12.941176470588236,1.077632384345139,C,2
0.0,3.2385962395186283,955.5,14.509803921568627,-0.06706412081450763,G,2
0.0,9.492878709234713,0.0,0.0,0.0046360819246062945,C,1
0.0,2.0715639181051877,950.0,13.72549019607843,0.004138959835454092,E,2
0.0,9.069291684480053,0.0,0.0,-0.0020169552669551116,J,1
0.0,9.49078080926551,0.0,0.0,0.011698652511229035,E,1
0.0,7.958748040277595,0.0,0.0,0.001101035581518861,A,1
1.0,1.1047375993095436,948.0,14.117647058823527,0.11019801980198018,F,2
0.0,1.5519841509954633,950.5,14.509803921568627,0.0014757910568634625,E,2
32.0,1.7725826235817586,1980.0,20.0,-0.010472815533980662,F,3
26.0,4.073518157607218,2547.0,15.68627450980392,-0.8044955141476886,E,3
0.0,0.7826366593767753,941.5,13.333333333333334,0.009880045900555245,C,2
0.0,2.1326252765530382,973.0,13.333333333333334,-0.002745634263639163,J,2
48.0,1.7645277750403616,2032.5,18.823529411764707,0.14148494623655905,F,3
0.0,9.068874395092607,0.0,0.0,0.008572607260726617,H,1
0.0,1.4743835911663636,1293.0,9.803921568627452,0.007978187919463031,C,2
19.0,4.086898646525001,1875.5,18.03921568627451,-0.9826953295504148,D,3
0.0,8.891096603094333,0.0,0.0,-1.0926987179487182,E,1
0.0,9.513070736015004,0.0,0.0,-0.8470148019515422,D,1
46.0,4.82699287687819,2883.5,16.470588235294116,0.10925878802225242,A,3
33.0,1.6372008685078505,1033.5,14.117647058823527,0.1963711463123829,F,2
0.0,0.9916915715680278,952.5,13.333333333333334,0.0012564403868752239,B,2
3.0,1.0952686732097412,950.5,14.117647058823527,-0.01242569179655273,F,2
20.0,1.3390507956561184,2040.5,16.07843137254902,-0.007499159239952868,J,3
0.0,1.6556771274531774,957.5,13.72549019607843,0.0016758185885702992,H,2
0.0,9.46364910284761,0.0,0.0,-0.0562127571882558,D,1
30.0,4.973439186335537,2964.0,23.52941176470588,-0.01942000701604485,F,3
57.0,1.7253993761689144,1929.0,14.509803921568627,0.2195982216708024,D,3
0.0,1.8849976579409249,941.5,14.117647058823527,-0.022859016680147795,F,2
42.0,0.7753189923215115,2613.0,16.07843137254902,0.07655068062716813,J,3
0.0,9.54635604741867,0.0,0.0,0.6887000088090203,F,1
0.0,0.5496274607917064,945.0,13.72549019607843,0.0026262626262626015,D,2
2.0,3.7171915052102893,952.5,12.549019607843135,0.021678467464816276,G,2
0.0,1.0150151339171416,946.5,13.72549019607843,-0.937799352750809,H,2
0.0,8.896162373647536,0.0,0.0,-1.0613513077692134,E,1
21.0,0.9240579020873078,2133.5,22.352941176470587,0.12070270493837365,C,3
66.0,2.6152214445109006,2802.0,88.23529411764706,1.7795689484126984,A,3
50.0,1.3718585725788746,3138.5,17.254901960784313,-0.8656958972689159,J,3
0.0,1.6756766663797145,0.0,0.0,0.0019433719433719077,H,1
0.0,0.9922131479098116,956.0,12.941176470588236,0.004624043333236072,D,2
0.0,0.536803574216695,947.0,12.941176470588236,-0.002782180485570329,A,2
0.0,2.263182678143125,952.0,14.117647058823527,0.0010853890803554922,A,2
0.0,0.5652023715809266,949.5,12.549019607843135,-0.002008830022075081,H,2
0.0,9.486761809302564,0.0,0.0,-0.002060991063091988,H,1
3.0,1.548337966838598,1225.5,23.92156862745098,0.0060578843381211556,H,2
10.0,1.3968931257226436,942.0,13.72549019607843,0.8651569734613211,E,2
0.0,9.479526430044453,0.0,0.0,0.8349323399288093,G,1
0.0,8.318799270806165,0.0,0.0,-0.0005781858261815209,H,1
0.0,2.010127405167222,957.0,13.72549019607843,-0.0005676259811169815,J,2
47.0,0.7660835323044826,2099.5,20.0,-0.06722391469916222,G,3
2.0,3.670275754856521,949.0,12.549019607843135,0.8041516329616116,I,2
0.0,9.494624281573408,0.0,14.117647058823527,0.006706216882879597,I,1
17.0,1.6971293551639208,1719.5,19.215686274509803,0.03854949314251643,E,3
0.0,2.0073156819955384,949.0,13.72549019607843,-0.0024406698126175352,B,2
40.0,2.43660727850268,948.5,12.941176470588236,0.2023485480555952,J,2
0.0,7.972855985303788,0.0,0.0,-0.008664383561643785,I,1
16.0,4.4948291486760805,1694.5,16.470588235294116,-0.1175381005894991,I,3
45.0,1.8369362622109673,1931.0,18.823529411764707,0.10403581901969002,J,3
0.0,2.006559682117156,953.5,13.333333333333334,0.000646701786532311,J,2
6.0,5.157287081299621,1699.0,19.607843137254903,-0.8238768143311939,F,3
0.0,1.6447055377926676,950.0,13.333333333333334,0.00041563911129130493,F,2
0.0,9.063821464184766,0.0,0.0,-0.0021564397715945205,J,1
48.0,4.434020840318634,2034.0,17.254901960784313,0.7227882599580715,D,3
0.0,9.47066813293876,0.0,0.0,-0.7559975942261428,D,1
45.0,0.09890915529002717,1911.5,14.509803921568627,0.1534903017241379,A,3
0.0,1.9784144689281808,949.0,13.72549019607843,0.0007710211737057826,G,2
0.0,0.9573374766946863,950.0,13.72549019607843,0.0027396608017412616,J,2
24.0,0.8127973313703184,2463.5,27.058823529411764,0.07973614720429201,H,3
0.0,9.409162593290725,0.0,0.0,-1.4803818129436106,E,1
0.0,9.451549794725118,0.0,0.0,-1.4062231759656652,B,1
0.0,2.00992259801533,954.0,13.72549019607843,-0.002370773068447518,J,2
0.0,2.0629447454293652,950.5,13.72549019607843,-0.0002828676133760366,C,2
0.0,9.494250974048692,0.0,0.0,-0.002082392776523667,C,1
0.0,1.05589738710225,950.5,12.549019607843135,0.0024212202194803245,G,2
20.0,0.9520395859158839,2024.0,14.901960784313726,0.011991889899238092,D,3
0.0,1.5799094956242554,948.5,13.72549019607843,0.0027308749427392975,I,2
27.0,4.43658433833455,2751.5,23.137254901960784,-0.07097942042830985,E,3
0.0,9.459720272643557,0.0,0.0,0.7005471302890656,H,1
0.0,0.5832812440852108,946.0,12.941176470588236,0.0003193125844896949,E,2
0.0,4.306825574197065,950.0,12.941176470588236,-0.003333599161502221,E,2
0.0,0.8509618178323791,947.5,12.549019607843135,0.006691697678539832,E,2
0.0,1.770147215374195,0.0,0.0,-0.0033895058836497967,C,1
0.0,1.9616109443721998,951.0,14.901960784313726,-0.0006138218341608104,C,2
41.0,4.582876455324018,2542.0,21.96078431372549,-0.007936223445389246,C,3
0.0,1.0180442399635343,948.0,12.941176470588236,0.0019248602274918314,F,2
33.0,0.8779031001471643,2046.5,18.823529411764707,-0.06481918542336551,E,3
17.0,4.294047865498833,947.0,12.941176470588236,0.650062867641684,A,2
27.0,3.518775005384895,1706.5,14.117647058823527,0.02871623675525442,C,3
0.0,1.7029726519406014,0.0,0.0,-0.00392914653784221,J,1
29.0,3.7821045812399006,1820.0,16.07843137254902,0.8379033822220889,F,3
0.0,9.492347535792499,0.0,0.0,-4.9988238061571266e-05,F,1
3.0,1.825002503758426,1001.5,14.117647058823527,0.06024635495223732,A,2
21.0,1.4670441160038477,1080.5,12.941176470588236,-0.09684837061153731,I,2
26.0,1.742702566306316,1657.0,87.84313725490196,0.537341978985687,H,3
34.0,1.8592635090394762,2099.5,87.84313725490196,-0.10996551024548593,A,3
0.0,9.07028160229623,0.0,0.0,-0.0005336127007948832,I,1
4.0,1.5030288810873904,1045.5,14.901960784313726,-0.02939421583850943,F,2
19.0,3.3294159722821854,2011.5,14.901960784313726,-0.009617478524662548,D,3
4.0,0.9340104696633478,1049.0,14.509803921568627,0.013647726669849897,C,2
0.0,1.0659983453187074,952.0,13.72549019607843,-0.004808558558558551,A,2
17.0,4.271341487362771,1690.5,21.96078431372549,0.33796731948093317,B,3
46.0,4.32571868911811,2901.5,20.392156862745097,1.1263251449128595,E,3
24.0,2.226307466344201,2426.0,20.392156862745097,0.09806253567958978,H,3
44.0,4.775231048876222,2740.0,88.23529411764706,-0.1775354641588789,E,3
0.0,0.4153471432466823,951.0,13.72549019607843,0.011610173321582706,H,2
0.0,1.5025897900283716,955.0,13.72549019607843,0.0041165413533834905,E,2
0.0,9.499965907550704,0.0,0.0,0.0493376761243004,H,1
0.0,9.46860335521407,0.0,0.0,0.027468911804377216,B,1
27.0,4.703862599719073,1968.0,14.901960784313726,-1.3297969398340252,A,3
0.0,1.5394103267711416,952.0,12.549019607843135,-4.2127907497913064e-05,H,2
0.0,1.977966004994437,946.0,13.72549019607843,-0.0011744966442953086,H,2
50.0,1.8987013280421319,1694.0,16.862745098039216,0.13527599818805408,H,3
0.0,9.45890626719672,0.0,0.0,-0.7823931615239103,I,1
0.0,1.97863263791619,957.5,13.72549019607843,0.0007805741026080115,H,2
46.0,1.4638075735413345,2845.0,16.862745098039216,-0.0708259416512527,F,3
0.0,9.528624328875729,0.0,0.0,-1.6141249419460668,J,1
24.0,0.9667121870065198,1527.5,18.823529411764707,0.24768069039913698,B,3
0.0,0.8553144916402667,949.5,12.549019607843135,-0.004683274258602932,A,2
2.0,2.0021260653148434,1784.0,22.745098039215687,1.0423860163015792,D,3
1.0,1.674610545879488,951.5,12.941176470588236,0.015422714540361501,F,2
0.0,1.3830942624443592,950.5,12.549019607843135,0.0015718371358994787,D,2
31.0,1.1427371341932844,1961.5,14.509803921568627,0.42050149528410385,I,3
0.0,1.2250270499169664,946.0,14.117647058823527,-0.0057422679289270695,B,2
0.0,4.0172080353963935,944.5,14.117647058823527,-0.6672373697963923,C,2
19.0,2.761431104910739,2011.5,14.901960784313726,1.4583071530509923,F,3
18.0,1.8087830716244866,1990.5,18.03921568627451,-1.247385651125402,B,3
49.0,1.3467556472852018,2065.5,21.56862745098039,-0.8376943568173852,E,3
2.0,4.460256474053022,952.5,12.549019607843135,-1.496949930512876,H,2
48.0,1.0117003919082233,3005.5,88.23529411764706,0.14878339674261531,A,3
0.0,9.466721568700315,0.0,0.0,-0.7062639432130957,J,1
0.0,0.7339072042392197,952.0,13.72549019607843,0.003108108108108132,C,2
0.0,0.5198962231663237,952.5,12.549019607843135,0.002564548494983221,B,2
0.0,0.5782841526895313,946.5,12.549019607843135,0.003208427601809949,F,2
16.0,0.7625446223360257,1123.5,13.333333333333334,0.09569823487983098,I,2
4.0,1.4927589013954372,1574.5,13.72549019607843,-0.04119070512820522,G,3
0.0,9.466984543922912,0.0,0.0,-0.04372651222651214,F,1
0.0,3.087480341501241,953.5,12.549019607843135,0.00037199124726461363,I,2
0.0,9.065798533207577,0.0,0.0,8.826330594313703e-05,F,1
0.0,9.065550949304983,0.0,0.0,-0.0002887043189367944,H,1
0.0,1.7305991296053675,948.0,14.117647058823527,0.00068739193739209,H,2
0.0,9.488469092943408,0.0,0.0,-1.410447694380861,J,1
0.0,2.009388308813554,946.5,13.72549019607843,-0.0005827418327419287,I,2
36.0,1.852585040875339,2264.5,21.56862745098039,-0.12603750438135292,E,3
0.0,9.501517286007145,0.0,0.0,-0.003991003963457085,C,1
0.0,1.5214108570340512,0.0,0.0,0.003970651802980396,I,1
52.0,4.922282027559836,950.5,12.941176470588236,-0.02848181514848136,I,2
18.0,2.4286075809456253,1841.0,87.84313725490196,-0.3988932048286603,D,3
25.0,0.4527075054372454,2561.5,16.470588235294116,0.047492391965916037,H,3
33.0,1.3952855672844842,2103.0,22.352941176470587,0.02566878980891729,E,3
0.0,0.5412800392626941,953.0,12.549019607843135,0.0007895435885052482,I,2
1.0,1.9576009932981193,970.5,14.509803921568627,0.03125847067465359,A,2
0.0,0.6921320777024964,0.0,0.0,-0.001457056440107296,F,1
27.0,1.9898150142943214,2698.5,32.549019607843135,-0.1220241042345277,H,3
0.0,0.6010429486727709,943.5,12.549019607843135,0.0025249158249157078,F,2
29.0,1.8247614355946093,1860.5,30.980392156862745,0.8715936242930162,F,3
0.0,0.5456680229886708,2006.0,19.607843137254903,-0.01743574408703208,C,3
0.0,9.433611038565497,0.0,0.0,0.681362647754137,H,1
0.0,9.065434575333443,0.0,0.0,-0.0011638144187826605,F,1
0.0,2.0183259035374577,947.5,13.72549019607843,0.0074410774410774705,H,2
0.0,1.568842297248234,0.0,17.647058823529413,0.003630490956072374,C,1
12.0,1.2861193257925987,988.5,19.607843137254903,-0.43012366276365555,A,2
14.0,2.0096362728045514,1463.0,17.647058823529413,-0.006565854655022685,A,2
0.0,9.513882538313563,0.0,0.0,2.1129956896551727,E,1
1.0,1.8131493797186786,951.5,12.941176470588236,0.034445061517429904,D,2
32.0,1.6789995121613446,2638.0,28.62745098039216,0.4995218703307649,B,3
0.0,8.891277349829338,0.0,0.0,-1.081969884488449,E,1
38.0,3.9804076952302565,3819.5,26.666666666666668,-0.132344357553563,B,3
0.0,0.7245537535748562,1368.0,16.07843137254902,1.0269749585214338,G,2
0.0,9.527254949274898,0.0,0.0,0.0011318918205516226,H,1
24.0,1.7299161530835592,2398.0,22.745098039215687,-0.038477091783085504,J,3
0.0,9.47225349119807,0.0,0.0,-0.0023077979805908866,C,1
18.0,2.6045203746170538,1836.0,23.137254901960784,-0.09001616476758834,D,3
0.0,9.116029445640118,0.0,0.0,0.0013576158940398209,D,1
0.0,1.6087412499784022,944.5,14.117647058823527,-0.002481075144372208,B,2
0.0,1.7201903394441826,947.5,14.117647058823527,0.005057898807898864,A,2
0.0,9.460789895350445,0.0,0.0,0.011651688875116362,I,1
0.0,9.042508710579757,0.0,0.0,-0.011136872076470183,C,1
21.0,0.9449668778324538,2107.0,17.254901960784313,0.00782178217821805,C,3
79.0,2.25740080793362,2662.5,15.68627450980392,0.01771044383783238,G,3
0.0,2.8396638409766077,946.0,12.549019607843135,0.013242946242946196,E,2
26.0,3.0225823887373253,1675.5,16.07843137254902,-0.1203235346306264,G,3
0.0,9.447591686276338,0.0,0.0,-1.4108520676424612,J,1
42.0,1.7327303103199787,1804.0,15.294117647058822,-0.10265442890442891,J,3
19.0,1.6848494254632764,950.0,12.15686274509804,-0.1318577879154641,F,2
0.0,1.329367251012842,1411.0,10.196078431372548,-0.11499125774646426,E,2
5.0,0.23735416728967687,948.5,13.333333333333334,0.020082954241370105,C,2
0.0,9.50763047223636,0.0,0.0,-1.4300012207719035,G,1
64.0,3.6869136348207228,2639.0,15.68627450980392,1.5260864272671943,I,3
0.0,1.6643943221610902,951.0,13.72549019607843,0.00033783783783786214,E,2
0.0,9.47711100262223,0.0,0.0,-0.0248600258083016,H,1
42.0,1.1016500657327413,2622.5,87.84313725490196,0.8497112468152221,B,3
0.0,2.0908282689351507,962.0,12.941176470588236,0.0016832694763729839,B,2
0.0,1.0543254139626386,948.5,12.549019607843135,0.0006617647058823062,I,2
18.0,0.8807872560537187,956.0,12.941176470588236,-0.09530961518514683,J,2
0.0,9.467342099130322,0.0,0.0,0.05056046923005303,I,1
9.0,0.6626543754394614,969.0,12.941176470588236,0.9886391692546583,C,2
0.0,1.2157324031651098,949.5,13.333333333333334,0.0011111111111112293,I,2
17.0,1.6224010963870208,982.5,13.72549019607843,-0.21443281943771442,J,2
0.0,9.53794157597947,0.0,0.0,2.2979745202995834,E,1
0.0,9.069398380963777,0.0,0.0,0.008948813461353122,J,1
0.0,0.533501311717256,951.0,12.549019607843135,0.002642519419115197,I,2
59.0,1.9912941023984247,2499.0,87.84313725490196,-0.6103648580022658,J,3
0.0,2.23438219972422,949.0,13.72549019607843,-0.0009743243243245381,A,2
0.0,9.492363167618684,0.0,0.0,-0.0031955749593014504,F,1
0.0,0.44802672067079374,945.5,13.72549019607843,-0.0035386301493683936,G,2
18.0,1.7883757831155618,1876.0,14.509803921568627,0.12187049457782229,C,3
28.0,2.9276170901325966,2874.5,21.96078431372549,0.1932601880877738,G,3
2.0,0.5417115463458997,953.5,14.901960784313726,0.07286526204684773,F,2
21.0,3.491500676146197,2213.0,20.392156862745097,0.6116080055210489,I,3
24.0,4.018202782659841,2401.5,18.431372549019606,-0.34325192409939964,H,3
30.0,0.7637287158632082,1028.5,13.72549019607843,0.017921447017484396,G,2
0.0,9.547137441525274,0.0,0.0,0.6917790653071786,H,1
50.0,1.4091714943732068,2121.0,24.705882352941178,0.1470842619578262,G,3
10.0,2.4973779538565726,1886.5,18.03921568627451,0.652323869610936,G,3
19.0,0.9027724787174697,1072.0,14.509803921568627,0.09637701928087548,F,2
0.0,9.496516835992773,0.0,14.117647058823527,-0.00021669670883810166,C,1
38.0,4.3556438025224695,3819.5,26.666666666666668,-2.3602053371684244,I,3
0.0,0.9423248448611451,950.0,14.117647058823527,0.0029047274699448566,E,2
0.0,1.2345440980346278,952.0,14.509803921568627,-0.0016043464365610438,E,2
3.0,0.16567511587569392,956.0,13.72549019607843,0.104758983823689,C,2
0.0,0.8877426191030326,952.0,12.549019607843135,-0.0017505995203837,H,2
43.0,4.578202791748851,2644.5,16.07843137254902,-1.1332309391973383,H,3
0.0,9.495844901645967,0.0,0.0,0.0030242621479070753,B,1
0.0,9.068638029199507,0.0,0.0,-0.0019448860625326247,A,1
0.0,1.053984898827169,949.5,12.549019607843135,0.0013118279569892533,I,2
0.0,1.40961383537517,949.0,12.549019607843135,2.2423087527182357,B,2
41.0,1.1123672167793215,1730.5,14.117647058823527,-0.10225447196422432,A,3
0.0,2.1366895506582555,1723.5,19.215686274509803,-0.00556513593493857,C,3
0.0,1.226743016914206,954.0,13.333333333333334,0.0030022634370461265,E,2
0.0,1.0475714831351266,956.5,12.549019607843135,0.0004378372268722952,H,2
0.0,9.070292898340456,0.0,0.0,0.003501683501683228,G,1
0.0,2.0083310142499036,944.0,14.117647058823527,0.0014295107987075117,J,2
53.0,1.7116289551243737,2259.0,21.176470588235293,-0.3788339438339437,F,3
18.0,0.4282999276678949,946.0,12.15686274509804,0.23880447301459767,B,2
0.0,0.5546617243365292,948.0,12.549019607843135,0.0032317489974480473,A,2
0.0,9.534869879700798,0.0,0.0,2.8254683756805807,A,1
46.0,4.154497074688344,2836.5,87.84313725490196,0.23185384845762225,D,3
33.0,1.7822821577451746,2058.0,18.823529411764707,-0.21624169515250496,F,3
21.0,1.3920543300329198,2089.0,18.431372549019606,-0.05225482876156484,H,3
0.0,1.7057266200390582,956.0,14.117647058823527,0.0002240838418313129,I,2
35.0,1.8561487134528973,2174.5,18.823529411764707,0.024011846958654326,B,3
41.0,2.118493136196006,2563.5,15.68627450980392,-0.5044115042046078,B,3
29.0,1.836459597650529,2943.0,12.549019607843135,-0.19208840936468874,A,3
5.0,4.08826997347693,953.5,12.549019607843135,-0.018067193675888937,H,2
2.0,0.48899031745980714,949.5,12.549019607843135,0.003259282009281994,E,2
19.0,2.2617063913292306,950.0,12.15686274509804,-0.612140274255659,I,2
3.0,1.5784562098817854,1542.5,22.352941176470587,1.0993639122315593,F,3
0.0,9.43121495223501,0.0,0.0,-0.09861337453634031,J,1
41.0,0.4390888917953782,2637.5,21.56862745098039,-0.5405001607587814,E,3
0.0,1.8159867738797768,950.5,14.117647058823527,0.0054882154882155,J,2
30.0,0.7972367819792427,1296.0,13.72549019607843,0.18707368043945527,A,2
0.0,8.036664068197284,0.0,0.0,0.001274621092682171,G,1
0.0,9.480632510515607,0.0,0.0,-0.7249015910802599,J,1
0.0,1.245638157303803,965.0,13.72549019607843,-0.00786913240868009,H,2
47.0,3.7636847557400452,2016.5,21.56862745098039,-0.13949884563330972,G,3
17.0,1.8967755207131292,1785.5,19.215686274509803,-0.16874447949526822,B,3
0.0,9.53942285699531,0.0,0.0,2.110811452863216,A,1
51.0,1.5910376556913242,2130.0,16.07843137254902,-0.115569441074173,J,3
52.0,0.3308114136409357,2191.5,16.470588235294116,-0.9035880075323192,D,3
0.0,9.479088177372867,0.0,0.0,-0.0020793441179707273,A,1
17.0,4.846398144340301,1714.0,16.470588235294116,-0.5634730377917441,I,3
0.0,1.213602790118381,949.0,13.72549019607843,-0.003007215975834865,E,2
39.0,2.36287978445524,2448.0,15.68627450980392,-0.5020278025378829,A,3
13.0,1.464210881409228,944.5,13.333333333333334,0.06380232760118121,H,2
0.0,1.6567100891370325,953.5,13.333333333333334,-0.0018300534637697013,D,2
51.0,4.685422490339968,2156.5,20.0,0.6927308453632159,C,3
0.0,1.5695532358648612,0.0,17.647058823529413,-0.002354892205638448,C,1
0.0,1.651095610977554,952.5,14.117647058823527,0.000244422274623568,A,2
13.0,2.776038545789345,2549.0,23.52941176470588,0.1673394113484035,I,3
11.0,5.573795148094423,1171.5,19.607843137254903,-1.001777194063906,F,2
0.0,9.068785393090035,0.0,0.0,0.0029398740745869567,D,1
0.0,0.545624093000369,946.5,12.941176470588236,0.003485052388733978,E,2
74.0,0.9892713946577691,947.0,12.941176470588236,0.4359798984812636,B,2
0.0,1.4375766297662658,0.0,0.0,0.00031997830655550175,B,1
0.0,8.041903601690837,0.0,0.0,0.00087358452184505,E,1
0.0,9.525079554866242,0.0,0.0,0.7119783256621142,H,1
13.0,2.3492383857982246,1303.5,18.431372549019606,0.5338473031963202,B,2
0.0,1.217811647525196,947.0,13.72549019607843,-0.0013022502458495122,G,2
0.0,2.004557049328013,942.5,14.117647058823527,0.004916787592962046,D,2
18.0,1.5958655074515955,1097.0,14.509803921568627,-0.1140548720375409,J,2
15.0,1.7520792525364395,1569.0,19.607843137254903,-0.051336108133106295,G,3
0.0,0.7811673585392221,953.5,12.941176470588236,0.0020715876457833016,J,2
27.0,3.0036303936737285,1699.0,14.509803921568627,2.8167935088951084,F,3
0.0,9.06719912360341,0.0,0.0,0.016422709366792798,F,1
34.0,1.747655338501319,2105.5,14.901960784313726,0.061119132843939994,G,3
0.0,1.0422691732000329,936.0,12.549019607843135,-0.0021623183252589273,F,2
0.0,0.9496863734973888,949.0,13.72549019607843,-0.00019295958279019754,D,2
6.0,0.5664230550751697,952.5,12.15686274509804,0.017517232148832163,F,2
46.0,0.8014453599169205,1940.0,14.901960784313726,0.07876162547130283,J,3
0.0,9.496076716126389,0.0,0.0,-0.005428541710006285,E,1
23.0,0.5831114055508789,2378.5,15.294117647058822,-0.10352390511696499,H,3
5.0,1.5448283357562882,960.0,12.549019607843135,0.0586156115077161,E,2
0.0,2.0092925673496267,946.0,13.72549019607843,-0.0005433529930174985,G,2
2.0,1.9157067137316985,1488.5,17.647058823529413,-0.09019779562542718,E,2
30.0,4.7894312785330255,1827.5,14.509803921568627,-2.0180726171625407,D,3
0.0,9.483611249421998,0.0,0.0,-0.027782251061747143,E,1
0.0,2.0025416877424105,951.0,14.901960784313726,0.0,H,2
0.0,2.010180693655013,946.5,13.72549019607843,0.0016088569308908007,F,2
0.0,0.6007707289882502,946.0,12.549019607843135,-0.0023409610983979867,H,2
0.0,9.496767938706535,0.0,0.0,0.0031133691060624136,J,1
0.0,1.9401536508157886,930.5,14.117647058823527,-0.007311343719571595,I,2
15.0,4.227671815207748,2849.5,33.333333333333336,-0.19053778456468884,C,3
0.0,2.2636805399759172,952.0,14.117647058823527,0.002430933493220211,B,2
0.0,1.6830230233076509,948.5,13.72549019607843,-0.002133082234777206,A,2
0.0,2.9040018828947667,951.5,12.549019607843135,0.7987615054848058,A,2
24.0,3.9877484131257703,2364.5,16.07843137254902,-0.20944160088277686,J,3
0.0,0.5715271413340857,948.5,12.549019607843135,-0.0006652713319380554,A,2
43.0,0.5824943609512264,2659.0,16.07843137254902,0.1220470279791897,B,3
51.0,1.5292250732324175,3146.5,16.470588235294116,-0.09570283707492366,I,3
0.0,9.068872692469679,0.0,0.0,-0.0005792792792793655,G,1
2.0,0.8380817071922484,953.5,13.72549019607843,-0.00620882893658492,A,2
20.0,1.7764412617110743,2000.5,14.901960784313726,-0.03998506348020914,J,3
38.0,0.3313499966991097,1641.5,14.117647058823527,0.1072606132075471,E,3
0.0,9.070201301684472,0.0,0.0,0.0024919835943317814,I,1
0.0,0.7336237259157594,949.0,13.72549019607843,-0.000269816796662381,A,2
14.0,0.6583131077550082,1078.5,14.901960784313726,0.3407436752849596,D,2
0.0,9.492420403144752,0.0,0.0,0.01433784800601956,H,1
19.0,0.9350011370055763,1211.0,13.72549019607843,0.01397086466165412,J,2
0.0,1.7125801409072117,0.0,0.0,0.001890866647213274,C,1
20.0,0.5688095719373653,954.5,12.15686274509804,-0.007470463920150716,J,2
0.0,0.574318891542613,952.5,12.549019607843135,0.0003752759381898674,B,2
3.0,1.5044851089089792,1515.5,11.372549019607844,0.12486281320977,G,3
21.0,2.474883665793032,2165.5,76.86274509803921,0.10770028186658376,J,3
0.0,8.273682413858504,0.0,0.0,0.0003014997945478548,J,1
0.0,0.5474294209606971,948.5,12.549019607843135,0.002904093567251409,B,2
17.0,2.4998515223452467,2728.0,16.07843137254902,0.3867768272198134,G,3
0.0,0.9990004215292638,952.5,13.333333333333334,-0.0009746048051132994,B,2
0.0,9.116659330353672,0.0,0.0,0.006957994802802681,H,1
1.0,0.8194840671261535,1143.5,16.07843137254902,0.07849631966351212,I,2
0.0,1.9103618513688312,947.0,14.117647058823527,-0.0019498069498068982,I,2
16.0,2.3464584433858655,1686.0,87.84313725490196,-0.1838624818577649,J,3
28.0,2.826177036631539,946.5,12.941176470588236,1.4528046141892301,F,2
0.0,1.4545003203314524,0.0,0.0,0.003288135593220387,I,1
1.0,1.8046274435852183,949.5,12.941176470588236,2.8852666053780753,D,2
0.0,0.9892007529664081,951.5,13.72549019607843,0.002628468593985578,B,2
0.0,4.31705308000557,952.0,12.549019607843135,-0.013545647558386165,C,2
0.0,1.585481071967878,0.0,0.0,-0.0023628173628174043,J,1
0.0,1.731391574602797,943.5,14.117647058823527,-0.0001404210332781597,F,2
0.0,9.497260175419537,0.0,14.117647058823527,-0.0021721231914674996,B,1
0.0,9.477046556209306,0.0,0.0,2.0724524312896406,B,1
0.0,2.0089640524653203,949.0,13.72549019607843,0.003184608337150674,J,2
0.0,9.06680390188119,0.0,0.0,0.00676926369863029,G,1
2.0,0.7362521902376402,983.5,14.509803921568627,-1.3715927379507016,G,2
20.0,0.49505733722941003,945.0,12.15686274509804,0.13122186495176857,D,2
0.0,1.0577027166832205,950.0,12.549019607843135,-0.0004582293610685406,F,2
21.0,5.304914582747768,2063.0,20.0,0.9083359013867494,B,3
0.0,2.230599286326018,949.5,13.72549019607843,-0.0017529102170736888,B,2
0.0,8.895616670016098,0.0,0.0,-1.0531561629153268,C,1
0.0,9.491779876617956,0.0,0.0,0.002503220463746736,H,1
0.0,2.00933071734253,950.5,13.72549019607843,0.0012745064918978088,I,2
19.0,4.106414982362427,1943.5,21.176470588235293,1.1984540590184884,I,3
24.0,0.9992318590284535,1484.5,87.84313725490196,0.4869362124049797,G,2
35.0,1.6517723133767734,2174.5,18.823529411764707,-0.1722642413593436,I,3
17.0,1.1142519589690179,933.0,13.72549019607843,-0.022990353697749155,H,2
10.0,1.2123658291589414,963.5,14.117647058823527,0.11638910388716892,J,2
0.0,9.038297443044533,0.0,0.0,-0.0014735576923081695,F,1
0.0,0.5406246161707364,951.5,12.549019607843135,-0.0017317073170731723,F,2
0.0,9.566173883591775,0.0,0.0,-0.7869377990430622,C,1
20.0,1.472961950926004,1254.0,14.117647058823527,0.07650759849906219,I,2
27.0,1.4212686910851895,1181.0,14.509803921568627,0.48591780928942563,F,2
0.0,1.051004009823722,937.0,13.72549019607843,-0.7461093355761143,J,2
0.0,3.9392274900584754,949.0,14.117647058823527,0.00715344473143209,J,2
37.0,3.8624584983245605,3732.0,42.35294117647059,-0.16921005493193197,J,3
0.0,1.635568977066715,956.0,14.117647058823527,-0.0180066445182724,E,2
61.0,1.4793270748485725,2595.0,15.68627450980392,-0.07542491489093428,B,3
0.0,1.067581614471968,950.0,14.117647058823527,-0.0006825938566553669,D,2
0.0,1.645038542394778,947.5,12.941176470588236,0.011047256621947,F,2
11.0,1.604017859393853,1213.0,13.333333333333334,-0.055124223602484534,I,2
0.0,1.5793152396709227,947.0,13.72549019607843,0.0017627118644067963,B,2
0.0,9.533504741649962,0.0,0.0,1.5396576445503576,C,1
7.0,0.4560757749926051,945.5,12.941176470588236,0.05483947289607671,E,2
0.0,1.0331314974538799,954.0,12.549019607843135,0.0008547977196236012,A,2
0.0,1.0668426538536722,950.0,12.549019607843135,-0.002452038093485487,B,2
38.0,5.097617008891867,2395.0,15.68627450980392,-0.46244830091661093,I,3
39.0,1.106134283860512,1638.0,15.294117647058822,0.08358856127585768,C,3
36.0,5.34629443611533,2279.5,24.31372549019608,-0.6235408232118758,J,3
0.0,9.065685435666655,0.0,0.0,-0.0008340369788748525,F,1
0.0,9.553520056136195,0.0,0.0,-0.07091419259747478,D,1
3.0,6.040269132222708,941.5,13.333333333333334,-0.052032277523411885,D,2
48.0,0.9369906610467837,3005.5,88.23529411764706,0.03228035320088296,H,3
26.0,0.18393606604712442,2629.0,18.823529411764707,0.0572902109928555,C,3
0.0,1.6980029505596166,0.0,0.0,0.0007185758161756262,F,1
0.0,9.070050362216163,0.0,0.0,-0.002741467378685858,E,1
0.0,1.1687647820009788,957.5,13.333333333333334,0.0006916099773243145,E,2
37.0,0.28816619438382,1360.0,13.72549019607843,-0.0695046493438777,A,2
59.0,1.6852073318439866,1991.5,27.84313725490196,-0.18991102677630198,F,3
0.0,9.498042725028741,0.0,0.0,-0.005309741045855798,F,1
24.0,0.803230390850465,2431.0,19.215686274509803,-0.36721073502336765,G,3
0.0,0.605683367510798,948.0,12.549019607843135,0.0009146150858680979,F,2
25.0,1.666247667661432,1576.0,18.03921568627451,-0.2805205541582485,J,3
31.0,1.858127458412407,1942.0,21.96078431372549,0.135852313717407,J,3
2.0,1.9192173391536318,1347.5,13.72549019607843,-0.2911609653233365,E,2
0.0,1.609894930938871,947.0,14.509803921568627,0.0012036173359116775,B,2
0.0,1.1571296532467468,948.5,13.72549019607843,-0.004798796236509473,B,2
20.0,1.7453215721518263,2058.5,18.431372549019606,0.3199267599918848,B,3
46.0,4.865012873101953,2868.0,23.92156862745098,0.07244705707821897,B,3
0.0,8.809075271018346,0.0,0.0,-0.3926675365307857,H,1
21.0,1.6918888634983775,2180.5,18.431372549019606,0.1583169627307559,I,3
0.0,9.505805364197233,0.0,0.0,-1.365134624558725,B,1
0.0,9.037255110211845,0.0,0.0,-0.009126539366265174,I,1
57.0,0.8379555657479317,2400.0,21.56862745098039,-0.08030301731527506,H,3
0.0,9.544049125369533,0.0,0.0,0.6979296947271046,A,1
0.0,1.213723128396687,950.5,14.117647058823527,-0.0023103971318256256,D,2
0.0,0.5283105437223475,958.0,12.549019607843135,-0.001448906454097898,E,2
23.0,2.747462579835611,2350.0,14.901960784313726,1.3027975008275412,C,3
0.0,9.443493786218795,0.0,0.0,1.3919914912757465,A,1
21.0,0.891798475277802,948.5,12.941176470588236,1.3846521865325077,G,2
26.0,0.5965740478835915,2231.5,14.901960784313726,-0.03470110811620253,D,3
42.0,0.7026078363520228,965.5,14.117647058823527,-0.025886690426447118,J,2
42.0,1.8472550603701532,2658.0,24.31372549019608,0.1566146288664086,J,3
0.0,9.457623136850291,0.0,0.0,0.7288563049853372,G,1
0.0,1.220314283836086,944.5,12.549019607843135,0.471899898816387,A,2
0.0,9.533872126191069,0.0,0.0,-0.0037440962627628416,B,1
0.0,9.486893440698854,0.0,14.117647058823527,0.00028564744414549814,C,1
0.0,2.0091391565048142,947.0,13.72549019607843,0.004054054054054013,C,2
0.0,1.6259758553542647,950.0,13.72549019607843,-0.002268746018746007,C,2
0.0,2.0072614688801242,948.5,14.901960784313726,-0.002592592592592702,J,2
0.0,0.9687638576430244,951.0,13.333333333333334,0.2495869101350089,E,2
47.0,2.0522724597215705,2943.5,36.86274509803921,-0.009878871128871203,C,3
48.0,4.242671009133224,2973.0,28.235294117647054,0.9249205916904817,E,3
0.0,0.6087933383895666,952.5,12.549019607843135,-0.00020329308907085508,H,2
0.0,0.46474025248985273,974.0,12.549019607843135,-0.0003684356765767949,C,2
19.0,1.0420912163446272,1933.0,14.509803921568627,2.0285478684438356,D,3
6.0,0.10233876167763155,1183.0,12.941176470588236,-0.0488827915769573,I,2
0.0,9.53346069531995,0.0,0.0,0.005403773515545218,D,1
0.0,1.037292896094243,944.5,12.549019607843135,-0.003793226381461623,I,2
51.0,1.6994133503511035,2174.0,15.294117647058822,-0.20050049603174597,C,3
0.0,9.067247465389597,0.0,0.0,0.0024125981826581544,I,1
0.0,1.9791846386609853,948.0,13.72549019607843,0.002601351351351311,I,2
27.0,3.517402741156225,947.5,12.941176470588236,0.7227040875501212,D,2
0.0,1.6219491769444547,952.0,13.72549019607843,-0.0002206238496560986,A,2
57.0,2.065807339414691,2436.0,19.607843137254903,-0.2473427040145617,J,3
49.0,0.4742533167625947,2090.0,15.294117647058822,0.21538803833706754,C,3
0.0,2.0091247867727122,946.5,13.72549019607843,0.0,D,2
0.0,3.260114167423229,955.0,12.549019607843135,-2.116505945745077,E,2
32.0,0.9374450750538487,2081.5,14.901960784313726,0.23676834143041636,I,3
29.0,5.08582328738024,2310.5,27.058823529411764,-0.9737881873727092,E,3
0.0,1.042236539735137,947.5,12.549019607843135,-0.001028845082971297,B,2
0.0,0.45372721804421157,961.5,14.117647058823527,0.0004196337163007713,H,2
0.0,1.6148733309316698,1194.5,16.07843137254902,-0.009791496041495984,C,2
0.0,1.7823884524529372,952.0,12.549019607843135,0.12944098695391681,D,2
0.0,9.49466644820356,0.0,0.0,0.004611352052222073,H,1
0.0,9.524761881974669,0.0,0.0,1.4044059526030976,E,1
0.0,9.46505959045403,0.0,0.0,-0.038311147074781615,C,1
0.0,0.4893805499576217,948.5,12.549019607843135,-0.006567760942760903,D,2
0.0,4.022885340413834,949.0,12.549019607843135,0.7127770562770563,C,2
0.0,1.8056774932955906,0.0,0.0,0.0007867810192389996,C,1
0.0,1.0996333592835301,950.5,14.509803921568627,0.00036879018118052276,E,2
1.0,1.800425444296244,1138.5,14.901960784313726,-0.6299409671380647,C,2
0.0,1.7163555059829205,0.0,0.0,-0.004440192139345933,E,1
124.0,4.479135239510765,5225.5,88.23529411764706,-0.1203291404612159,G,3
21.0,0.8261429326240809,1361.5,17.647058823529413,0.2598813327247831,G,2
0.0,2.0531523853341267,961.5,13.72549019607843,0.009788538538538505,G,2
28.0,2.358207323007121,1786.0,87.84313725490196,1.455984465786794,H,3
0.0,1.0043284471939424,934.0,13.72549019607843,0.01803031258539861,D,2
0.0,3.0072364873454034,948.5,12.549019607843135,0.031028309068418025,B,2
0.0,3.2073354315584823,946.0,12.549019607843135,0.8446662619914775,B,2
20.0,4.989731548334149,2058.0,23.137254901960784,-0.7652370253080578,B,3
0.0,1.9835596164825278,961.5,13.72549019607843,-0.0007926548997977956,D,2
42.0,1.7036897807721347,2620.5,20.7843137254902,0.011417245545152499,B,3
46.0,4.554550450875511,2851.0,88.23529411764706,-0.10407036163522032,B,3
0.0,9.65968645966214,0.0,0.0,-2.3100588743407897,G,1
6.0,1.7100689550749442,958.5,14.117647058823527,0.021565016501650214,I,2
13.0,2.970153590645243,944.5,13.333333333333334,-0.03983922829581993,H,2
16.0,0.9309689173114212,1386.0,19.607843137254903,0.5012487905176584,I,2
0.0,9.498065398848404,0.0,0.0,-0.0008120539712808128,A,1
0.0,9.116418889076519,0.0,0.0,0.0016171617161715446,A,1
0.0,1.2127590012154676,948.5,13.333333333333334,0.0009059477537738947,D,2
0.0,1.384534070697995,952.0,12.941176470588236,0.001030128001174857,F,2
0.0,1.8065792362489534,0.0,0.0,0.005086820825649101,I,1
0.0,3.0407358918152005,952.5,14.509803921568627,0.08405697915008759,B,2
0.0,9.069368102691502,0.0,0.0,-0.003008034698521289,H,1
31.0,4.562858842524697,3124.5,88.23529411764706,0.11608406245659963,B,3
0.0,0.5590477205094377,947.0,12.549019607843135,-0.0003770916566071536,B,2
0.0,9.47972340288758,0.0,0.0,-0.01805158479162272,D,1
0.0,1.39929718325239,952.5,14.117647058823527,-0.0003716216216215762,E,2
0.0,9.065145434452653,0.0,0.0,-0.001298675496688606,E,1
0.0,9.494399945246556,0.0,0.0,0.0038512591400784446,C,1
0.0,4.738544303584363,953.5,12.549019607843135,-0.7995636357225133,G,2
44.0,1.646007534451476,2766.5,25.098039215686278,0.36457413249211357,H,3
7.0,0.1460381215524557,949.5,12.15686274509804,0.06019653033858531,A,2
74.0,1.4530796591978994,3127.0,16.862745098039216,-0.598240220306415,G,3
0.0,9.46148684045219,0.0,0.0,-0.7050967741935483,J,1
86.0,1.4269334676470309,2888.5,16.470588235294116,-0.33721919658417576,B,3
15.0,2.034950561624308,2793.5,14.509803921568627,0.22449475531369523,J,3
0.0,1.104369757918079,948.0,13.72549019607843,-0.0031136557577435275,A,2
0.0,0.41606374662953116,951.0,13.72549019607843,0.00010067114093958995,D,2
0.0,2.185848934721208,949.0,14.117647058823527,-0.0002734234234234023,H,2
0.0,2.064295702398568,964.0,14.117647058823527,-0.0008145645645645239,G,2
0.0,4.441182031004287,945.0,12.549019607843135,0.6737862506704806,E,2
28.0,2.946343427963824,1771.0,14.509803921568627,2.479678726738924,A,3
18.0,4.293581668035321,1877.0,23.92156862745098,-0.04189683743960382,H,3
0.0,9.49074485764422,0.0,0.0,0.7333971462992244,A,1
35.0,2.1823142343638824,2225.5,15.294117647058822,0.21592196893042082,H,3
4.0,3.4561514946004306,1074.0,13.72549019607843,0.16487031169405353,I,2
0.0,0.8558856577833034,947.5,12.549019607843135,0.0026794434410326584,I,2
0.0,1.6759486613785919,0.0,0.0,0.0017197110904008106,H,1
22.0,0.7034141404545782,955.0,12.941176470588236,-0.06627594627594624,F,2
0.0,9.481615917151585,0.0,0.0,-0.0007565011820330758,I,1
27.0,0.5755940909563992,2694.5,16.07843137254902,1.172503857837476,E,3
50.0,4.150183743003711,3128.0,20.392156862745097,0.5311005252438639,A,3
10.0,1.3624835772952248,942.5,14.509803921568627,0.003998644897602266,H,2
32.0,1.096498170427584,3001.0,16.470588235294116,0.030600990015231033,A,3
0.0,2.2630173144939723,944.5,14.117647058823527,0.005108347313009687,A,2
0.0,1.8120491660388156,881.0,18.431372549019606,-0.010203339412888701,C,2
27.0,1.76140678924865,2756.0,20.0,0.8297692869819396,H,3
1.0,1.7545886889375206,1315.0,15.294117647058822,0.01479008917605601,H,2
38.0,2.113946996443982,1594.0,14.117647058823527,-0.23115987460815046,G,3
15.0,2.949182656400035,1369.0,13.72549019607843,-2.026424050632911,H,2
26.0,0.7971105908047723,1620.0,14.509803921568627,0.42432347972148166,I,3
43.0,0.6791857073419081,2672.0,27.84313725490196,-0.4387149250120949,F,3
14.0,2.914174103292237,1310.0,13.72549019607843,-0.052393334807118386,B,2
42.0,0.9944386524052639,2613.0,16.07843137254902,-0.8565076412099808,C,3
0.0,9.539722749670956,0.0,0.0,0.00024741200828160004,A,1
25.0,1.4006871121420568,1589.0,14.509803921568627,1.6908358217230484,F,3
40.0,1.0770225422760724,2512.0,15.68627450980392,0.09054786161245269,F,3
0.0,2.0100710508796165,949.0,13.72549019607843,0.0012439712439712425,H,2
0.0,0.7850945059619037,948.0,12.549019607843135,0.0010416576732139582,C,2
0.0,2.009211211411486,944.0,14.117647058823527,-0.0034540499757890197,C,2
25.0,1.175368908906327,1488.5,9.803921568627452,-0.11782959308186114,J,2
0.0,9.490472335466173,0.0,0.0,0.001522652414956971,D,1
0.0,0.8631042292260699,941.5,14.117647058823527,0.02992390757007779,C,2
2.0,0.8386307851968275,1086.0,14.901960784313726,0.027763157894736934,D,2
45.0,1.7318531181142052,1933.5,22.745098039215687,-0.780008391608392,A,3
53.0,1.8006031768675224,1792.0,14.509803921568627,0.1280740046289514,F,3
52.0,4.344605100318971,3224.5,25.49019607843137,-0.14435995777621446,A,3
0.0,0.988191921250826,954.0,13.72549019607843,-0.006283767254936179,I,2
39.0,0.5057182729957972,2468.0,15.68627450980392,-0.2287237635190014,G,3
2.0,2.1286412000295925,1442.5,17.254901960784313,-0.12285033907956722,E,2
0.0,1.6081665491770618,945.0,14.117647058823527,0.0008341799171298625,F,2
0.0,1.9948955602812584,948.5,14.117647058823527,0.003130439761795778,A,2
6.0,2.0376135651970757,1455.0,20.392156862745097,0.10828646370829029,H,2
0.0,9.449473137517971,0.0,0.0,-0.7336254999161818,E,1
0.0,1.2241152776110473,956.5,13.333333333333334,0.010593448419535412,G,2
0.0,1.9949361226137006,957.0,14.117647058823527,0.0016497938616583108,F,2
0.0,9.492954487040265,0.0,0.0,0.0017619902687674438,G,1
14.0,0.6417072025379351,1156.5,13.72549019607843,0.14939873417721522,D,2
0.0,9.07122533339022,0.0,0.0,0.00022499213814031194,D,1
0.0,9.68621942354865,0.0,0.0,-3.1157832229028632,B,1
0.0,1.8066418759743068,1293.0,9.803921568627452,-0.0725504470556756,J,2
0.0,2.2571163713351816,950.5,13.72549019607843,0.19256165346281606,B,2
0.0,1.4144971637457404,1160.0,14.509803921568627,0.000808004848702526,B,2
42.0,0.845165117119022,2615.0,16.07843137254902,0.10480971326380939,G,3
0.0,0.7783013760244762,949.5,12.549019607843135,-0.0014051526637088863,E,2
0.0,0.5862811118692406,947.0,12.941176470588236,-0.0014277765245506169,A,2
37.0,0.4830149051343206,1597.5,13.72549019607843,0.10323415805407671,B,3
16.0,0.6891605849998674,1662.0,18.823529411764707,-0.2295064484126984,C,3
0.0,9.477041891925403,0.0,0.0,-1.459138825925561,E,1
24.0,1.9570089928305905,951.0,12.549019607843135,-2.0632079207920793,J,2
34.0,2.179946527378144,2120.5,17.254901960784313,2.6826870640456564,G,3
0.0,9.069404499632116,0.0,0.0,-0.00030616239918535015,D,1
0.0,0.9603545574299954,1539.0,9.803921568627452,-0.09458064516129028,E,3
21.0,1.9363591427963573,2061.5,87.84313725490196,1.003022252680803,B,3
26.0,1.2046026222586068,1537.5,13.72549019607843,-0.2931129022409475,H,3
48.0,1.6393389078601084,3021.0,23.137254901960784,-0.13510479352562776,F,3
43.0,2.693869756606298,2693.5,16.470588235294116,-0.3758745421245422,F,3
0.0,1.6118913692665309,961.5,14.509803921568627,-0.004664429530201297,J,2
0.0,1.5909818984640385,943.0,14.117647058823527,-5.34891839239493e-05,I,2
0.0,9.479854894824685,0.0,0.0,2.818668957627609,B,1
0.0,9.06957142772414,0.0,0.0,0.001026455026455153,J,1
43.0,1.8633520600878581,1834.5,14.509803921568627,-0.15336915703645304,F,3
0.0,0.44882445610461247,945.5,13.72549019607843,0.013556153112467106,F,2
47.0,1.5311904847757156,2928.0,24.31372549019608,0.0972788144199036,H,3
0.0,9.069410922105234,0.0,0.0,0.0038139005801389736,B,1
31.0,0.7148050092489444,1967.5,18.03921568627451,-0.06420310921424305,H,3
44.0,3.798230931098957,2736.0,23.92156862745098,0.3303802570093457,E,3
38.0,1.722286814676366,2367.0,87.84313725490196,-0.11090128968253965,J,3
0.0,1.571980234174021,946.0,13.72549019607843,0.0009197462768891079,I,2
40.0,3.424054478682357,948.5,12.941176470588236,0.07545038011095129,I,2
8.0,0.4193895829335768,953.5,12.549019607843135,-0.0008851080515858978,B,2
0.0,7.815077615404724,0.0,0.0,-0.7885540471092076,B,1
39.0,2.4139539457501047,2423.5,15.68627450980392,-0.37507675975828825,B,3
62.0,1.871860509646476,2631.0,47.84313725490196,0.08971870905120127,D,3
0.0,4.0507372544167755,946.0,12.549019607843135,-1.5600894429985566,C,2
16.0,1.9835414212851017,1154.0,14.901960784313726,0.35429829290206655,J,2
0.0,9.53581600640169,0.0,0.0,0.7077248496446147,B,1
0.0,1.0228192997470271,951.0,12.549019607843135,0.0011840164570718903,G,2
33.0,3.3123065735094723,2037.0,29.41176470588235,2.2466493926332287,I,3
0.0,0.551389662108683,949.5,12.549019607843135,-0.001608913404850032,J,2
0.0,9.496126238642757,0.0,0.0,-0.004141858003957166,F,1
20.0,2.015687333550123,2081.0,14.901960784313726,0.0874964438122332,A,3
0.0,1.7054912938950648,955.5,13.72549019607843,0.00029339742426987003,D,2
0.0,2.1016976339512214,954.0,13.333333333333334,-0.0028108200650572845,B,2
0.0,8.702132896275376,0.0,0.0,0.004273700046376394,C,1
0.0,0.9368873869348332,1011.5,15.294117647058822,0.03496875901182339,G,2
36.0,1.837015130577486,958.5,13.72549019607843,-0.5520087575259989,H,2
28.0,1.8783294505858845,951.0,12.941176470588236,-0.04703304093567251,G,2
6.0,2.0640046830281147,1183.0,12.941176470588236,0.0108687102371312,I,2
0.0,0.4177606452732333,949.0,13.333333333333334,-0.0014751542268320872,B,2
0.0,1.3060434456581544,944.0,12.941176470588236,0.8544450549450548,D,2
19.0,0.9985018826245857,1211.0,13.72549019607843,-0.0152897615470875,F,2
0.0,9.502316888777038,0.0,0.0,0.0005021033914478501,I,1
0.0,1.0938586877961682,952.0,13.72549019607843,0.0014582870349792998,I,2
3.0,3.675836724857963,971.5,12.941176470588236,0.004017855278270588,H,2
31.0,1.9920832246311775,1942.0,21.96078431372549,-0.2168108097108322,C,3
0.0,4.040692056499318,946.0,12.941176470588236,-0.005873548448505517,D,2
2.0,3.0104455383537663,949.5,12.549019607843135,0.021886167982515303,H,2
0.0,1.6896960744172835,955.0,14.117647058823527,-0.0015502133056613104,I,2
0.0,9.494688915930253,0.0,0.0,0.0006616332762344745,C,1
29.0,4.8546051213240125,2657.0,16.07843137254902,0.5781372297394416,B,3
29.0,1.5283712357671075,2882.5,15.68627450980392,0.012879256965944386,G,3
0.0,8.710663630296217,914.0,17.254901960784313,-0.013022727272727207,I,2
0.0,3.9527275315404378,948.0,12.549019607843135,0.7976969052681322,F,2
44.0,1.6475281724705917,2749.5,15.68627450980392,0.7304103105215562,E,3
41.0,4.633252730542178,2584.0,88.23529411764706,-0.09567466222248622,B,3
0.0,9.070915260197133,0.0,0.0,-0.001839464882943176,G,1
0.0,9.06720169489837,0.0,0.0,-0.0002741741741747461,I,1
25.0,2.5175081196536326,2447.0,74.50980392156863,0.08353774187525187,F,3
45.0,0.4475568115019962,1911.0,14.509803921568627,0.0018820623784231993,F,3
23.0,2.817329367001494,1100.0,13.333333333333334,-3.031978021978022,D,2
0.0,9.06248009797402,0.0,0.0,-0.00012204958397044052,H,1
17.0,1.8915090128691232,1753.0,18.823529411764707,0.017329462529348305,B,3
64.0,0.46071483391155327,2719.0,33.72549019607843,0.0532128064851935,E,3
0.0,1.2433588981742636,965.0,13.72549019607843,0.08561379097093386,C,2
0.0,1.575534075313098,950.5,14.509803921568627,0.001236502413289875,C,2
11.0,2.240719231140172,1141.0,16.470588235294116,0.7056007321727615,F,2
0.0,9.543029178134152,0.0,0.0,-0.0008464824997407305,G,1
0.0,1.7838458264405608,951.5,14.117647058823527,-3.4129692832798875e-05,J,2
28.0,0.4843976815386185,1759.5,14.117647058823527,-0.5036112929785925,H,3
23.0,1.978598019358543,2356.5,19.607843137254903,-0.3729079091590871,C,3
60.0,1.3965585549650723,2034.5,14.901960784313726,0.20477620273581687,J,3
28.0,1.4906424783674235,951.0,12.941176470588236,0.033541065416065496,F,2
0.0,1.0241525430016478,953.0,12.549019607843135,-0.001195082747946219,F,2
0.0,9.490176639191196,0.0,0.0,0.000955368172297244,A,1
0.0,3.0915900432189387,952.5,12.549019607843135,-0.0015848763559587198,D,2
65.0,2.18504038363791,4155.0,18.823529411764707,-0.08232380305873893,F,3
0.0,9.493324461990293,0.0,0.0,0.00521436623187177,A,1
13.0,1.1657059245263326,947.5,12.15686274509804,-0.040612554544045,A,2
0.0,9.07013600475003,0.0,0.0,0.002058386712770588,B,1
0.0,2.153376095388799,962.0,12.941176470588236,-0.0018852896783931872,E,2
0.0,2.0033222293613058,952.5,13.72549019607843,0.0026832426832427148,H,2
0.0,9.46514870154061,0.0,0.0,1.371103471555982,D,1
0.0,1.7777173541595783,939.5,14.509803921568627,0.0033783783783782884,G,2
35.0,0.9480715169341141,2181.5,18.431372549019606,-0.200374275496362,E,3
0.0,4.311106278374282,951.0,12.15686274509804,-0.003292001061522498,J,2
26.0,0.5655020527460921,1651.0,17.647058823529413,0.31883043072301387,E,3
1.0,2.281099943899608,1188.0,12.549019607843135,-0.04266051329533305,F,2
2.0,0.5545397931818979,955.5,12.549019607843135,-0.027228865979381345,A,2
47.0,3.28834043139614,2917.0,16.470588235294116,-1.6965403998449353,D,3
50.0,1.9768192776339704,1696.5,17.254901960784313,-0.06332336956521739,E,3
0.0,1.0319502167504395,952.5,12.549019607843135,4.566455356180832e-05,J,2
0.0,9.540737176444102,0.0,0.0,0.7748767659401192,G,1
86.0,1.890908309331097,2888.5,16.470588235294116,-0.5018909799647915,G,3
0.0,9.43920455067486,0.0,0.0,-1.5484458454233707,H,1
0.0,1.5735159472735956,947.0,12.549019607843135,-0.0004168332001065478,J,2
1.0,1.0995349799137166,941.0,14.117647058823527,0.0027464987514926875,I,2
38.0,0.5977796086932147,2415.5,25.49019607843137,-0.4426092451609692,A,3
10.0,0.691805490368878,946.5,13.72549019607843,-0.011103926740869394,D,2
30.0,1.5223747451375942,1905.0,28.235294117647054,-0.12973485676229723,E,3
22.0,1.3291697288304725,2275.0,15.294117647058822,-0.8687119824840766,J,3
20.0,2.7209889749211342,2016.0,87.84313725490196,0.6108803959753326,F,3
53.0,1.958587306226381,1792.0,14.509803921568627,1.2075474683544305,G,3
14.0,1.5731527386196897,1212.0,13.333333333333334,0.6860244682853377,J,2
10.0,0.9605788107732393,1291.5,13.72549019607843,0.027982096635030262,B,2
17.0,0.6583900916316678,1777.0,14.117647058823527,-0.06361677992736048,E,3
31.0,1.584198533786931,3177.5,19.215686274509803,0.19043800048531911,D,3
0.0,2.0643397514209907,946.5,14.117647058823527,-0.0071537522879804305,A,2
0.0,1.6889569737478802,0.0,0.0,0.0932532356532356,C,1
21.0,2.0608399386647984,2165.5,76.86274509803921,0.08492061470538292,I,3
12.0,0.8389157511766432,959.0,14.117647058823527,-0.09316165170266122,J,2
0.0,2.2207727389119563,1723.5,19.215686274509803,-0.9178860033860381,B,3
0.0,9.529491067329483,0.0,0.0,1.4289559350621972,C,1
12.0,1.6945053685269564,2146.0,24.705882352941178,0.0215310285126874,D,3
0.0,9.493137704622434,0.0,0.0,-0.0015828109534807844,J,1
7.0,0.5922852573615556,949.5,12.15686274509804,0.112070368938361,I,2
0.0,2.009824360487081,957.5,13.333333333333334,-0.002060810810810665,F,2
56.0,2.190453911265599,2414.5,15.294117647058822,0.2670145963949837,D,3
0.0,8.266839162871626,0.0,0.0,-0.004429520402949638,H,1
29.0,0.6070225237424064,2998.0,26.274509803921568,0.16201816975450412,J,3
0.0,4.796537113712013,949.5,12.549019607843135,-0.015291224647400625,J,2
0.0,9.14921442353932,0.0,0.0,0.01352722196370415,A,1
0.0,8.040179285310687,0.0,0.0,0.9520666386756239,J,1
0.0,9.069151702070927,0.0,0.0,0.0005230443030908027,D,1
31.0,4.4211300575353105,1948.5,23.92156862745098,0.7228823239540736,F,3
0.0,1.2164228422127406,952.5,13.72549019607843,-0.0030002759838826387,J,2
32.0,2.1507940987418497,1415.5,14.901960784313726,0.1259068267189285,B,2
22.0,5.136990056721424,984.5,13.333333333333334,-0.653378188350012,F,2
0.0,0.5709385924695597,948.0,12.549019607843135,-0.0026289926289925214,A,2
28.0,3.862139421152497,2809.0,16.470588235294116,-0.7231770431145437,A,3
0.0,2.010768474209663,954.0,14.117647058823527,-0.0019594594594594117,C,2
1.0,2.324603783693353,1105.0,13.333333333333334,-0.11291231279507019,H,2
35.0,2.858424018857498,3590.0,43.13725490196078,-0.5965830721003136,A,3
27.0,4.905894398942815,1699.0,14.509803921568627,-2.0050783699059562,C,3
0.0,1.6140687166977192,1189.5,15.68627450980392,-0.019842505592841286,I,2
0.0,3.1084944491011957,950.5,12.941176470588236,0.002270679770679962,D,2
0.0,1.9760640521822925,948.0,12.941176470588236,0.0013758389261744886,E,2
0.0,1.0250929649566802,949.0,12.549019607843135,-0.0016193663800566638,G,2
28.0,1.2852068041054285,1730.0,19.215686274509803,-0.024441479671660327,A,3
58.0,3.9961434288309303,3561.5,17.647058823529413,0.1535869036027262,C,3
0.0,0.518601266583007,952.5,12.549019607843135,0.0007378405835150592,I,2
0.0,1.3622881167249996,956.0,12.941176470588236,0.003985313751668884,H,2
0.0,0.8571053995321153,955.5,12.15686274509804,-1.0851954422815349,H,2
34.0,0.7741353634027667,1433.5,13.333333333333334,-0.0963147540983606,C,2
0.0,9.492601585593478,0.0,0.0,-0.0040117613310385325,J,1
48.0,0.7705940685746111,2020.0,14.509803921568627,0.04214059052222341,A,3
25.0,4.377503865668838,2547.5,28.235294117647054,2.241175942903334,D,3
2.0,1.7819399087216217,1488.5,17.647058823529413,0.019512987012986982,B,2
0.0,1.1238271322379907,950.5,14.509803921568627,0.0004406779661018101,H,2
1.0,1.6374541849573605,930.0,14.509803921568627,-0.0006223469087545952,E,2
55.0,2.000350872909827,2353.5,24.705882352941178,0.3740298033613111,H,3
0.0,0.8031056270770599,948.5,12.549019607843135,0.0017064122946476301,F,2
0.0,9.49823853293377,0.0,0.0,-0.001710989597856316,E,1
0.0,0.8132337725484634,950.0,12.549019607843135,0.0047885241052942895,C,2
40.0,4.586271330761095,952.5,12.941176470588236,-0.7931957720392564,C,2
29.0,1.5176653534294047,2882.5,15.68627450980392,0.15821964856230042,H,3
0.0,1.5733273608544704,0.0,0.0,0.022744646557679105,A,1
31.0,2.344129723385061,1965.5,14.509803921568627,-0.20515822470884676,C,3
58.0,0.8875778332067561,2437.5,20.7843137254902,-0.4149833333333333,C,3
31.0,1.05104795380238,1968.0,21.176470588235293,-0.7518276177877278,I,3
57.0,0.8205296042797837,2400.0,21.56862745098039,-0.3243303500838052,H,3
51.0,1.7390656341608777,2180.5,23.52941176470588,0.09869696499663932,I,3
20.0,5.919376740731312,2046.0,14.901960784313726,-1.2068464850493061,I,3
8.0,1.936089533193417,947.5,13.72549019607843,0.12973734210251603,A,2
0.0,9.479438946539945,0.0,0.0,0.010754192489974446,A,1
1.0,0.671072027633539,990.0,13.333333333333334,1.0391263403263404,E,2
0.0,9.465765195683698,0.0,0.0,0.059739219976831015,D,1
0.0,1.019578547902065,943.0,12.549019607843135,-0.0006352935550014704,I,2
0.0,0.8981470862650013,956.5,12.549019607843135,-0.0011661705997685345,F,2
0.0,9.632627816184158,0.0,0.0,-3.1172174603174603,H,1
0.0,2.0083055619368015,952.0,13.72549019607843,-0.003217704993128734,B,2
55.0,0.4112382151770713,2348.0,18.823529411764707,-0.1008437133497796,H,3
0.0,8.030523873248738,0.0,0.0,-0.0011371237458193129,C,1
28.0,1.6940383062939672,2856.5,88.23529411764706,0.11484702923349682,G,3
21.0,5.562224194174101,2167.0,27.058823529411764,-1.0661039450262861,G,3
20.0,0.3648970042987397,1285.5,11.372549019607844,0.838543900669193,J,2
0.0,0.9895702917187473,949.5,13.72549019607843,-1.112114189853647,C,2
0.0,9.463454459543577,0.0,0.0,0.03470027953710225,B,1
0.0,9.06286768926272,0.0,0.0,-0.003354494917930495,G,1
0.0,9.53451985303609,0.0,0.0,0.7098068669527897,C,1
17.0,0.8587806556067996,945.0,12.941176470588236,0.031229568106312222,I,2
20.0,0.7369311022648187,2076.5,14.901960784313726,0.06126866640696016,G,3
11.0,4.753731260248978,1171.5,19.607843137254903,0.5059156734059611,E,2
0.0,9.06976791373164,0.0,0.0,-0.001220538720538844,H,1
35.0,1.101235030329871,2216.5,13.333333333333334,0.18621897506100815,E,3
39.0,1.0226260730505592,2457.0,29.01960784313725,-0.3446518987341773,E,3
0.0,2.0729082910259207,946.5,13.72549019607843,-0.0021212121212120794,D,2
60.0,1.7849596308569735,2502.0,16.07843137254902,-1.2828987341772153,C,3
4.0,0.6180019513048932,1192.5,13.72549019607843,-0.3943985724223452,G,2
26.0,2.073462307132175,2644.0,30.980392156862745,0.13925834391438408,I,3
0.0,9.526573979808878,0.0,0.0,0.7695808328787055,A,1
0.0,9.43825396952776,0.0,0.0,-0.00842077742918812,E,1
21.0,2.6474667721371525,2167.0,22.745098039215687,-1.0897785493827161,A,3
0.0,1.3571586758743466,952.5,12.549019607843135,0.004337755386571218,I,2
0.0,0.7759436683274367,0.0,0.0,0.41481982698152914,G,1
0.0,1.0323802379286744,952.0,12.549019607843135,0.0032508566622069246,E,2
0.0,1.977187793083853,951.5,13.333333333333334,-0.0018571856839774137,A,2
0.0,0.7324645227948164,947.0,13.72549019607843,0.00375118182866363,F,2
0.0,1.7130698684062104,0.0,0.0,0.0011921011921012248,C,1
38.0,2.9775230889553437,2367.0,15.294117647058822,1.9695460885457998,I,3
0.0,9.487339498578343,0.0,0.0,-0.6869664855072464,C,1
36.0,0.8523762280420034,950.0,12.15686274509804,0.19882078853046603,E,2
44.0,4.2785608707497635,954.0,12.549019607843135,0.530705162372147,D,2
21.0,2.0112250183774436,2081.0,19.215686274509803,0.2690870253164557,B,3
0.0,1.6342712042294887,950.0,14.117647058823527,-0.0010472972972973005,C,2
0.0,9.499487270838152,0.0,0.0,-0.0017952508014512647,H,1
1.0,2.2256390963414185,1536.5,9.803921568627452,0.06671263379204895,B,3
0.0,9.469495700702796,0.0,0.0,0.0015251198984389536,C,1
34.0,0.9881959517978832,1102.5,14.509803921568627,0.3283100332950407,E,2
0.0,2.2351135026343765,946.5,13.72549019607843,-1.1024728137228137,H,2
0.0,9.470275884634955,0.0,0.0,-0.6905886093111542,D,1
0.0,9.11746743619082,0.0,0.0,-0.00029393939394006807,A,1
31.0,0.9555123078377475,1499.0,14.509803921568627,0.047221993155485975,B,2
0.0,9.47515352240243,0.0,0.0,0.005363095654607908,F,1
12.0,0.8807606883516487,1022.5,13.72549019607843,-0.02171400054441519,J,2
25.0,1.1303547546428605,2533.0,87.84313725490196,0.057993311036789286,J,3
60.0,0.6463039772469058,946.5,12.941176470588236,-0.0686136625192712,B,2
74.0,1.1263510998628852,3127.0,16.862745098039216,-0.054167187044669274,C,3
0.0,4.793347419446536,950.0,12.549019607843135,-0.0015964289891234884,C,2
0.0,4.712970958871753,952.5,12.549019607843135,-2.386072441779506,J,2
0.0,9.116236326063648,0.0,0.0,0.9164906165728017,F,1
0.0,9.5372408614626,0.0,0.0,0.6946116521593493,G,1
0.0,2.004934795665368,944.5,14.509803921568627,-0.002706010239147183,D,2
20.0,0.5224282560293624,2076.5,14.901960784313726,0.1759056748466257,E,3
37.0,0.34738639579299524,1360.0,13.72549019607843,0.0604263854121935,J,2
54.0,0.8388849642529385,956.5,13.333333333333334,0.059359685073339,C,2
0.0,8.321438344600596,0.0,0.0,-0.0018830128205133967,J,1
0.0,2.23443075680298,949.0,13.72549019607843,-1.0936033670033671,C,2
14.0,1.074468369858007,2472.5,15.294117647058822,-0.10288612827236765,H,3
29.0,0.9117570987249847,1835.0,14.509803921568627,-0.1658434777449245,B,3
0.0,1.0515365408316235,952.0,12.549019607843135,0.004211196934078787,D,2
0.0,9.526439531558232,0.0,0.0,0.6928570076227142,E,1
0.0,1.2139213405446008,952.5,13.72549019607843,-0.0035375221137933233,F,2
120.0,4.816697321568133,5052.5,88.23529411764706,-0.437449060571792,H,3
30.0,4.878014271313512,3012.5,23.52941176470588,-0.662117756169665,A,3
46.0,4.496125732707129,2843.5,24.705882352941178,0.1310095668601896,I,3
25.0,1.2871396843031275,1605.5,19.607843137254903,0.24024719369476955,E,3
0.0,2.2372490182536766,947.0,13.72549019607843,-0.0038613354567169633,E,2
0.0,0.6511534201436322,0.0,0.0,-0.0015892707839016418,I,1
3.0,4.09774943311955,941.5,13.333333333333334,0.7491482649842269,D,2
7.0,1.7773989953945595,1708.5,26.274509803921568,-0.08464698029582962,B,3
41.0,1.1647995926933314,1732.5,19.607843137254903,-0.09458086411969913,C,3
0.0,9.526195394788303,0.0,0.0,1.3633705253370525,D,1
48.0,3.4683110352683126,948.5,12.549019607843135,1.3035167211224294,I,2
0.0,9.459050554863028,0.0,0.0,0.6555350940359199,I,1
0.0,1.8592335594951823,1046.5,13.333333333333334,0.11496193703108831,J,2
15.0,1.791574848067523,1514.0,18.431372549019606,0.0578283859748453,A,3
30.0,3.4160133152945393,1827.5,14.509803921568627,-1.0119047619047619,J,3
2.0,1.8388743630173965,949.5,12.549019607843135,0.014279366842543599,H,2
0.0,0.9308719179952837,949.0,13.72549019607843,-0.0033128507454225353,J,2
5.0,2.282099897689538,1083.0,63.13725490196078,-0.09278147758694577,G,2
26.0,4.502307429493229,2683.5,25.098039215686278,0.384279238476954,I,3
0.0,9.51504124846159,1650.0,17.647058823529413,-0.012672699647386002,C,3
0.0,1.628018197095936,0.0,0.0,-0.0010296709753231936,F,1
54.0,1.7600508151540315,1965.5,14.509803921568627,0.1106887228289796,I,3
3.0,1.2977536251903028,949.5,12.15686274509804,-0.0003977701447153148,F,2
0.0,9.445813002660083,0.0,0.0,-0.023222640658896787,A,1
0.0,1.9766603360112687,0.0,0.0,-0.0010785869762379996,B,1
0.0,1.6100889541370633,1200.0,16.07843137254902,-0.009446313563395203,A,2
0.0,9.526832446291408,0.0,0.0,-0.003878822790112979,A,1
34.0,1.776201395486813,2099.5,87.84313725490196,-0.1398868407578085,I,3
55.0,0.6988001051188119,2340.0,18.823529411764707,0.4370478395061729,E,3
46.0,3.971063850515776,2836.5,87.84313725490196,0.1402026773920071,J,3
2.0,1.9040497747843386,955.5,14.117647058823527,0.1474053831365013,I,2
0.0,9.461272882637564,0.0,0.0,0.8057471049245526,F,1
22.0,0.38046144206142385,966.5,13.72549019607843,0.03142282307856081,B,2
19.0,4.021479427819476,1943.5,21.176470588235293,0.18718354430379747,J,3
0.0,1.61343829436222,1208.5,15.68627450980392,-0.021089445679261742,A,2
0.0,9.493048875416356,0.0,0.0,-6.018125176998623e-05,J,1
34.0,3.038582638148197,2167.5,18.431372549019606,0.1157422960903769,H,3
0.0,1.6074477746327007,1200.0,16.07843137254902,-0.019596317787807127,C,2
27.0,0.9499451557592621,2843.5,24.31372549019608,0.006735530610620211,C,3
0.0,9.498357994954706,0.0,0.0,-0.003673977665300865,F,1
40.0,0.9746091133936445,2493.0,25.49019607843137,0.2127962585344575,J,3
19.0,2.02076321887191,1922.5,21.96078431372549,-1.29408547008547,F,3
8.0,2.793018770060134,947.5,13.72549019607843,0.07408300935168644,C,2
51.0,1.971520048470406,1724.0,16.07843137254902,0.0386422313084112,I,3
2.0,1.9412204664732544,1643.0,21.56862745098039,0.024397403392201422,J,3
0.0,4.30533348223957,950.0,12.15686274509804,-0.004642964720057208,G,2
0.0,0.9921450456400457,947.0,13.72549019607843,-0.004787229282262384,F,2
0.0,2.8979208162549837,954.5,12.549019607843135,0.0025804093567249886,A,2
32.0,4.752018036317362,3182.0,37.64705882352941,0.46592968402314194,I,3
0.0,2.2384193112976907,951.5,13.72549019607843,-0.0019189536403303453,F,2
0.0,1.706041103106351,0.0,0.0,-0.007426739926739902,A,1
2.0,1.7978279785150648,959.5,13.333333333333334,0.07980651863394361,D,2
51.0,1.968461651750946,1724.0,16.07843137254902,-0.05485245253164549,B,3
0.0,9.461239255138084,0.0,0.0,0.6874280018038118,A,1
0.0,2.2345598323506732,947.5,14.509803921568627,-0.0009152542372881101,F,2
0.0,1.6809161931417085,0.0,0.0,-0.029352565307273037,H,1
0.0,1.0532424697096106,949.0,13.72549019607843,0.0005999999999999339,D,2
84.0,1.2900103209843787,2844.0,16.07843137254902,-0.1365150727650727,D,3
0.0,0.9488538635221906,2006.0,19.607843137254903,-0.056753556324490584,E,3
0.0,1.680393364776518,948.5,13.72549019607843,0.008089368258859808,G,2
0.0,9.067565944187818,0.0,0.0,-0.0035225916975134552,A,1
44.0,0.9252621858497969,2756.0,16.470588235294116,-0.2147637003519357,I,3
36.0,0.1405861778905467,1556.0,13.72549019607843,0.1711728395061728,A,3
11.0,5.5527141962144375,2044.0,65.49019607843137,-0.0722048402866673,H,3
0.0,1.9606465003684599,951.5,13.72549019607843,0.014428633178633299,I,2
6.0,1.4038555748351695,945.0,13.72549019607843,0.0059168315128578786,I,2
61.0,1.7372706026399274,2605.0,24.31372549019608,0.20888952285059018,F,3
34.0,1.4335812193717796,2117.5,25.88235294117647,0.08409417261407226,B,3
16.0,0.918543935396788,964.0,14.117647058823527,0.1027450980392157,J,2
0.0,2.233347268561972,943.5,13.72549019607843,-0.0015514884821816732,C,2
0.0,9.441246695447502,0.0,0.0,-1.3554803526072017,J,1
12.0,1.6981228037292477,2332.5,20.7843137254902,-0.007840768374280715,J,3
45.0,1.9625217305344769,1912.0,14.509803921568627,-0.24503334470672167,G,3
0.0,9.426980119184329,0.0,0.0,0.6997234042553191,J,1
0.0,7.4419950691793595,0.0,0.0,-0.01436357731498461,A,1
26.0,0.4721246082445387,938.5,14.117647058823527,-0.28475535540408964,H,2
40.0,5.065994319221333,3597.0,18.03921568627451,-1.9654719045741327,F,3
0.0,2.0509762311583635,954.5,14.117647058823527,-8.326508326539361e-05,B,2
0.0,9.595126728816835,0.0,0.0,-2.0964042553191486,G,1
0.0,1.0566977164375573,949.5,12.549019607843135,-0.0030274336283185876,F,2
0.0,9.48970282793362,0.0,0.0,-0.005982972136222897,H,1
47.0,3.516251610534297,2010.0,15.294117647058822,0.9112308076882516,I,3
0.0,1.0651916900118392,942.0,12.549019607843135,-0.003107340132962766,A,2
0.0,1.0519792064392388,956.5,12.549019607843135,0.0009015911469664184,H,2
32.0,1.4240978942825524,3139.0,34.509803921568626,-0.07106993569131825,I,3
0.0,1.6465834272902968,948.5,13.72549019607843,0.020526321697160177,A,2
26.0,1.7348044365054345,1623.5,15.68627450980392,-0.26077900909502993,C,3
17.0,2.9891763770901685,1858.0,28.62745098039216,0.5653408844462848,G,3
49.0,0.770509090864669,3063.5,24.31372549019608,-0.33096711353162955,D,3
0.0,1.015804174186072,1042.0,16.862745098039216,-0.1728309702529885,H,2
0.0,9.494652573617374,0.0,0.0,-0.0015234441602728355,A,1
79.0,1.9910837918117923,2666.0,19.607843137254903,-0.1888474960567823,B,3
21.0,1.8075610540638207,2159.0,23.137254901960784,-0.15429911699779242,H,3
0.0,9.526911238037737,0.0,0.0,2.141104879805029,B,1
26.0,1.6808589478924307,1675.5,16.07843137254902,-1.682333854104074,J,3
0.0,9.448686521536992,0.0,0.0,-0.0013836477987421991,F,1
0.0,1.6241717090016323,948.0,13.72549019607843,0.0008943033943034084,D,2
30.0,4.550568526334488,3012.5,23.52941176470588,0.28096863799283067,E,3
0.0,2.234285978818349,948.5,13.72549019607843,-0.0027505817075352823,E,2
4.0,0.7040230506774544,1045.5,14.901960784313726,0.05740317284487878,B,2
0.0,9.458541044834263,0.0,0.0,0.00625912358874825,J,1
0.0,2.0168459504580443,950.5,12.549019607843135,-0.0043078562842761015,D,2
51.0,1.7879473228362874,2180.5,23.52941176470588,-0.2055619678037643,G,3
55.0,1.4321935554715348,2342.5,23.137254901960784,-0.05304199229147591,E,3
0.0,2.006133000680545,943.0,13.333333333333334,-0.003323063884371369,H,2
36.0,1.8205132815390197,2309.5,15.294117647058822,-0.4449074820607918,H,3
0.0,9.066021994887912,0.0,0.0,0.0008770764119598873,B,1
0.0,9.06422945426334,0.0,0.0,0.0007374926234349211,B,1
0.0,1.7581927162092343,949.5,14.117647058823527,0.002603027559146598,C,2
0.0,9.069009540324439,0.0,0.0,-0.0004167602155371597,F,1
0.0,4.308636056062374,948.5,12.549019607843135,-0.00042605042016763406,E,2
9.0,4.314868525130339,949.0,12.15686274509804,-0.6643212278426285,I,2
58.0,1.7116718728278357,2451.5,26.274509803921568,0.42762810562944475,C,3
0.0,9.069297380554932,0.0,0.0,-0.00028011563492391645,F,1
0.0,0.41684173054233986,950.0,14.117647058823527,-0.0014895219832899431,J,2
39.0,2.038149647119851,2452.5,88.23529411764706,0.050457902179524616,H,3
0.0,9.528864731116022,0.0,0.0,0.003980099502487455,G,1
6.0,0.5068237924231497,1271.5,13.72549019607843,0.3849708320135149,F,2
17.0,0.8327839653646233,951.0,14.509803921568627,-0.1237883353116028,J,2
0.0,1.2401601095591603,943.0,14.509803921568627,0.0051266601653199295,F,2
59.0,1.690000149327451,2506.5,56.47058823529412,-0.13073944492491552,J,3
25.0,2.833768932376713,1034.0,14.509803921568627,0.044737596108259614,C,2
28.0,1.8030774173440798,2821.5,21.56862745098039,-0.26399371069182376,G,3
0.0,4.601380573214776,952.5,12.549019607843135,-0.6327121391579005,A,2
49.0,0.7350380047264405,3049.5,17.254901960784313,0.09601880107317678,H,3
24.0,5.079130571236416,2401.5,22.745098039215687,-0.07444999999999968,G,3
0.0,0.5920025043900237,948.5,12.549019607843135,0.0007444739426826219,B,2
0.0,0.8902491346528706,951.5,12.549019607843135,-0.0012569693819692862,G,2
0.0,0.9413073582715962,1160.5,10.588235294117649,0.019308581849614703,F,2
105.0,4.2009269115355306,4476.5,19.607843137254903,0.7513764371269479,D,3
27.0,5.601130148835816,947.5,12.941176470588236,-0.4119622173595916,A,2
0.0,9.46270499978517,0.0,0.0,0.7387257525083613,F,1
0.0,8.049580189288525,0.0,0.0,0.000772817195102693,E,1
0.0,0.7856849046797427,948.0,12.549019607843135,-0.00170970898570455,G,2
5.0,5.716827589015044,936.5,14.117647058823527,-0.8038417439032726,J,2
12.0,1.4282015840804667,1022.5,13.72549019607843,-0.0441184341548419,J,2
0.0,9.481199331380502,0.0,0.0,-0.00740874287109794,F,1
0.0,9.471395778213436,0.0,0.0,-0.0027588230978061734,F,1
0.0,1.4345350866253725,938.5,13.72549019607843,0.0010968923468923086,F,2
21.0,3.2999126192285977,2181.5,22.352941176470587,0.3163065387406273,D,3
42.0,0.7246744240775084,965.5,14.117647058823527,-0.020989621489621413,G,2
26.0,4.499020547962973,2647.0,87.84313725490196,0.08971261631252081,H,3
1.0,0.9011587887324313,962.0,14.509803921568627,0.0531527595747779,H,2
0.0,9.493672743149316,0.0,14.117647058823527,-0.00019002375296910123,B,1
0.0,8.804406006314423,0.0,0.0,0.0029499329284440323,I,1
0.0,9.534089652342358,0.0,0.0,3.506582906456228,C,1
3.0,5.318970191102395,1693.5,20.7843137254902,-0.09850013984934858,F,3
0.0,9.486027336259598,0.0,0.0,0.033484111633047764,G,1
48.0,0.9597554774273184,2020.0,14.509803921568627,-0.1420601548288845,C,3
10.0,1.0787471760327618,957.0,12.941176470588236,0.030830398476089205,B,2
0.0,1.3681547035279307,0.0,0.0,0.0083957648776926,I,1
7.0,1.488998755217324,1426.5,18.03921568627451,0.2192082243214636,I,2
41.0,5.4145103488183155,2595.0,13.72549019607843,-0.11012480653994139,E,3
0.0,2.0519629391784515,941.5,12.941176470588236,1.105810810810811,G,2
0.0,1.5224817985818802,0.0,0.0,-0.0023268478973176854,F,1
28.0,1.5813021844718351,951.0,12.941176470588236,0.3341777375201289,C,2
107.0,3.4724213695404833,3600.5,44.31372549019608,0.10012578365211855,H,3
0.0,9.538435226938251,0.0,0.0,2.0974710140285695,D,1
0.0,1.1356076415538756,968.5,12.549019607843135,0.021373200442967866,F,2
21.0,1.523775956568493,1085.0,13.333333333333334,-1.3564219826295298,J,2
24.0,1.8939213549956815,2464.5,16.470588235294116,-0.01655669191665493,G,3
0.0,0.7786830943521112,939.5,13.333333333333334,-0.003834214565921923,J,2
41.0,4.308072115131495,2576.5,16.07843137254902,-0.031746194981488784,H,3
0.0,0.866142159115066,0.0,0.0,-1.7401809839768476,J,1
18.0,1.9644724442014412,1872.0,14.509803921568627,0.2665764244573272,J,3
0.0,9.451107129600324,0.0,0.0,-1.3835620414415868,D,1
0.0,2.2533037852878426,953.0,14.117647058823527,-0.0027394344785648395,I,2
0.0,9.488128247608444,0.0,14.117647058823527,0.0028813559322034,G,1
20.0,1.0270556529497237,2035.5,18.03921568627451,1.330530922539552,J,3
33.0,3.6415488242650507,951.0,12.941176470588236,0.8984354354354354,F,2
22.0,1.8324382680790758,2250.5,25.098039215686278,-0.6748390707008337,B,3
0.0,1.5219999606864882,948.0,14.117647058823527,-0.0002684563758389019,B,2
4.0,2.4928434502824746,1768.5,22.352941176470587,-0.1342903071780997,D,3
0.0,2.120121424530095,0.0,0.0,0.09140331434392235,J,1
43.0,1.8594953262040281,2678.5,23.137254901960784,0.00867227479845778,D,3
0.0,1.49373158953149,947.5,12.549019607843135,2.2589418568302597,E,2
35.0,4.814157311678704,3320.0,17.254901960784313,-1.3206149695714906,B,3
0.0,0.5371961852560061,949.0,12.549019607843135,0.00017770929635341215,J,2
0.0,2.0399822044664533,0.0,0.0,-0.0023986486486487005,B,1
0.0,0.9863199508496358,942.5,13.72549019607843,0.004430894308943167,J,2
38.0,1.1423187292089554,2371.0,15.294117647058822,0.19975871865203762,B,3
12.0,0.9363079562542653,1048.0,14.117647058823527,0.17256534954407293,B,2
0.0,9.070356774852177,0.0,0.0,-0.002176870748299642,I,1
0.0,9.49738850086686,0.0,0.0,0.0038184238284192373,D,1
0.0,9.492569176464498,0.0,0.0,0.004035087719298169,B,1
0.0,9.49477084236572,0.0,0.0,-0.006252431704437678,E,1
0.0,1.2749088283436094,944.0,14.901960784313726,0.0011092724744602434,A,2
0.0,9.426382951036631,0.0,0.0,-0.6804598664060387,C,1
0.0,0.2314587025961131,0.0,0.0,-0.9667442871111434,E,1
0.0,8.815343140888947,0.0,0.0,-1.8435076072710688,E,1
0.0,0.558087763644043,947.0,12.549019607843135,0.001550647914032921,E,2
0.0,0.5474094308790987,949.0,12.549019607843135,0.0025184729064039457,E,2
16.0,1.8686094326422007,1640.0,18.823529411764707,-0.044696906997718666,A,3
45.0,0.3534670193162973,2780.5,17.647058823529413,-0.18028589626372726,A,3
0.0,1.3110004510082105,948.0,14.509803921568627,0.0033422661994091385,D,2
53.0,1.7498367497854692,2234.5,22.352941176470587,0.05173857749930211,B,3
0.0,8.317692815658486,0.0,0.0,0.006613595322289445,G,1
0.0,2.000891961112834,942.5,13.72549019607843,-2.294127717850092e-05,I,2
1.0,1.030824892201812,955.0,13.333333333333334,-0.010600652376514502,I,2
29.0,1.7448037985919913,2924.5,32.15686274509804,0.1640241128298453,D,3
30.0,5.560217999033913,3058.0,25.098039215686278,-0.7740574074074074,G,3
24.0,1.3154832115418071,1086.0,14.117647058823527,0.050097087378640826,I,2
0.0,1.6567021947719398,0.0,0.0,0.0017361429225836167,C,1
0.0,1.5872575506641158,948.0,13.72549019607843,0.0033817908817908027,H,2
2.0,2.6631146364581784,1170.5,10.196078431372548,-0.0791270732132142,I,2
11.0,2.8809228867712684,2259.5,27.45098039215686,-0.27202512934220247,I,3
27.0,1.754666148846206,2772.0,23.137254901960784,-0.1847616887854705,B,3
4.0,1.6559231173013704,1049.0,14.509803921568627,-0.0156131495502492,I,2
0.0,9.069041285427614,0.0,0.0,-1.0459807482821049e-05,I,1
0.0,9.525645802814074,0.0,0.0,-0.0029186602870812095,I,1
0.0,2.0013869571799474,943.0,13.72549019607843,0.0008132157581310362,I,2
49.0,1.8340852937360226,2065.5,21.56862745098039,0.2522200292397662,B,3
49.0,4.522346029934733,2099.5,14.901960784313726,-0.3991444684040495,E,3
11.0,1.4961243600281038,1145.5,13.72549019607843,0.034752176002563195,I,2
0.0,9.46586424710771,0.0,0.0,0.013755624830577518,E,1
0.0,0.8798024266024386,947.0,12.941176470588236,-0.010742581090407155,H,2
5.0,1.3732681333788554,950.0,13.72549019607843,0.45079903846153846,E,2
0.0,1.4140178834132784,949.0,14.117647058823527,0.001597506597506737,J,2
18.0,2.2811379275252195,1840.5,21.176470588235293,0.9643090277777777,B,3
19.0,1.976491918140179,1173.0,14.901960784313726,0.053787052101107125,H,2
86.0,1.1128608224586054,2895.5,16.07843137254902,0.08861406775715763,H,3
16.0,1.8579252145922585,959.5,13.72549019607843,0.060664898132427925,E,2
0.0,9.472478704681835,0.0,0.0,0.005405293631100094,E,1
0.0,1.8119412390275864,949.0,14.117647058823527,0.00029611826591699475,E,2
0.0,0.7784827763950661,953.5,12.941176470588236,-0.003935176898753112,G,2
12.0,1.802846464156154,2239.5,22.352941176470587,-0.06709385113268607,E,3
0.0,0.8012656677843515,954.5,12.549019607843135,0.0007719150621195991,H,2
0.0,9.527721230637697,0.0,0.0,0.7849682159945319,C,1
21.0,1.6963610134600184,2189.5,15.294117647058822,-0.0692131147540983,H,3
0.0,9.069546981471664,0.0,0.0,0.01685956814270062,J,1
50.0,0.8911904615363343,950.0,13.333333333333334,-0.05230330349262391,I,2
0.0,0.41323427414377567,951.0,13.72549019607843,-0.9112282879728366,E,2
0.0,1.825072958568974,0.0,0.0,-0.010932978432978496,I,1
0.0,1.0286019121602985,949.0,12.549019607843135,-0.0008824647292077215,E,2
0.0,0.6657488538260083,951.5,14.117647058823527,-0.038781193735117014,J,2
0.0,1.9770722485889876,950.5,13.72549019607843,0.0035098857246508852,F,2
0.0,9.488156985957444,0.0,0.0,1.5288415354874347,F,1
0.0,0.6029954147151064,0.0,0.0,-0.002564910853501412,E,1
0.0,1.7656595848595604,949.0,14.117647058823527,0.0023728813559321937,D,2
18.0,0.36863544552683364,1174.5,14.509803921568627,0.055026672395904294,G,2
0.0,1.0573445658204406,952.5,12.549019607843135,0.0019501899535668832,B,2
0.0,9.072618831518808,0.0,0.0,-0.00024963794163257447,F,1
50.0,4.004818320188434,2151.5,14.901960784313726,0.1437216336603866,I,3
1.0,0.39764952828320455,1143.5,16.07843137254902,1.0055025494514216,G,2
0.0,1.7117356941780248,950.0,13.72549019607843,0.0012477017834159887,E,2
0.0,9.03800638809819,0.0,0.0,-0.008347638550016967,A,1
19.0,1.2425931872908214,945.0,13.333333333333334,-0.7213160377358493,E,2
0.0,2.230988123872237,953.0,13.72549019607843,-0.0027090301003345196,B,2
44.0,4.782095050420699,954.0,12.549019607843135,0.8605672428788864,I,2
0.0,0.9674906646127063,950.5,13.333333333333334,0.0029947156012396503,G,2
2.0,2.4864056204011367,1170.5,10.196078431372548,0.015490815273477898,J,2
0.0,9.461675233922143,0.0,0.0,-0.024949068135516506,D,1
0.0,1.6102764540999044,953.0,13.72549019607843,0.0045480726628266965,A,2
28.0,4.631212890388003,2840.5,26.274509803921568,0.6319523182131874,A,3
54.0,3.610262302837548,3337.0,88.23529411764706,1.8626433121019108,B,3
26.0,4.010148826942267,2679.5,22.745098039215687,0.12259111560819799,D,3
49.0,1.7654913660650078,2058.0,88.23529411764706,-0.21736334405144692,J,3
31.0,2.5051709928066384,1965.5,14.509803921568627,-0.38181152671373497,H,3
0.0,9.516340659167083,0.0,0.0,-0.019323536431518407,E,1
0.0,9.492629722904077,0.0,0.0,0.0014692171944195032,J,1
0.0,1.2496502946982118,950.0,13.72549019607843,-0.003414971634149694,B,2
16.0,4.191236795845877,1754.0,25.098039215686278,2.6546749997527765,C,3
0.0,1.7912233175402212,946.0,12.549019607843135,-1.0858663890216427,D,2
0.0,0.5479021555637469,955.5,12.15686274509804,1.0815900640249938,C,2
46.0,4.028363678350315,2994.0,85.09803921568627,-0.1511800865450721,A,3
0.0,1.602051046734237,950.0,14.117647058823527,0.006504872219157909,D,2
0.0,9.495929767267612,0.0,0.0,0.00016993998908898522,F,1
55.0,0.49532152575162447,2348.0,18.823529411764707,-0.4175042650206271,J,3
0.0,1.2354549586682706,942.0,12.15686274509804,-0.004169491525423785,D,2
0.0,0.5736870347283176,950.0,12.941176470588236,-0.0056145306573957,A,2
10.0,0.22142095904194065,963.5,14.117647058823527,0.0694879466938291,D,2
0.0,2.058238713891107,948.5,14.117647058823527,-0.0008445945945945721,A,2
0.0,0.9593657045178223,990.5,13.72549019607843,-0.002276416268106485,E,2
42.0,0.8768704665593677,1793.0,16.862745098039216,-0.1580800776510555,G,3
24.0,1.1530790613432662,2528.0,28.235294117647054,0.5888727494299867,F,3
33.0,2.1600776801405335,2986.5,16.862745098039216,-0.11746303087661203,B,3
4.0,1.2090033675208038,971.0,13.72549019607843,0.0058001616488179975,D,2
55.0,3.670717263736682,3260.5,87.05882352941177,-2.671003333201064,H,3
0.0,9.51270543868162,0.0,0.0,-2.122181301285779,C,1
55.0,2.2126333710310138,2313.5,23.137254901960784,-0.1470774617996602,J,3
0.0,9.42983769021181,0.0,0.0,0.7395719074444806,A,1
31.0,1.218597231920898,1929.5,14.901960784313726,0.28826776183957326,J,3
13.0,1.977467506631985,1317.5,20.392156862745097,-0.08440789473684202,G,2
0.0,9.526823858861924,0.0,0.0,0.0002580635868674186,C,1
0.0,0.5997534965958132,949.5,12.549019607843135,-0.0026225866996142377,C,2
0.0,1.5980505219308885,948.0,13.72549019607843,-0.0037680559864858854,J,2
28.0,1.8412272129835652,985.5,12.941176470588236,0.05645320150659128,E,2
0.0,9.06928045321667,0.0,0.0,-6.067148871924388e-05,F,1
0.0,0.7825225564570654,950.5,12.549019607843135,-0.2634760626969929,I,2
0.0,9.448847546910114,0.0,0.0,0.7451826242123459,H,1
25.0,0.9789672521154518,2517.5,18.431372549019606,-0.8184591194968551,C,3
0.0,9.528370581934277,0.0,0.0,1.3714675052410903,I,1
0.0,1.9880792065060104,943.0,13.333333333333334,-0.3100959073997519,H,2
13.0,3.7795393931554755,1303.5,18.431372549019606,-0.177245283018868,I,2
28.0,4.472842256407554,2848.5,88.23529411764706,0.1366455696202531,B,3
36.0,3.3915390759571933,2189.5,15.294117647058822,-0.3420072736040508,E,3
0.0,0.8585874599097506,949.0,13.72549019607843,0.004871622755495908,C,2
0.0,1.8993089239946237,1260.5,15.294117647058822,0.08609373719996721,B,2
21.0,4.38939646030213,2199.0,23.92156862745098,-0.06110410094637231,G,3
0.0,0.5707087372259559,948.0,12.941176470588236,-0.0020647021140295374,F,2
0.0,0.9730676315863038,956.0,14.117647058823527,-0.0038468317816142683,G,2
0.0,9.541069590900316,0.0,0.0,-0.0022131999192425145,B,1
0.0,0.5856279547997354,953.0,12.15686274509804,-0.0021588714128034647,F,2
101.0,3.8580205152521407,3405.0,87.84313725490196,0.05212590770207537,H,3
0.0,9.11527540938154,0.0,0.0,0.0004140127388536641,B,1
0.0,0.5714204519512435,952.5,12.15686274509804,4.8772813089903444e-05,G,2
0.0,1.6124968983724508,1200.0,16.07843137254902,-0.011340636753258138,I,2
46.0,2.2974236968428303,2881.5,18.823529411764707,-0.2394718614718614,H,3
0.0,9.473910641308938,0.0,0.0,0.001679722086698865,D,1
0.0,9.493353006385831,0.0,0.0,0.0012987012987012436,I,1
0.0,0.6014172993438516,943.5,12.549019607843135,0.0028371768968159516,G,2
0.0,2.0087912635091674,946.5,13.72549019607843,-0.0018855218855218792,C,2
0.0,1.0395312199319946,943.5,12.549019607843135,0.003662713659220773,G,2
37.0,4.5438672298048814,3724.5,43.13725490196078,-0.31499682488483915,D,3
10.0,1.6995775496191166,963.5,14.117647058823527,-0.010522927959433437,A,2
0.0,2.0385004106351623,952.5,14.117647058823527,-0.0020137640768967957,H,2
46.0,1.5061431935255134,1540.5,13.72549019607843,0.12181174523707283,C,3
0.0,1.0746741266418371,943.5,13.72549019607843,-0.0007690047907439324,A,2
0.0,9.063698738174871,0.0,0.0,-0.001200508755194285,E,1
11.0,4.520082418829599,955.0,12.549019607843135,0.05492374776386466,A,2
0.0,0.8347020813323164,969.5,13.72549019607843,-0.03761266878816549,A,2
0.0,2.227271372550706,948.5,13.72549019607843,-0.005041769467168722,C,2
41.0,4.830631688282005,2588.5,21.96078431372549,0.06874900927137606,F,3
0.0,9.483927255161255,0.0,0.0,-0.007245406307203939,F,1
0.0,1.973547158461779,959.0,14.901960784313726,0.0008362330101460147,F,2
0.0,9.473227892748985,0.0,14.117647058823527,0.00033515356389589995,A,1
23.0,4.610042835078317,2269.0,31.37254901960784,0.03905750798722041,B,3
15.0,1.5683684620300617,1244.0,14.901960784313726,0.0305759434839189,J,2
0.0,1.5040997954027784,952.0,13.333333333333334,0.0001013513513512948,B,2
25.0,4.904966737032889,2547.5,28.235294117647054,-1.0410785072317124,A,3
37.0,0.7083535575434872,1577.0,14.509803921568627,0.021828064559157034,J,3
13.0,1.0596083136291288,1303.5,18.823529411764707,-0.019446833783894668,D,2
0.0,2.00466985618594,0.0,0.0,0.0020538720538720995,E,1
0.0,2.010682520575591,953.5,13.333333333333334,-0.0026689189189189055,J,2
0.0,0.8503308589155983,1160.5,10.588235294117649,0.0004236053065860834,E,2
70.0,0.795570478106276,951.5,12.941176470588236,-0.17915369004802184,F,2
0.0,0.5239410614359781,952.5,12.549019607843135,-0.004918442590203964,C,2
34.0,1.7267624814670863,3283.0,16.862745098039216,0.12421942461420082,B,3
53.0,1.7954158932695465,2234.5,22.352941176470587,-0.16174881752551656,D,3
0.0,0.5976576226414585,951.0,12.549019607843135,-0.0021240711363446074,J,2
19.0,4.538176242006874,3364.0,29.01960784313725,-0.10114917452830174,G,3
4.0,0.7528326644806599,950.5,13.72549019607843,0.05814530343656199,B,2
0.0,1.591106372847171,951.0,13.72549019607843,-0.0011047900532230592,D,2
19.0,1.7785271540983552,2034.5,26.666666666666668,-0.5920667899488742,G,3
0.0,1.064588612473636,954.5,12.549019607843135,-0.0012373399624748815,G,2
0.0,9.601240076954051,0.0,0.0,-1.509864568431092,A,1
0.0,4.237425224560802,944.5,14.117647058823527,0.7295050538291568,E,2
0.0,1.1697633991715957,947.0,13.333333333333334,0.04454674947893211,G,2
22.0,3.161771886879261,2219.5,20.392156862745097,1.506715775563412,A,3
31.0,1.913781999062632,1946.0,25.88235294117647,-0.07370936532507744,E,3
48.0,2.0940964295212123,3016.0,88.23529411764706,0.6272715368437759,F,3
0.0,9.472206298105446,0.0,14.117647058823527,0.0004578313253012986,B,1
1.0,2.070899486443154,1551.0,18.431372549019606,0.02731552719006819,H,3
0.0,1.0443236478205273,945.0,12.549019607843135,0.0012013086647065796,I,2
0.0,9.495550854025389,0.0,0.0,-0.00258256764195286,B,1
0.0,9.4707371328846,0.0,0.0,0.7954825854143959,G,1
0.0,0.5902281458050712,945.5,12.549019607843135,0.0015759838786155722,H,2
0.0,0.5880715690325637,950.5,12.549019607843135,0.0019964829573090315,D,2
13.0,3.8081406950610437,1349.0,18.03921568627451,-0.05685454979699078,I,2
28.0,1.383877812856932,1772.0,18.03921568627451,-0.0760024204908438,A,3
19.0,1.0142426384083603,2034.5,26.666666666666668,0.12531003310415073,F,3
21.0,1.9161852722999178,2081.0,19.215686274509803,0.18561070831009485,A,3
0.0,0.7955562173686309,949.5,12.549019607843135,-0.0018237690968676556,C,2
12.0,4.094981716681642,904.0,21.96078431372549,0.3534773734439072,H,2
0.0,9.069938523586016,0.0,0.0,0.0006194449483039044,A,1
9.0,2.5951350448262627,1777.5,17.647058823529413,0.05786833855799367,G,3
0.0,2.09944670674507,963.5,12.941176470588236,0.7330227423703644,F,2
1.0,2.92694687315994,947.5,12.549019607843135,0.0009685516718769271,J,2
3.0,1.1066823735428222,1542.5,22.352941176470587,-0.6834360632183907,I,3
5.0,1.9914111516868358,951.0,14.117647058823527,0.026616404705318508,H,2
0.0,1.018334557958176,948.0,12.941176470588236,0.0007192376101544662,D,2
0.0,7.951189774656619,0.0,0.0,0.09628828811413226,G,1
0.0,1.0608710719484575,953.0,12.549019607843135,-0.00235343015011491,E,2
0.0,9.513214269948762,0.0,0.0,-0.7444597402597405,H,1
0.0,9.1152192426854,0.0,0.0,-0.00015204872646767953,E,1
0.0,2.276161840379465,1072.5,23.92156862745098,-0.16252446148229294,D,2
26.0,0.23217423418637312,1645.0,17.254901960784313,0.05493837441705529,C,3
0.0,9.528684629024337,0.0,0.0,2.77430036306545,F,1
34.0,1.6614444206524124,2165.5,15.294117647058822,-0.48908299501515995,B,3
30.0,1.4460763193697497,1905.0,28.235294117647054,0.04000639133213624,I,3
31.0,2.7748403641334676,3139.5,26.666666666666668,-0.1557545035609551,D,3
0.0,1.5539300648540675,955.5,13.72549019607843,-0.0013197975278511978,C,2
22.0,1.832978491993195,2174.0,30.588235294117645,0.0836112116667529,C,3
3.0,0.7822842131398592,1141.5,14.117647058823527,0.07226511419614878,D,2
22.0,0.6623743822581637,2240.5,29.80392156862745,0.010774127832951286,C,3
0.0,1.0518421257513564,948.5,12.549019607843135,0.0037977726971014647,G,2
84.0,2.109660867509406,2834.0,19.607843137254903,-0.21124242333761267,J,3
0.0,9.466131221649398,0.0,0.0,-0.008023974492038066,I,1
31.0,1.8624815326805853,1945.5,28.235294117647054,-0.10801485911026554,D,3
53.0,3.89521022363548,2251.5,15.294117647058822,-1.369450023912004,A,3
0.0,9.5276947738234,0.0,0.0,1.559420237081522,I,1
51.0,0.8482750822667152,3156.0,17.647058823529413,0.1751921082112775,H,3
30.0,0.13870130741690373,1028.5,13.72549019607843,0.1936964459591041,A,2
16.0,0.6018647581122141,947.0,12.15686274509804,-0.8014727944146328,G,2
0.0,0.5140598064946205,946.0,12.549019607843135,0.003971233544612374,D,2
42.0,1.7843816121873723,2587.0,16.07843137254902,-0.0039037007148989833,I,3
0.0,9.069126661520697,0.0,0.0,-0.0008892005610090514,C,1
0.0,2.042264530642613,951.5,13.72549019607843,-0.003614168292003672,G,2
0.0,1.707903653565928,949.5,12.549019607843135,0.0007491291228314267,A,2
0.0,1.00862052828314,950.5,14.509803921568627,-0.00824541651489559,E,2
26.0,0.7540340848179256,1569.0,14.509803921568627,0.07126298771711909,F,3
12.0,1.0687670021797921,1391.0,13.333333333333334,0.016477167967549597,F,2
52.0,0.46644128805723334,2191.5,16.470588235294116,-0.2523652273888605,B,3
56.0,2.486514986546494,2414.5,15.294117647058822,0.045264945652174315,D,3
29.0,4.3025472685953075,2936.0,20.7843137254902,0.7520626776972565,D,3
53.0,1.8683636985587266,2259.0,21.176470588235293,-0.0980469003570269,F,3
35.0,1.0605388477879294,1378.5,14.117647058823527,0.2233598104039738,C,2
38.0,1.8771643548318622,2367.0,87.84313725490196,0.7098093103719432,C,3
0.0,9.447141752138792,0.0,0.0,-0.0248977244311078,I,1
40.0,4.264027430145871,2501.5,21.56862745098039,-1.2066067267360574,C,3
19.0,1.575667823778503,1920.5,19.215686274509803,0.07337718209646726,G,3
40.0,4.594579091407115,2491.0,23.137254901960784,0.17738694817819578,A,3
15.0,4.755479246959888,1508.0,18.823529411764707,-1.7693663274745601,E,3
21.0,3.992588932862013,2061.5,87.84313725490196,-1.6342484674787041,E,3
1.0,1.7013127167155653,1005.0,12.941176470588236,0.10942050087361677,E,2
0.0,9.494147854095472,0.0,0.0,0.0007046258277360051,G,1
0.0,9.07133508614359,0.0,0.0,0.0026030345650598363,J,1
0.0,9.071195280468912,0.0,0.0,0.0017528419508616722,B,1
0.0,5.47971422166864,973.0,20.0,-0.5599195067206724,F,2
3.0,1.304859583005747,1278.0,9.803921568627452,0.1892748329369125,F,2
35.0,1.2552576066663268,1481.5,21.176470588235293,0.10813628965822097,A,2
20.0,0.9914524592056368,2035.5,18.03921568627451,-0.31101453257617395,E,3
0.0,1.6355291119997142,947.0,13.72549019607843,-0.0017632825429435978,D,2
44.0,4.264579110171834,2753.0,27.058823529411764,-0.11291838292913248,A,3
0.0,8.769300350887717,1339.0,18.431372549019606,-0.015133555687226394,E,2
0.0,3.88757580978716,949.5,12.549019607843135,0.7661102272217994,H,2
0.0,1.2249506428909822,945.5,12.941176470588236,0.001677852348993314,G,2
0.0,9.528957426636348,0.0,0.0,-0.002294874832188265,A,1
0.0,0.9207431841241678,940.5,13.72549019607843,-0.003832240437158463,H,2
35.0,1.7713682910662318,2174.5,18.823529411764707,-0.8108001330363531,H,3
45.0,1.6839413059829207,1919.5,18.823529411764707,0.04876859881332718,D,3
13.0,1.681190937406977,1020.5,14.901960784313726,-0.02431712083378562,D,2
16.0,2.3438447541332996,1686.0,87.84313725490196,0.1365143770640079,H,3
29.0,2.476584890833237,1820.0,16.07843137254902,1.3312490717093226,A,3
38.0,1.86887659757445,2417.5,27.45098039215686,-0.1653874458874459,G,3
26.0,5.019314236095046,2683.5,25.098039215686278,-0.5711453975781193,A,3
47.0,0.9322260204600282,2900.0,15.294117647058822,0.03393309551185664,J,3
0.0,0.576115237524538,953.0,12.549019607843135,-0.0005311816356499133,H,2
39.0,0.8632723743172377,2411.0,15.68627450980392,-0.21596022112726843,E,3
0.0,1.0403338066380028,944.5,12.941176470588236,-0.0012052671438171902,G,2
40.0,4.4764021726910945,944.5,12.941176470588236,-0.019531321184509842,E,2
40.0,4.7526884896519475,954.0,12.15686274509804,-0.03332838464113941,D,2
0.0,9.443092916665433,0.0,0.0,-0.1675610199418363,C,1
0.0,1.0477383737709378,948.5,13.72549019607843,-0.003614864864864842,C,2
26.0,2.312497914691519,2496.0,28.62745098039216,2.180678039141494,G,3
3.0,3.807706399067501,971.5,12.941176470588236,0.05866778400460926,B,2
0.0,9.497491922685377,0.0,0.0,-0.0037328702657932755,G,1
0.0,1.245086585582365,943.0,14.509803921568627,-0.0007058194558193787,J,2
0.0,9.071122604459031,0.0,0.0,0.0022222222222212373,I,1
26.0,1.7361045403212017,1657.0,87.84313725490196,-0.03500020683378846,D,3
0.0,2.710794446551704,947.5,12.549019607843135,1.4094785258601048,J,2
20.0,1.7071139908665875,2026.5,24.31372549019608,-0.1415229637911758,C,3
30.0,5.353612495249679,3058.0,25.098039215686278,-0.03546273309058812,G,3
32.0,4.194975568988938,3235.5,23.52941176470588,-0.23861682692307706,B,3
0.0,1.0344968332144202,949.5,13.72549019607843,0.00986885245901642,J,2
6.0,1.283375301018882,1445.5,14.509803921568627,0.05236980410893455,J,2
0.0,9.478601238927467,0.0,0.0,0.003444005270092254,B,1
0.0,0.7926040746430579,951.0,12.549019607843135,-0.0002997319510416041,H,2
0.0,1.234305407312464,952.0,14.509803921568627,0.00023781733294425678,J,2
0.0,1.7425410705966302,0.0,0.0,0.007240990990991,A,1
0.0,4.307661330978161,951.0,12.15686274509804,0.0006336946869911486,C,2
0.0,2.236699276061445,1072.5,23.92156862745098,0.00043783322889168197,D,2
0.0,1.1509455405911324,947.0,13.333333333333334,0.0031609473732761018,I,2
0.0,8.030220491626457,0.0,0.0,-0.0021426628586969088,B,1
0.0,9.487118210988521,0.0,0.0,-0.0025108225108224635,I,1
32.0,3.424882505430031,1056.0,13.72549019607843,-0.04363398692810461,D,2
0.0,0.9892645108036251,947.0,14.117647058823527,-0.0008513382411687864,D,2
18.0,4.908315244168086,3319.5,21.96078431372549,-1.00990625,E,3
62.0,1.6341420794970904,2638.5,36.86274509803921,0.10343784816170619,H,3
0.0,9.527362273395592,0.0,0.0,0.0030697516981825768,E,1
26.0,3.304574208365988,1675.5,16.07843137254902,1.3801594657216847,H,3
35.0,1.792647529501819,2189.5,16.07843137254902,-1.4153674529001634,I,3
33.0,5.041991231021346,3426.0,82.3529411764706,0.12613988095238082,A,3
38.0,2.3695026294863046,2399.0,76.47058823529412,1.3919889589905359,D,3
18.0,4.486189846543498,1894.0,88.23529411764706,-0.0621491174680463,C,3
0.0,9.115134179353964,0.0,0.0,1.6284487206875586,G,1
4.0,0.5393670239090306,1005.0,13.72549019607843,-0.09496745473589699,I,2
27.0,2.0021311264515202,1720.5,14.117647058823527,0.2025587134782263,F,3
0.0,1.4546468850384464,0.0,0.0,0.010306030603060304,I,1
5.0,0.7407928262654884,988.5,16.862745098039216,-0.1534323782809056,B,2
0.0,1.564980057025932,952.0,14.509803921568627,-0.0024752252252253637,J,2
51.0,0.905895117644742,3146.5,16.470588235294116,0.173219669505557,G,3
9.0,1.8409093113173192,990.5,17.254901960784313,0.03346005486027781,B,2
0.0,1.045589274236577,954.0,13.72549019607843,-0.004970444763271131,C,2
0.0,9.525610881138494,0.0,0.0,-0.0046159722630307876,H,1
0.0,1.6914124400974822,0.0,0.0,0.0006072119212831018,D,1
0.0,1.5081575327154562,946.5,13.72549019607843,0.00039684437006930195,F,2
0.0,1.6814954951725758,0.0,0.0,-0.014276315789473637,J,1
21.0,3.0632443882035054,2213.0,20.392156862745097,0.008559462077611268,G,3
7.0,0.7834564410394762,949.5,12.15686274509804,-0.2535415395292625,H,2
0.0,1.7329616503505643,948.0,14.117647058823527,-0.0049048678879187735,A,2
0.0,1.6256264494495365,943.0,13.72549019607843,0.0025103007475888867,B,2
0.0,1.7313062010112397,954.5,14.509803921568627,-1.677698106272718e-05,I,2
35.0,1.2570641409538972,1495.5,18.03921568627451,0.061808482956024036,I,2
8.0,1.937216722560373,1497.5,24.31372549019608,-0.00438789602786871,D,2
46.0,1.4892791189735786,2845.0,16.862745098039216,-0.1292977505442231,C,3
0.0,9.06327570571044,0.0,0.0,-0.00048809437298702463,G,1
44.0,2.0721111927962044,1880.0,14.509803921568627,-0.09154123008774184,E,3
3.0,1.128835300307631,1569.0,15.294117647058822,0.15923339472835307,J,3
5.0,3.9589556767848424,953.5,12.549019607843135,0.08831743760928301,I,2
122.0,3.3270032813631625,4086.0,87.84313725490196,-0.03827427483036394,I,3
0.0,0.5575500782836431,949.0,12.549019607843135,-0.003231585219336308,F,2
38.0,0.3371365918535364,1606.0,16.07843137254902,0.09261565910128211,I,3
0.0,1.5657009229166063,946.5,13.72549019607843,0.0011997251488776034,C,2
0.0,0.5156009708205668,946.5,13.72549019607843,-0.0023572072072072098,E,2
0.0,9.709282545826811,0.0,0.0,-2.803162393162393,I,1
0.0,1.6883886417195486,950.0,14.117647058823527,0.001621621621621605,B,2
11.0,3.217088335635451,955.0,14.509803921568627,-2.4033827073414447,H,2
28.0,1.056715873661982,1809.5,21.96078431372549,-0.05431046220555724,G,3
0.0,4.882663122746972,0.0,0.0,-2.158965000133893,J,1
0.0,0.6017765429272063,949.5,12.549019607843135,0.0010640095701047736,E,2
0.0,1.0134042984770557,950.5,14.509803921568627,-0.0159259259259259,J,2
15.0,1.4245267504175367,1546.0,22.352941176470587,-0.3149553699971207,E,3
9.0,0.697031553934186,1220.5,17.647058823529413,0.02975563073548726,G,2
42.0,0.8877607860344522,2633.5,23.92156862745098,0.0497397561959117,E,3
0.0,2.228819589534278,947.5,14.117647058823527,-0.00221824096824097,J,2
0.0,1.6415525015279773,943.0,13.72549019607843,-0.001848924022836984,C,2
31.0,3.4647227883338667,3124.5,88.23529411764706,0.14474683544303807,G,3
16.0,1.6520799308418594,989.5,14.509803921568627,-0.2037399790867899,A,2
0.0,9.460345829546068,0.0,0.0,-0.6707019374068554,G,1
6.0,1.1313534794502416,960.0,23.52941176470588,0.0511744966442953,E,2
0.0,2.2357794707885272,953.5,13.72549019607843,0.001543790034578274,B,2
16.0,1.013251623923911,1674.5,16.470588235294116,-0.0121056277593391,J,3
23.0,4.1475469549132145,2350.0,14.901960784313726,-1.3978511695906435,A,3
55.0,1.0972905283661385,1865.5,21.96078431372549,-0.2912580645161291,D,3
0.0,0.5495163569149313,944.0,12.549019607843135,0.0014975249015379832,A,2
0.0,1.021136502741629,956.5,12.15686274509804,0.004330808080808102,J,2
23.0,2.8730183258458553,2330.0,28.62745098039216,0.008998387146482045,D,3
0.0,1.7121163298437263,953.0,14.117647058823527,0.002751488776912503,G,2
30.0,2.597462342618508,1827.5,14.509803921568627,1.9949398631919086,C,3
0.0,1.5599020402016774,1025.5,21.56862745098039,0.06498485445756141,C,2
0.0,0.46385045879745374,942.5,12.549019607843135,-0.0048377104377103075,E,2
10.0,1.1412714493542329,957.0,12.941176470588236,0.046511185682326706,E,2
44.0,1.7781870767619326,2771.0,87.84313725490196,0.5568573674195417,A,3
24.0,1.549752344441383,2368.0,21.96078431372549,-0.18642948717948718,C,3
0.0,9.49376253583833,0.0,0.0,0.0002589313591117026,J,1
0.0,1.0392053282150828,952.5,12.549019607843135,0.0077893199710875605,D,2
0.0,9.489333605704653,0.0,0.0,0.002149549422366559,B,1
15.0,5.4766186983091485,1447.5,32.94117647058823,-0.170224582207247,F,2
28.0,3.4137442282775163,1788.5,14.509803921568627,0.5246254600315452,C,3
19.0,1.3053807120096843,945.0,13.333333333333334,1.200848291450605,B,2
19.0,4.205751373603972,2006.5,20.7843137254902,-0.014813478395567792,E,3
46.0,3.715379416418733,2901.0,16.470588235294116,0.6424588657045693,E,3
41.0,4.277305553924615,2576.5,16.07843137254902,-0.937074542897328,C,3
40.0,1.363686637552011,2512.0,22.352941176470587,-0.17194015143657326,G,3
22.0,1.6468515872386997,2275.0,15.294117647058822,-0.661409949376947,C,3
0.0,0.7977868813362192,950.0,10.980392156862743,-0.0012868720091263608,B,2
35.0,1.4475100266641323,2164.5,15.294117647058822,-0.12317078025477707,G,3
29.0,5.185068183340729,2310.5,27.058823529411764,-0.017930808242011764,G,3
0.0,9.116385357565362,0.0,0.0,-6.563562402961409e-05,F,1
12.0,0.8616004125764555,2146.0,24.705882352941178,-0.04369543883127025,F,3
25.0,4.544801729754379,2608.0,23.92156862745098,0.1872189714194732,D,3
0.0,2.2643376641634916,1040.5,12.941176470588236,0.14038866888094015,J,2
0.0,1.8748098067479213,0.0,0.0,-0.0618139873197846,A,1
0.0,9.462857680726627,0.0,0.0,2.1083741830065366,G,1
0.0,1.584648080398043,943.0,14.117647058823527,0.002467403339886598,J,2
0.0,9.484053072494119,0.0,0.0,0.0006767104629337162,D,1
57.0,4.346625452446121,5698.0,86.66666666666667,0.2597869737533878,J,3
0.0,1.868163232602101,952.5,14.509803921568627,0.11661491694712844,F,2
0.0,9.447977951832184,0.0,0.0,-0.0004418565931624818,G,1
20.0,5.7481497389486,2046.0,14.901960784313726,-0.2986822224703207,D,3
36.0,0.8277951542104733,2274.0,20.392156862745097,1.0806866910866912,D,3
0.0,9.487498632925359,0.0,14.117647058823527,0.0010181245445355994,J,1
0.0,0.5514221266863599,948.0,12.941176470588236,-0.0003615494978479461,G,2
0.0,1.5240686533623005,953.5,12.549019607843135,-0.002799011189175027,E,2
50.0,0.7303388124354132,1702.0,16.862745098039216,-0.06953757407640906,E,3
0.0,1.0762797148163277,953.0,14.509803921568627,1.0938200349118758,F,2
27.0,1.082590538858158,1181.0,14.509803921568627,-0.2849310481293189,A,2
0.0,1.5946395662532609,953.0,13.72549019607843,-0.0003041825095057016,H,2
33.0,1.5682955409798698,2103.0,22.352941176470587,-0.1887482957204779,I,3
11.0,4.54407911861434,1051.0,13.72549019607843,0.03179094773693425,C,2
58.0,0.847377993061725,3483.0,81.17647058823529,0.3942714318206541,F,3
60.0,1.7975915278041337,2502.0,16.07843137254902,0.32274794052642153,E,3
3.0,5.348809791855859,1894.5,28.235294117647054,0.17271875000000025,B,3
45.0,1.9752286831512471,1545.5,17.254901960784313,0.04540396807114888,A,3
12.0,1.503564722493866,1048.0,14.117647058823527,-0.027864511428133204,I,2
0.0,9.538378890576265,0.0,0.0,1.5400277622016252,J,1
22.0,2.5480290952969527,2250.5,25.098039215686278,-1.2721615661911336,H,3
36.0,0.6093870216402713,2254.5,19.215686274509803,0.1491655840581304,H,3
0.0,0.5479210368127178,946.0,12.941176470588236,0.0025272508280637096,B,2
54.0,0.8923317114057987,956.5,13.333333333333334,0.04667763157894739,I,2
49.0,0.885678131763702,3045.0,17.254901960784313,0.18394441560515912,J,3
2.0,1.130860222410664,983.5,14.509803921568627,0.6588798554652213,A,2
39.0,0.7835996386742801,2435.0,15.294117647058822,-0.043676867686768706,J,3
33.0,0.8946813507544209,2079.0,21.96078431372549,-0.13602464129756703,J,3
16.0,1.8200339858202574,1640.0,18.823529411764707,1.0221324069191557,D,3
0.0,0.6945835553960384,943.5,13.72549019607843,-0.0007405026300408846,F,2
45.0,1.5405759039160147,2840.0,22.352941176470587,-0.5421068761729826,H,3
0.0,9.115630485642008,0.0,0.0,0.010109836065573585,F,1
0.0,9.46690532181367,0.0,0.0,-0.06479787975096873,A,1
0.0,8.758407895371551,0.0,0.0,-0.00732184055370419,J,1
9.0,1.2274272286968848,1059.0,12.941176470588236,0.4747444347446529,B,2
47.0,0.9571453520435133,955.5,13.333333333333334,0.08679999180797904,G,2
29.0,2.5916657739991296,1867.5,15.294117647058822,0.6292934355345913,C,3
0.0,1.7774817666078562,948.5,14.117647058823527,-0.00801259734310579,B,2
0.0,9.027093182131587,0.0,0.0,0.02181864498529995,A,1
50.0,4.976030713325159,2144.5,16.07843137254902,-0.813854198926725,D,3
0.0,1.6380522428730655,949.5,14.117647058823527,0.0006579399436543176,D,2
38.0,0.9721589879318384,2401.5,17.647058823529413,0.10928602547612137,C,3
32.0,1.3959407033655264,1976.0,29.01960784313725,-0.2776762967695564,B,3
52.0,0.5894735573923715,2219.0,17.647058823529413,-0.037159247504906734,I,3
18.0,4.660458462432653,1856.5,26.666666666666668,-0.3305254986501587,A,3
28.0,0.6089684432364662,1523.5,14.509803921568627,0.2521144631234278,E,3
0.0,1.7959454424468184,962.5,14.509803921568627,0.048988976995468836,J,2
0.0,2.0026954672252204,949.0,13.72549019607843,0.001559531772575229,E,2
0.0,0.5874221287719057,951.0,12.549019607843135,-0.0019341697216281872,I,2
15.0,4.946382053707548,1483.5,87.84313725490196,-1.5417839820182184,F,2
0.0,1.733475166312521,948.0,13.72549019607843,-0.007141441441441465,D,2
0.0,1.5983574224524184,945.5,13.72549019607843,-0.0011096323596324065,J,2
6.0,1.0825575838694288,1271.5,13.72549019607843,-1.0010549663080017,I,2
2.0,2.3082907052810864,983.5,14.509803921568627,0.477422591401691,D,2
40.0,1.9221856367349937,3998.5,41.96078431372549,0.25957837301587294,J,3
24.0,1.6670008110537429,1527.5,18.823529411764707,-0.2436464371623487,F,3
0.0,1.6222891377014828,954.5,14.117647058823527,-0.0015857681965063541,C,2
35.0,3.500799448963555,2189.5,16.07843137254902,0.7565109034267916,J,3
0.0,9.46352268626721,0.0,0.0,1.4319042487894702,D,1
0.0,1.6672589434989697,949.5,14.117647058823527,-0.0020875420875420825,C,2
34.0,4.129479578573163,2120.5,17.254901960784313,0.9885108638049811,G,3
55.0,1.3436886416284763,2342.5,23.137254901960784,-0.010801231532269973,H,3
34.0,1.2849553021253663,2127.0,21.96078431372549,-0.8690666048046192,C,3
26.0,0.3891518349892285,2496.0,28.62745098039216,0.10867241163981523,E,3
0.0,9.469834791279272,0.0,0.0,-0.7671381155147943,G,1
56.0,0.944313232516334,2370.5,15.68627450980392,0.12923720482519918,H,3
32.0,2.144578616477405,1991.0,22.745098039215687,1.0820257808326863,I,3
0.0,9.489987475740207,0.0,0.0,-0.7724138080622946,C,1
0.0,0.7919873391012309,952.0,12.941176470588236,0.0006915739268680277,I,2
72.0,1.592813256205611,3034.0,21.56862745098039,-0.157425242640167,C,3
29.0,1.4692988013198043,2910.5,25.098039215686278,-0.0019405598304894633,F,3
16.0,1.7765304544407776,959.5,13.72549019607843,-0.02361182795698924,E,2
21.0,4.133188395594443,1351.0,59.2156862745098,-0.5300413052050472,J,2
0.0,0.7584516166825044,1200.5,13.72549019607843,-0.6612897495790104,D,2
30.0,5.225010604820704,3058.0,25.098039215686278,0.0014884696016768117,H,3
0.0,1.976627117277335,951.5,13.333333333333334,-0.00042375156613569387,D,2
0.0,1.2014567552679687,945.5,12.941176470588236,-1.031282894736842,I,2
34.0,6.219677684001017,3429.5,18.03921568627451,-3.1484833244052934,H,3
0.0,1.0458959267291867,950.0,12.549019607843135,0.000993377483443636,G,2
32.0,3.1091610376865444,2005.0,85.09803921568627,2.8273896636103655,B,3
0.0,1.0191836200212572,943.0,12.549019607843135,-6.285632499225535e-05,H,2
0.0,1.160271651859371,950.5,14.509803921568627,-0.0014527027027027017,D,2
0.0,1.997926124548451,955.0,13.72549019607843,0.0010402684563758369,H,2
0.0,9.070942896188953,0.0,0.0,0.0010269805888363237,I,1
0.0,0.5197958527083086,948.5,12.549019607843135,0.0013666871430846328,J,2
0.0,0.5577999109871865,954.5,12.549019607843135,-0.0018712420496541649,H,2
0.0,0.7365486251126888,951.0,13.72549019607843,-0.0046968041066400845,H,2
37.0,4.219226004618522,977.5,13.333333333333334,0.6191952633896367,J,2
21.0,4.061911734742917,2079.0,17.254901960784313,-0.16092262528832002,G,3
20.0,2.604389901477279,2016.0,87.84313725490196,0.06871669180492701,H,3
69.0,4.149947889671464,2878.5,20.7843137254902,0.08942042235126291,E,3
0.0,1.581292961707717,950.0,13.72549019607843,-0.0029550335570469877,G,2
36.0,0.7162081203700523,2254.5,19.215686274509803,-0.5818117534129692,B,3
0.0,0.5685508835225604,948.0,12.549019607843135,0.00398545091385738,B,2
47.0,0.9569713877818166,2961.5,25.88235294117647,-0.050957978833782946,D,3
25.0,1.5625318951691036,1571.0,14.509803921568627,0.21367924528301896,F,3
0.0,0.7533494298624793,1197.5,13.72549019607843,-0.007899994036615197,C,2
0.0,0.6354844249071895,948.5,13.72549019607843,0.021051131988295113,A,2
13.0,0.49818518309387544,1020.5,14.901960784313726,0.05196465428276581,B,2
0.0,2.08130358664417,951.0,12.549019607843135,-0.0018088211327911274,H,2
0.0,9.1115615120814,0.0,0.0,-0.0058866254518425976,G,1
0.0,9.455863377098485,0.0,0.0,-0.05839201877934275,D,1
0.0,1.5793847192350499,950.0,13.333333333333334,-0.0028522841022840945,J,2
0.0,9.486053515395527,0.0,14.117647058823527,-0.0036348029652750998,I,1
0.0,1.0323615458263646,948.0,13.333333333333334,0.0025470986340552226,C,2
32.0,1.082623951042053,2008.0,14.901960784313726,-0.21604952894855178,D,3
20.0,4.15557200416908,1920.5,14.117647058823527,-0.5325322124517542,I,3
41.0,4.58834453949165,2584.0,88.23529411764706,-0.3083745322824616,F,3
40.0,4.816482371650891,952.5,12.941176470588236,-0.24730927635860755,D,2
14.0,0.7204536776350432,1311.5,13.72549019607843,0.2737961080453095,H,2
26.0,4.056828750297209,1537.0,14.901960784313726,0.14513586413586488,D,3
49.0,1.6841403848505792,1643.5,14.509803921568627,-0.04908701588877848,D,3
33.0,4.327028806271999,2071.0,25.88235294117647,-0.26759952727673375,F,3
0.0,1.1940135727910146,958.0,13.333333333333334,-0.00404005819349329,C,2
14.0,0.83137854856802,1310.0,13.72549019607843,1.6678794565091164,F,2
11.0,0.7881128208741405,950.5,13.72549019607843,-0.15098764163833045,A,2
11.0,3.710008670420205,2044.0,65.49019607843137,0.18793051811919725,H,3
0.0,4.939432850962049,973.0,20.0,0.6355300358342033,H,2
15.0,1.1156143108231011,948.5,12.549019607843135,0.009089253187613722,B,2
0.0,7.935891830315542,0.0,0.0,-0.0013793303209359564,B,1
17.0,1.8317683857937244,951.0,14.509803921568627,0.23307443365695799,J,2
0.0,9.03962556413413,0.0,0.0,-0.010571895424836608,I,1
40.0,3.846727463370944,3597.0,18.03921568627451,-0.6926206698772781,G,3
24.0,2.625176103256555,953.0,12.549019607843135,1.1605305033497362,I,2
43.0,1.749679222867564,2706.5,37.64705882352941,0.2245698578985582,G,3
46.0,1.4392886897619583,2072.0,19.607843137254903,-0.03451370851370844,H,3
0.0,2.000053875908836,956.5,13.72549019607843,-6.756528496132397e-07,C,2
0.0,1.7794591790604166,0.0,0.0,0.0005695447850178996,B,1
35.0,1.7669212295014547,2228.0,30.980392156862745,0.375895537382708,C,3
28.0,6.037262897389032,2809.0,16.470588235294116,1.349841540581906,B,3
0.0,1.7658419218392107,0.0,0.0,0.0036047840428017966,A,1
0.0,0.6253237445936026,0.0,0.0,-0.033886947518281196,I,1
39.0,1.296341206027658,2468.0,15.68627450980392,-0.089332934929561,I,3
43.0,3.413851937292921,2644.5,16.07843137254902,-0.5870901154648158,I,3
0.0,3.3917921434259455,954.0,14.117647058823527,0.5200784510563938,J,2
62.0,1.8015590679737234,2638.5,36.86274509803921,-0.13645221240785993,C,3
0.0,9.068925551960467,0.0,0.0,-0.0022570344316923396,G,1
17.0,5.158707438061513,3022.0,16.862745098039216,-0.05336425398484401,G,3
1.0,3.6274486023795047,947.5,12.549019607843135,-1.3801418361332152,J,2
2.0,1.3915306935943061,983.5,14.509803921568627,-0.6563585955345957,I,2
0.0,9.085471374154471,0.0,0.0,-0.004179822173834058,H,1
0.0,5.4257101739717815,1838.0,23.52941176470588,-0.10030541599082143,C,3
6.0,0.6295184574134429,946.5,14.117647058823527,-0.015198675496688796,D,2
0.0,1.0552897506708,949.5,12.549019607843135,-0.0013643762060576714,D,2
44.0,1.9613653721943463,1859.0,14.509803921568627,-1.099033231040861,G,3
0.0,1.9759344322025674,943.5,13.72549019607843,-0.004432659932659899,B,2
0.0,1.2228419420339536,948.0,12.15686274509804,-0.000650510204081578,G,2
24.0,0.8655642081786867,2431.0,19.215686274509803,-0.016497141337588117,D,3
0.0,1.5731985770921457,1158.0,13.72549019607843,-0.0036905790838374086,A,2
0.0,9.487203812940361,0.0,0.0,-0.006091306336554636,E,1
0.0,1.0331283362436972,950.5,13.72549019607843,-0.0035185985667159914,A,2
48.0,0.5922173738757305,2021.0,14.901960784313726,-0.1690856483930348,I,3
0.0,1.4223678535562525,955.0,13.72549019607843,-0.0009149118301660653,H,2
0.0,9.48300390719138,0.0,0.0,-0.7115361597624652,F,1
37.0,1.7999498954112285,2338.5,15.294117647058822,-0.10509868844027259,J,3
16.0,1.8943843863463665,1662.0,18.823529411764707,0.179524650621118,C,3
33.0,2.692457991709154,2986.5,16.862745098039216,-0.6071131653555886,E,3
0.0,1.0114806503595914,962.0,12.941176470588236,-0.006987661461345662,D,2
36.0,1.4567401404351004,958.5,13.72549019607843,0.5066373888527435,C,2
49.0,4.770123571180512,3054.5,17.254901960784313,0.05993942779852368,E,3
0.0,1.2522839825913703,952.0,14.509803921568627,-1.4526536265768719e-05,D,2
0.0,0.7660127236477716,953.5,12.941176470588236,0.0009543554279241029,B,2
43.0,1.9635746075779978,1844.5,14.117647058823527,-0.281781631219263,J,3
16.0,3.2062119398370097,2932.5,16.862745098039216,-0.4188291977593077,J,3
0.0,1.6769355571096372,0.0,0.0,-0.0184790874524715,F,1
0.0,1.587106806085048,952.5,13.72549019607843,0.0009063792285269046,G,2
10.0,1.7978185614693825,1406.5,10.588235294117649,-0.2603755854568547,E,2
36.0,1.3057953938742353,2299.5,15.294117647058822,1.7518222987135357,E,3
0.0,1.9773072791619577,951.5,13.333333333333334,0.002394521107117298,E,2
0.0,2.2298444057566877,953.0,13.72549019607843,0.006030622562472887,F,2
17.0,0.9172990810179371,933.0,13.72549019607843,-0.09130050996374961,F,2
6.0,2.005671022376302,952.0,87.05882352941177,-0.07243757961783437,E,2
0.0,9.085022282153194,0.0,0.0,-0.011395348837208719,H,1
62.0,1.7851510584922725,2639.5,88.23529411764706,0.12207064279551338,C,3
0.0,1.9789964819978276,948.0,13.72549019607843,-0.0012006351136784887,C,2
31.0,3.942885581398737,1961.5,36.47058823529412,0.22647463575244986,J,3
14.0,2.939365460087383,1310.0,13.72549019607843,-1.7611846468442578,I,2
0.0,9.458793305236442,0.0,0.0,0.7810666287180773,E,1
0.0,9.493380873107602,0.0,0.0,-0.0010739917976759772,F,1
0.0,9.538026283352927,0.0,0.0,2.1106464247149472,B,1
31.0,2.6760094171096704,3139.5,26.666666666666668,0.00845652652432305,G,3
0.0,9.527899019775472,0.0,0.0,0.6905826628957412,E,1
0.0,1.6979584564640722,0.0,0.0,-0.0008176022984894282,E,1
20.0,3.069888370963595,1305.0,13.72549019607843,-1.1197652996845426,C,2
0.0,1.1070959427563607,951.0,13.72549019607843,0.012463965718737702,J,2
41.0,3.947862779597062,2574.5,87.84313725490196,0.05784221525600841,D,3
0.0,0.566364554156665,937.0,13.72549019607843,0.003691199119912003,H,2
0.0,9.529590351102843,0.0,0.0,0.7802311981811808,C,1
15.0,1.9006202753808201,1569.0,19.607843137254903,0.06216765676567659,D,3
0.0,1.1671101304745488,956.0,13.72549019607843,-0.0016917086578104312,G,2
24.0,0.7162990110251912,2444.5,24.705882352941178,-0.10618771075309097,C,3
0.0,2.9209445209151617,1194.5,13.72549019607843,1.580833971017265,A,2
0.0,1.978323533385686,946.0,13.72549019607843,-0.0018427937663519078,D,2
0.0,4.658166766440092,949.0,12.549019607843135,-0.015640920204489817,F,2
3.0,4.675603473957122,1646.0,22.352941176470587,0.5298425846242107,F,3
0.0,9.495901798649237,0.0,0.0,0.006912484555820608,H,1
0.0,9.070082741023493,0.0,0.0,0.0005434659797067809,G,1
1.0,1.6629060242378477,1214.5,17.647058823529413,-0.5282854276617089,G,2
33.0,4.515545013762941,2055.0,18.823529411764707,-0.7365021593699717,A,3
3.0,1.3960271154471577,956.0,13.72549019607843,0.048818829251346195,E,2
4.0,1.901861886712571,948.0,14.509803921568627,0.020796129656507123,G,2
10.0,0.19598395991501819,1406.5,10.588235294117649,0.1819519792465513,J,2
14.0,1.2674202934027552,1510.0,17.647058823529413,0.939017158506595,H,3
44.0,2.4385547377482815,1888.0,14.901960784313726,0.6812180856933621,C,3
0.0,0.7127000815560497,954.5,18.431372549019606,-0.013158783783783823,A,2
39.0,0.596100505618402,1677.5,16.07843137254902,-0.02818777824536539,A,3
0.0,2.007920356677353,944.0,14.117647058823527,-0.0007989898989900213,C,2
0.0,1.614163739080196,939.5,14.509803921568627,0.0014189189189189877,F,2
51.0,1.8713885771699998,2165.0,15.68627450980392,0.6345994518711306,A,3
0.0,0.5333200904725973,948.5,12.549019607843135,0.0027877877877877655,C,2
0.0,9.066750691368648,0.0,0.0,0.017436435250416604,G,1
17.0,4.9884531701548,3022.0,16.862745098039216,-0.6986953707766563,J,3
48.0,2.016465464086179,3027.5,24.705882352941178,0.15948218020216043,D,3
0.0,9.471797016113683,0.0,0.0,0.6924000093909939,B,1
0.0,9.469934036809798,0.0,0.0,0.7512255427277248,C,1
28.0,4.239701854974498,1775.0,14.509803921568627,-0.1789254444942472,D,3
23.0,2.6524801436716614,2329.5,29.80392156862745,-0.07832393084622391,D,3
0.0,9.526553571518027,0.0,0.0,-0.005662424301305036,F,1
0.0,1.0114545033631455,953.5,12.941176470588236,0.0030444693793184596,B,2
0.0,1.7765560390671473,951.5,14.509803921568627,0.0033140510209985208,I,2
43.0,1.336557576351626,2659.0,23.137254901960784,-0.040772683692146705,A,3
0.0,0.9979690040017378,1504.5,17.254901960784313,0.217876264839455,E,3
0.0,1.1079130169323732,952.0,13.72549019607843,0.0029632768361582684,B,2
52.0,0.6374660392684208,2219.0,17.647058823529413,-0.18054239295989166,E,3
50.0,0.9337205381444255,1703.0,24.31372549019608,0.1301886792452831,D,3
29.0,4.055988897706562,2936.0,20.7843137254902,0.10115680804901883,D,3
0.0,0.7942258785590153,942.0,12.941176470588236,-0.8003827160493827,E,2
72.0,0.9874222753611503,3034.0,21.56862745098039,0.0695611507697601,J,3
0.0,0.5354001417551019,951.0,12.549019607843135,-0.0009064475347660972,B,2
41.0,1.4047028618086825,1729.5,14.901960784313726,-0.32325279613758784,H,3
0.0,0.6927695157115363,0.0,0.0,0.003401282638570702,D,1
42.0,0.37423366017258425,1788.0,14.509803921568627,0.0667480071752306,I,3
12.0,1.3492598119244092,2199.5,22.352941176470587,0.22415869782344272,G,3
12.0,1.963717734528816,1178.0,13.72549019607843,0.07650366321067828,D,2
0.0,9.454725057938058,0.0,0.0,-0.005068156172421512,E,1
0.0,1.8656824862208994,950.0,14.117647058823527,-0.021512004214645886,J,2
0.0,0.9704303236515616,990.5,13.72549019607843,0.004170338734097223,C,2
0.0,1.239974078686529,949.0,13.72549019607843,0.0034120397428404337,D,2
9.0,2.5527364478180568,1777.5,17.647058823529413,0.2644655966033095,H,3
2.0,0.6215846691975622,1809.0,15.294117647058822,-0.10712535658648112,H,3
0.0,1.8214870384787283,949.5,14.117647058823527,0.0021073346073346017,I,2
52.0,1.7331465655229548,3223.0,29.80392156862745,0.7772534438258363,I,3
0.0,1.6175936450092654,946.0,13.72549019607843,0.0028298213467704975,E,2
0.0,1.1053372828287193,958.0,13.333333333333334,0.0017361679861679358,D,2
0.0,9.069007771792132,0.0,0.0,0.000894710936102161,E,1
0.0,0.9735097344672814,940.5,13.72549019607843,0.0019022598870055418,F,2
21.0,4.581078043178672,1406.0,19.215686274509803,-0.5707349681149232,I,2
41.0,0.7351397921565576,1741.0,13.333333333333334,-0.03352159468438548,H,3
0.0,1.0316915531667834,950.0,12.549019607843135,0.004253450127266967,F,2
0.0,9.491888942762115,0.0,0.0,6.372219734285256e-05,H,1
0.0,9.49249989089486,0.0,0.0,0.005027197440240938,H,1
59.0,1.8253174387281457,2506.5,56.47058823529412,0.23081207094956557,D,3
50.0,0.8616987172480545,3127.5,17.647058823529413,0.009737837553850992,C,3
38.0,1.3081270973790944,1594.0,14.117647058823527,0.3784229455495277,A,3
4.0,0.5734524079401514,963.0,12.941176470588236,0.009935616512470935,J,2
35.0,2.1627992895652186,2188.0,24.705882352941178,0.24574116334499724,C,3
41.0,4.3999157190499805,2584.0,88.23529411764706,0.07058092540893535,C,3
0.0,1.008110438494187,962.0,12.941176470588236,0.007315330409500831,C,2
11.0,0.9129904616377689,993.5,14.509803921568627,1.0153624528509173,C,2
15.0,4.68374506527915,950.5,12.941176470588236,0.021889768866035553,I,2
45.0,1.0718567444897755,1931.0,18.823529411764707,0.6485730910575745,G,3
0.0,2.0150495489243543,949.5,12.549019607843135,-0.002163854387971953,H,2
1.0,0.9670253603024656,970.5,14.509803921568627,-0.04987834077525401,A,2
12.0,4.2006334595858315,2217.5,19.607843137254903,0.6944915872043858,I,3
0.0,1.5652980574993305,949.0,14.117647058823527,0.002350873600873604,G,2
0.0,9.492969368619606,0.0,0.0,-0.0017545861176001543,J,1
0.0,1.5492984869502129,948.5,13.72549019607843,0.00032721529328470084,J,2
0.0,1.6044011416369695,1206.5,16.07843137254902,-0.010568100995732577,F,2
41.0,1.3962680191688077,2563.5,15.68627450980392,-0.6053462076851794,D,3
32.0,1.8660735851246981,1980.0,20.0,-0.9295563495304207,J,3
24.0,0.9259727887666744,2444.5,24.705882352941178,-0.1933662239089185,G,3
15.0,0.9307613417038704,964.0,14.509803921568627,-0.031500336568735965,B,2
0.0,1.0142349057130087,949.5,13.72549019607843,-0.0006444053251183357,J,2
0.0,0.9049559380101633,1539.0,9.803921568627452,0.10689610257453952,H,3
28.0,2.735888078540879,2874.5,21.96078431372549,-0.11548306912111195,H,3
43.0,0.8562518817360142,1826.5,14.509803921568627,-0.26559307990256764,B,3
47.0,4.952633981727675,2000.0,20.392156862745097,-1.4182683221623997,H,3
0.0,9.070547318305913,0.0,0.0,-0.00033074035059277307,A,1
14.0,2.010008711281614,1576.5,29.80392156862745,0.2075015724506643,C,3
25.0,1.831767978500511,1583.0,20.0,0.1460879915358844,J,3
0.0,9.47616454116713,0.0,0.0,-0.002809139435646091,G,1
86.0,1.1508774188934743,2888.5,16.470588235294116,0.04325052213868019,E,3
15.0,1.0612827237773352,1489.0,9.803921568627452,0.13759149895839295,H,2
49.0,4.210888869974127,952.0,12.941176470588236,0.6280393855393855,H,2
82.0,1.0640115667733345,2741.5,16.07843137254902,-0.0020198675496688745,G,3
0.0,0.46307193486423864,942.5,12.549019607843135,0.0004156353825227055,B,2
113.0,3.142107390900663,4746.5,88.23529411764706,0.3105696202531645,I,3
0.0,5.695358146485927,957.5,12.549019607843135,-0.027020903322134693,A,2
32.0,1.7439572142306607,3235.5,23.52941176470588,1.0937519227399288,G,3
0.0,1.6241942925725343,921.0,9.803921568627452,0.0930355014771419,G,2
12.0,1.6381384897457842,2199.5,22.352941176470587,0.7293154173134087,A,3
0.0,2.2335627270250447,945.0,13.72549019607843,-0.0029707482993195367,J,2
0.0,9.500771805618664,1173.25,17.647058823529413,0.0102562104821552,E,2
2.0,2.0452229582166597,961.5,13.72549019607843,-0.1508659408275303,B,2
27.0,1.3503503486545119,2717.0,33.333333333333336,0.0967326732673268,D,3
0.0,9.064818980691927,0.0,0.0,0.0008779752147400899,F,1
38.0,2.0107045392921328,2394.0,44.70588235294117,-0.03339695153725891,F,3
18.0,2.132949642609345,1811.0,20.392156862745097,0.018296063358956394,F,3
0.0,9.08749884513154,0.0,0.0,-0.009179699527525731,G,1
18.0,2.1689576569260725,958.5,13.72549019607843,0.5716191647182135,J,2
0.0,0.972585181296572,953.5,13.333333333333334,-0.003122231763536154,B,2
0.0,9.547383761922138,0.0,0.0,-0.0009708506340478928,C,1
0.0,9.116138900811512,0.0,0.0,-0.0007474358974359774,D,1
26.0,1.1744738948019149,1645.0,17.254901960784313,-0.2685568007740063,F,3
36.0,1.1997009111505,2309.5,15.294117647058822,-0.21770625837715232,D,3
0.0,2.000917806950059,957.0,13.72549019607843,0.0041899854399855,C,2
25.0,1.047568998322865,2563.5,20.7843137254902,1.2862664537568511,H,3
32.0,1.5655006693320235,1991.0,22.745098039215687,-0.0509015071854187,I,3
0.0,2.289423959351874,950.5,12.549019607843135,-0.006566287799354087,C,2
0.0,9.50055610833051,0.0,0.0,0.0006267363093198641,F,1
1.0,0.845684204186647,1214.5,17.647058823529413,0.1870476768809169,E,2
0.0,1.6069496771252505,1203.5,15.68627450980392,-1.0868211920529802,G,2
0.0,1.0427459849589427,952.5,12.549019607843135,-0.0023574224631135454,F,2
0.0,1.9767250370611908,948.0,13.333333333333334,-0.0014686440773397924,D,2
46.0,0.8995394906441467,1948.0,18.823529411764707,0.004551298589611341,G,3
0.0,5.616386466384927,957.5,12.549019607843135,0.058509924617512254,J,2
0.0,2.8529162721056944,946.0,12.549019607843135,0.010672036701163012,F,2
0.0,1.7299310880071355,949.5,14.117647058823527,0.0009941560516824044,A,2
0.0,4.7444560984956405,947.5,12.549019607843135,-0.720471851126721,J,2
45.0,1.0262365742158466,2842.5,16.470588235294116,-0.20129509379509386,J,3
0.0,1.5576757355795992,947.0,13.72549019607843,-0.0006006962278148897,B,2
0.0,1.6076269378580226,950.0,13.72549019607843,-0.0066707619502651,J,2
22.0,1.4452184179731908,951.0,12.549019607843135,-0.010581840996194858,G,2
24.0,0.8377659135344072,1497.0,18.823529411764707,0.021308652697861308,F,2
17.0,1.1338611299699597,1378.5,13.333333333333334,-0.4759634715737434,D,2
0.0,0.5952303063350827,949.5,12.549019607843135,-0.0010880719062126287,D,2
0.0,9.43331225164303,0.0,0.0,-0.6360907098812618,F,1
0.0,1.2742065524766424,1025.5,21.56862745098039,-0.29051216861032814,H,2
0.0,2.257038796533441,944.0,14.509803921568627,-0.005835872852821944,E,2
0.0,9.476709733686027,0.0,0.0,-0.7655400749630865,G,1
27.0,1.784447664122158,1685.5,27.45098039215686,-0.10921588180227115,A,3
12.0,1.9110404727098909,1265.0,16.862745098039216,1.3367831647418762,C,2
0.0,8.069993938314655,0.0,0.0,-0.0034271179401992313,I,1
12.0,0.8457322492330822,949.0,11.76470588235294,-0.029287587699167283,F,2
67.0,1.0192429752362147,2836.5,25.098039215686278,0.03356946127575189,C,3
41.0,1.8179771887609444,2545.0,33.333333333333336,0.010622950819672128,D,3
0.0,1.20889254902568,950.5,13.333333333333334,0.00489251627865489,B,2
0.0,1.0554324272624667,950.0,12.549019607843135,-0.7121443118310127,G,2
0.0,1.6600824616397072,950.5,13.72549019607843,0.001286771465342798,G,2
26.0,0.14164618611011778,2599.5,16.862745098039216,0.203266129032258,J,3
0.0,0.8872907141799766,1411.0,10.196078431372548,0.05287772197817178,C,2
1.0,1.4990720728602167,1527.0,21.176470588235293,1.139526165319004,A,3
51.0,1.6243794603619843,3193.0,26.274509803921568,-1.165194724674233,H,3
0.0,0.9663126041850728,1060.0,14.901960784313726,-0.24311465767390772,C,2
7.0,1.245135166102332,1216.5,13.333333333333334,-0.0763056659428899,J,2
60.0,1.1557905580629535,2567.5,16.07843137254902,-0.030381199193744907,B,3
0.0,1.105829079933541,948.0,13.72549019607843,0.004411115661115628,C,2
0.0,9.465787948368414,0.0,0.0,-0.7071809845989494,H,1
42.0,0.7212611459624579,2633.5,23.92156862745098,-0.20203058545817137,C,3
0.0,1.0304813094791692,953.0,12.549019607843135,8.485888634623961e-05,J,2
35.0,2.0225081877936506,2225.5,15.294117647058822,0.26914117717525876,H,3
0.0,9.52958894893093,0.0,0.0,0.7882415472733912,I,1
0.0,9.465552505180916,0.0,0.0,-0.8829249860048516,B,1
0.0,4.836320423918918,950.5,12.549019607843135,-0.8021822094691542,E,2
0.0,1.631225928570342,953.0,14.117647058823527,0.006553252404947418,F,2
10.0,2.3895805015462575,942.0,13.72549019607843,0.6919068668334725,J,2
0.0,0.5546670654465368,951.0,12.549019607843135,-0.004703954892417261,B,2
0.0,0.4885857182070198,948.0,12.549019607843135,-0.004580277662469379,G,2
0.0,0.7365680127123939,952.0,13.72549019607843,-0.0067145503477683555,G,2
24.0,0.9232735257882108,951.0,12.549019607843135,0.9533849645834149,H,2
25.0,1.1299911769156459,2504.0,24.705882352941178,-0.07922427184466022,I,3
0.0,0.5334252009602357,958.0,12.549019607843135,0.0012035441047507645,B,2
33.0,1.4857855506072672,2097.0,44.31372549019608,0.04321127486344439,B,3
107.0,1.749664711451622,3600.5,44.31372549019608,-0.18843505864407462,G,3
1.0,3.8710741891278104,1114.5,9.803921568627452,-0.019803078220535397,G,2
27.0,1.7512659338169099,1666.5,34.509803921568626,0.03782624830320602,D,3
15.0,3.3314970951289107,1419.5,14.901960784313726,0.6746152963545766,E,2
6.0,1.506710135719691,952.0,87.05882352941177,0.02178312417228978,F,2
0.0,1.759975573694135,962.5,14.509803921568627,0.04665629139072841,H,2
34.0,2.136367189951003,2839.5,23.137254901960784,0.23646259331385916,J,3
0.0,0.9882062217428442,947.0,14.117647058823527,-1.8757354397380688e-05,G,2
0.0,1.216792055900051,947.0,13.72549019607843,9.282220452738743e-05,G,2
0.0,9.493349896244684,0.0,0.0,-0.005491606714628228,G,1
0.0,2.005169086992265,949.0,13.72549019607843,0.0037586137235975925,D,2
0.0,9.067236676742095,0.0,0.0,-0.0020538720538723076,D,1
19.0,4.144864451699452,2006.5,20.7843137254902,-0.09246448141788832,F,3
15.0,1.1126813353149048,2184.5,18.823529411764707,-0.010082240401679488,J,3
5.0,1.8875808450740263,988.5,16.862745098039216,0.1081101234205112,I,2
41.0,0.3685486664291132,1729.5,14.901960784313726,-0.037608759002539516,C,3
33.0,4.4627031117673654,2048.0,88.23529411764706,-0.34525355633593247,C,3
0.0,1.9975322709210903,958.5,14.901960784313726,0.10433774253876726,C,2
12.0,3.8801011885082546,1265.5,16.862745098039216,0.02453267872878495,H,2
0.0,9.464089456644329,0.0,14.117647058823527,-0.00034084559508289897,C,1
0.0,9.500551397084962,0.0,0.0,-0.007920300890673415,J,1
63.0,1.0762578344008835,2123.0,87.84313725490196,-0.042931948881789195,B,3
10.0,0.6098375603388169,1777.0,14.509803921568627,-0.05329180327868854,A,3
0.0,1.741638593998654,1406.0,18.823529411764707,0.18860666594289444,G,2
46.0,2.8754416093971007,2869.0,18.03921568627451,-1.0135423197492164,H,3
35.0,0.9559323263869114,2175.0,19.215686274509803,0.11246395510772517,E,3
42.0,1.7995867431351429,2631.0,26.274509803921568,-0.12141211969345778,D,3
0.0,1.0634067324016185,949.0,12.549019607843135,-0.002354543944176779,A,2
0.0,9.06740414094547,0.0,0.0,-0.0008483642793986057,J,1
0.0,2.0327438375256133,948.5,14.117647058823527,-0.0005568770756483876,D,2
28.0,3.3760875800251395,1036.5,12.941176470588236,0.20527999999999968,H,2
0.0,0.6925222769712086,951.0,13.72549019607843,0.003196158963382878,G,2
0.0,1.0579878891648753,941.0,12.941176470588236,0.0013460390834429958,I,2
52.0,1.0934729826792675,3264.5,23.52941176470588,-0.1182900199405053,G,3
0.0,9.068004940645242,0.0,0.0,0.0019467592592592453,C,1
0.0,9.498541168117127,0.0,14.117647058823527,-0.007027545248868804,J,1
8.0,0.08225303240594127,1287.0,12.941176470588236,0.39895371792059653,J,2
0.0,9.477403165102167,0.0,0.0,1.3711389700088072,I,1
0.0,4.3076127358601495,949.5,12.549019607843135,0.007603533064234114,J,2
28.0,1.468591359224095,1772.0,18.03921568627451,0.2330154520063495,E,3
0.0,3.7498451736221785,947.5,12.549019607843135,0.026761767903215716,J,2
0.0,9.1167637760215,0.0,0.0,0.0019333333333331204,J,1
0.0,1.4070725416817658,0.0,0.0,0.0017748430248430008,J,1
19.0,0.2242537267081387,1072.0,14.509803921568627,-0.1301417169974116,D,2
0.0,9.493261395279763,0.0,0.0,0.006199467736192066,H,1
0.0,9.543020786817497,0.0,0.0,-1.4444041299600934,I,1
0.0,1.1650234914833824,954.0,13.72549019607843,0.0005807462102142003,D,2
0.0,1.2149300711392914,947.0,13.72549019607843,0.0038451247519454834,H,2
55.0,0.6230607801969084,2348.0,18.823529411764707,-0.4606036617018729,J,3
47.0,1.8875218590017953,2008.5,18.431372549019606,0.029817552366374567,C,3
0.0,4.112358097054655,952.0,12.549019607843135,0.7265902188245414,E,2
0.0,1.9080825993780115,948.0,14.901960784313726,0.2562305037957212,C,2
13.0,1.3144454893109085,942.5,14.117647058823527,-0.04778321829163079,A,2
0.0,1.068232685206845,956.0,12.941176470588236,-0.714597932602073,A,2
0.0,9.49918368277731,0.0,0.0,-0.0007124317509756839,J,1
0.0,3.111229411674096,942.5,12.941176470588236,-0.010944183195838786,I,2
5.0,1.8523805249583107,949.0,13.333333333333334,-0.012602774274905582,A,2
16.0,3.660219637694623,1631.0,14.509803921568627,1.010952874883205,G,3
41.0,1.2976889337854298,2605.0,17.647058823529413,1.0015772604588393,I,3
47.0,2.0554321745161728,2952.0,16.862745098039216,-0.9059111313315136,G,3
0.0,0.41994021241515683,952.5,13.72549019607843,0.0003192454199165695,H,2
39.0,0.47154431289484416,1677.5,16.07843137254902,0.15506833219961652,F,3
0.0,3.110690363044422,950.5,12.941176470588236,-0.000203673501086854,H,2
28.0,4.557936686774102,946.5,12.941176470588236,1.2566073658734052,A,2
0.0,1.2149673110910115,948.5,13.333333333333334,0.0003132678132677924,G,2
2.0,1.0537712452226242,1330.5,18.03921568627451,-0.036065239551478,E,2
1.0,1.5885041934801687,1100.5,12.941176470588236,0.0015404135338346059,G,2
27.0,0.6746811747427118,1159.0,16.470588235294116,0.3128831082710393,G,2
38.0,1.7822645807980584,2417.5,27.45098039215686,0.0741785610555579,I,3
0.0,9.463980240789386,0.0,0.0,-0.7802622101943404,F,1
0.0,8.11159398854142,0.0,0.0,-0.0011428094761427587,B,1
124.0,0.528719385234972,5225.5,88.23529411764706,-0.1987112965650702,E,3
0.0,0.5176597918134628,945.0,12.549019607843135,0.004228187919463111,C,2
0.0,9.485882630064575,0.0,0.0,-1.4109927481870468,B,1
0.0,1.5737934316630873,0.0,17.647058823529413,0.0030325772030245224,I,1
30.0,1.9778162483157566,1296.0,13.72549019607843,0.20734567901234557,B,2
0.0,9.530072559433597,0.0,0.0,0.6939267603452948,D,1
0.0,0.5702677793075207,949.0,12.549019607843135,-0.0007109048777795834,J,2
18.0,0.807997159043165,956.0,12.941176470588236,0.04315527434913402,F,2
19.0,1.8264758478216283,1173.0,14.901960784313726,0.8311885356023286,D,2
57.0,1.764982248142595,2436.0,19.607843137254903,0.240450024113817,A,3
0.0,9.039860088200966,0.0,0.0,-0.01003720285683718,F,1
18.0,2.4195591085254655,1836.0,23.137254901960784,0.038256578947368336,A,3
0.0,1.6778163838427271,0.0,0.0,0.0033134476758638343,J,1
0.0,0.731243439686334,950.5,12.549019607843135,-0.41833280547763396,E,2
0.0,1.040130809338612,942.0,12.941176470588236,0.0030428931875525755,F,2
0.0,2.190154474511381,949.0,14.117647058823527,0.1916194174757283,G,2
0.0,1.0893774006794483,950.5,13.72549019607843,1.1358483835005575,C,2
0.0,3.1278604634479703,946.5,12.549019607843135,0.001864406779660932,H,2
51.0,1.3233750075724282,1720.5,14.117647058823527,-0.025928868826778806,D,3
0.0,0.5604556192484864,954.0,12.549019607843135,-0.001768170426065141,A,2
30.0,4.478108241807299,1914.5,20.392156862745097,0.24752337505959865,I,3
46.0,2.964954034170826,2885.5,18.431372549019606,0.561914855505135,C,3
0.0,1.9191657625779173,947.0,14.117647058823527,-0.0025740025740025874,J,2
0.0,8.896099289706433,0.0,0.0,-1.0443873117644582,D,1
0.0,9.472897375835382,0.0,0.0,-0.003315192673447487,J,1
28.0,1.6525919764816277,985.5,12.941176470588236,-0.026133354779638962,C,2
0.0,9.49757045043841,0.0,0.0,0.0004739336492890489,B,1
32.0,1.1108575220509114,1046.5,14.117647058823527,0.064359445939129,G,2
33.0,4.687188984946757,2090.0,23.92156862745098,0.5703280460878606,B,3
0.0,9.503043710543556,0.0,0.0,-0.009204921300741908,G,1
0.0,9.497939520955427,0.0,0.0,-0.0016954802154237614,F,1
0.0,9.486382366275729,0.0,14.117647058823527,0.0003623770444095009,F,1
0.0,9.528067879773065,0.0,0.0,0.6936479693171702,B,1
0.0,9.505308141541548,0.0,0.0,-0.6644110348250476,J,1
22.0,3.331318245505945,956.0,12.15686274509804,0.8429505112184041,I,2
0.0,1.6588188377013935,949.0,14.117647058823527,0.008215414567109502,E,2
0.0,1.391535000239748,945.0,12.549019607843135,-0.0007342802394262327,E,2
21.0,3.804165129527988,2061.5,87.84313725490196,-0.31822380590766586,J,3
0.0,0.8851120176910307,941.0,14.901960784313726,0.006581489207328095,C,2
10.0,0.2088829341891804,956.0,12.15686274509804,-0.018382227163872722,E,2
0.0,0.5986415666887457,948.5,12.549019607843135,0.0034699143651109043,G,2
1.0,1.1954031603933915,947.0,13.333333333333334,-0.04303145020384391,B,2
0.0,0.5478336394681098,945.5,12.549019607843135,-0.0032671046960006667,F,2
35.0,1.7976068964472978,2180.0,14.901960784313726,0.024273632775793974,I,3
0.0,1.6132504397170089,953.5,12.549019607843135,0.0017935150900741936,C,2
0.0,0.5800367164589898,950.5,12.549019607843135,0.004001154206843549,J,2
0.0,9.469814264059332,0.0,0.0,-0.7651863665457648,D,1
6.0,0.8986508873612004,1584.5,21.96078431372549,0.0806435057657866,B,3
0.0,1.0580252186694108,954.0,13.333333333333334,0.0006018955766174949,E,2
0.0,9.532319831371376,0.0,0.0,1.4342854488099719,I,1
0.0,1.6218807973699407,950.0,14.509803921568627,-1.1095111933823105,D,2
0.0,9.47709488288408,0.0,0.0,-1.3946047999139992,G,1
0.0,0.8161119706070309,1197.5,13.72549019607843,0.026707729712166617,C,2
19.0,1.9156304577941663,1209.0,15.68627450980392,-0.8118768360245264,C,2
0.0,9.493362913191321,0.0,0.0,-0.005124527157064573,B,1
0.0,1.7687634422547174,947.5,12.941176470588236,0.012579232951042102,I,2
42.0,1.6703690905519808,2615.0,82.74509803921569,0.27343137254901967,F,3
0.0,9.460570845843746,0.0,0.0,1.4243089453649798,D,1
0.0,2.0113014913364498,953.5,13.72549019607843,0.036633565383565436,I,2
0.0,9.477965754081184,0.0,0.0,0.00224684919600171,J,1
9.0,1.8555414470386187,1179.0,16.862745098039216,0.009839743589743544,F,2
0.0,1.0431696795674363,952.5,12.549019607843135,0.0008036824485893046,E,2
20.0,1.5077767882984743,989.5,14.509803921568627,-0.013866507405637885,F,2
10.0,1.6899543086639077,1893.0,19.607843137254903,0.08116840501582101,E,3
0.0,9.067730914620304,0.0,0.0,0.0013808427411370339,A,1
31.0,4.34362856018177,1948.5,23.92156862745098,0.20044107092707542,C,3
21.0,0.7327220244720599,2185.0,21.56862745098039,0.30612671383214396,J,3
0.0,0.5177512955508764,968.5,12.549019607843135,-0.0007383357383358158,C,2
1.0,0.7382899739870286,962.0,14.509803921568627,-0.0434175192438858,A,2
17.0,1.8407822183451976,1716.5,14.901960784313726,-0.140820888532745,C,3
3.0,5.1695666346230835,1646.0,22.352941176470587,-0.6863037463027055,I,3
24.0,2.3816364630858278,2439.5,24.31372549019608,-0.5855321247996054,G,3
72.0,1.0541142489341648,3034.0,21.56862745098039,0.4626670940524442,A,3
0.0,1.0480103067520243,946.5,12.549019607843135,-0.0018281938325991343,H,2
43.0,0.795554978115903,1804.0,16.07843137254902,0.1916973588057208,E,3
0.0,9.48973418124486,0.0,0.0,0.0019003714961162155,B,1
0.0,8.112473719172245,0.0,0.0,0.017870751847023136,F,1
44.0,1.8771924619020433,1892.5,19.607843137254903,0.013946029776674917,F,3
12.0,1.7020852565279634,2349.5,19.215686274509803,0.0419927472956453,D,3
0.0,1.0477310213987674,942.0,12.941176470588236,0.005417606891994442,E,2
0.0,1.6413212352517002,950.0,13.72549019607843,-5.153576582139774e-05,G,2
0.0,0.5466106283161484,947.5,12.941176470588236,-0.0007715646096889683,I,2
27.0,1.424073114449827,1700.0,25.098039215686278,0.1370150366846731,A,3
0.0,2.0097241213653625,958.0,13.72549019607843,-0.004587542087542085,E,2
33.0,1.8062350360730344,2102.5,18.431372549019606,0.052899970050913486,A,3
15.0,2.1503488852911747,1369.0,13.72549019607843,-0.07554573680439447,G,2
0.0,0.6957081004263289,954.0,14.117647058823527,-0.0013524254821740689,I,2
0.0,9.46077232723913,0.0,0.0,-0.017967637540452996,C,1
21.0,1.1790945369192567,2154.0,14.509803921568627,-0.08153247450348888,D,3
29.0,1.9459232888416191,1793.0,21.176470588235293,0.016288619028293705,J,3
17.0,2.8154537250237652,2728.0,16.07843137254902,0.7238816029844432,J,3
0.0,0.3790634195947289,949.5,13.72549019607843,-0.0006661460141153958,I,2
0.0,2.009604975468071,945.0,13.72549019607843,-0.00021544761688091496,G,2
3.0,3.2383716607520223,941.5,13.333333333333334,0.0050000000000000044,D,2
0.0,9.544572531984198,1339.0,18.431372549019606,0.050185023817822694,J,2
0.0,1.6549604150964359,949.0,14.117647058823527,0.010663831483819608,A,2
50.0,0.7999569148127365,3127.5,17.647058823529413,-0.10904664064105196,A,3
40.0,0.936059033401293,2533.0,15.68627450980392,0.576902349753296,G,3
0.0,9.53090413789826,0.0,0.0,1.4092856094787425,I,1
1.0,1.1043674168322803,1606.0,17.254901960784313,0.017172262805843996,D,3
0.0,0.9910513672358259,942.5,13.72549019607843,-0.004859973609973256,J,2
9.0,0.9840131349014495,945.5,14.117647058823527,0.11516903844641868,C,2
0.0,9.068813503434187,0.0,0.0,-0.0005195254727961007,G,1
0.0,1.2121487536246256,952.5,13.72549019607843,-0.0006697576861510735,E,2
0.0,1.057124639759177,1211.5,13.72549019607843,-1.3866893996960485,I,2
13.0,3.315974952018509,944.5,13.333333333333334,0.11713712270511362,G,2
24.0,0.8702758562875836,1496.5,14.117647058823527,0.34130813666922966,I,2
0.0,7.967562627720472,0.0,0.0,-0.009844086074795033,F,1
0.0,9.44884619558199,0.0,0.0,-0.7866749330814045,A,1
0.0,1.5384166974770288,949.0,13.72549019607843,-0.0001425554984876981,J,2
0.0,9.487027574993416,0.0,0.0,-0.7051455742896731,I,1
0.0,0.856129532240734,947.5,12.549019607843135,-0.004051498780062723,D,2
0.0,9.463727193735362,0.0,14.117647058823527,-0.0013131206793697003,I,1
44.0,0.4950816561579771,1856.5,14.509803921568627,0.018022212415416294,J,3
0.0,2.0112030778625547,954.0,13.72549019607843,-0.0006514120799834822,E,2
5.0,3.873206540231918,954.5,12.941176470588236,0.07945717468872804,I,2
42.0,3.1434332001244316,1799.0,14.509803921568627,0.6670348943985314,F,3
65.0,0.36204774590169725,4155.0,18.823529411764707,2.850810540752351,D,3
12.0,2.349649323330804,2207.5,24.31372549019608,-0.015388032235548188,J,3
0.0,2.009688219042835,957.0,13.72549019607843,-0.002146521139809787,B,2
62.0,1.949099817864647,2639.5,88.23529411764706,0.3733487179487179,D,3
57.0,2.4835101964060593,2436.0,19.607843137254903,0.5458186115450867,J,3
0.0,9.069204448057835,0.0,0.0,0.008061828952239836,A,1
19.0,1.7756764862600265,947.5,13.72549019607843,0.035907838517749494,B,2
0.0,7.427326017350089,0.0,0.0,-0.0073234576507497096,I,1
0.0,9.469828102063014,0.0,0.0,-0.7099595179639037,A,1
39.0,3.613003884488866,3878.0,26.666666666666668,0.6417703835407673,B,3
4.0,2.37368846945699,948.0,14.509803921568627,-0.15343239813087717,E,2
0.0,2.014153940907468,952.0,14.117647058823527,-0.0023184837379752743,E,2
0.0,1.0255163508198533,952.5,12.941176470588236,0.0027593818984547047,F,2
0.0,9.540971399910298,0.0,0.0,1.5746520475926948,D,1
46.0,1.6617710956340523,1540.5,13.72549019607843,-0.05677193018501592,F,3
0.0,9.482390177595702,0.0,0.0,-0.009524808524808526,B,1
9.0,2.774857947380066,1059.5,27.45098039215686,0.6903120132398755,D,2
1.0,0.9656327407513248,1217.5,14.117647058823527,-0.21257903228832487,H,2
0.0,2.232750917225856,945.0,13.72549019607843,0.00032998907998926796,I,2
0.0,1.739876278517348,948.0,13.72549019607843,0.0015488215488214663,F,2
46.0,4.940685237231008,2883.5,16.470588235294116,-0.14021182026529644,J,3
3.0,0.37484373617659755,1222.5,13.333333333333334,-0.2600025155772282,A,2
21.0,2.659208661674233,2070.5,19.607843137254903,0.2658840998864487,G,3
1.0,0.9308653119438314,1143.5,16.07843137254902,-0.12164037854889587,H,2
0.0,1.03303808281765,951.5,14.117647058823527,-1.1090884104443426,I,2
18.0,3.7146591288038584,1764.0,18.03921568627451,-0.6695845628997867,D,3
23.0,1.5035961520792993,1512.5,14.509803921568627,0.3355799373040751,F,3
41.0,1.7959213189123457,2545.0,33.333333333333336,-0.02537777777777772,F,3
46.0,1.416073511233298,2856.0,21.96078431372549,0.191474352574726,D,3
38.0,0.4629674084523256,1606.0,16.07843137254902,-0.04953164936102239,A,3
0.0,0.9935347937765989,959.5,14.117647058823527,-0.009577058409570793,I,2
30.0,1.8886010868420755,1901.5,83.52941176470588,-0.035085774372840606,D,3
33.0,5.074966069487097,3426.0,82.3529411764706,0.20852678571428562,J,3
33.0,1.8134035719976527,2093.5,27.45098039215686,-0.13392096864409586,J,3
15.0,0.9980884581601472,934.0,13.333333333333334,-0.14472124233128839,D,2
0.0,0.5220482833111515,958.5,12.549019607843135,0.002800165745533878,D,2
43.0,4.569079829152544,2678.0,16.07843137254902,-1.1041475574099024,G,3
19.0,2.0875253567686713,981.0,17.254901960784313,0.8491190242946707,I,2
0.0,0.6051023885089505,937.5,13.333333333333334,0.00286334056399129,I,2
0.0,9.49674470102116,0.0,0.0,0.0005656072634108167,I,1
3.0,4.741622212955391,801.5,29.80392156862745,0.24734525260734141,H,2
0.0,9.450004334015336,0.0,0.0,-0.6679027459954233,F,1
0.0,2.1305018978902748,930.5,14.117647058823527,0.017455770766773238,A,2
47.0,2.0473302771759516,1961.5,14.509803921568627,-0.20566824411661044,D,3
0.0,2.0016990255194007,954.0,13.72549019607843,-0.0011174811174812227,B,2
26.0,3.6524334066065283,2655.0,24.705882352941178,0.2130945291233035,J,3
0.0,9.542284032558053,0.0,0.0,-1.380013521131723,B,1
0.0,0.6085553353507457,950.5,12.549019607843135,0.0019524722770771774,G,2
0.0,1.1627716513758501,947.0,13.333333333333334,0.006029775538250126,B,2
25.0,4.360265918146723,2522.5,88.23529411764706,-0.3175676288497181,B,3
43.0,4.926283633026638,2714.5,27.45098039215686,-0.20190563808662,B,3
43.0,1.8126252646201877,2672.0,27.84313725490196,0.2269235638386186,D,3
0.0,1.7046892270081027,950.5,14.117647058823527,6.50803335366934e-05,E,2
0.0,2.0096033639674573,943.0,13.333333333333334,0.0016473616473617891,F,2
24.0,2.370298711381107,2453.0,30.19607843137255,0.01966976264189879,J,3
0.0,0.22377463142235762,944.5,12.549019607843135,0.0320666228565754,A,2
3.0,1.5361521999404595,1283.0,15.294117647058822,0.22176449678800864,I,2
0.0,1.5794619397577399,953.0,13.72549019607843,-0.0019328167162526722,E,2
0.0,1.602007582620028,1195.5,16.07843137254902,0.009024760043104485,H,2
0.0,7.568274031774166,0.0,0.0,0.6427838547975327,I,1
0.0,2.186858396045585,931.0,14.117647058823527,0.0020133090660903186,H,2
0.0,1.0308716595614809,946.5,12.549019607843135,-0.004491472228698501,F,2
0.0,9.51126370440627,0.0,0.0,-1.5783527160146358,D,1
0.0,2.05121732180417,951.5,13.72549019607843,-0.005905643893062917,A,2
122.0,2.2340181229994087,4086.0,87.84313725490196,-0.22995397639917736,D,3
1.0,0.8591791680674448,990.0,13.333333333333334,-0.009909168081494113,A,2
12.0,3.101291598550369,2257.0,22.745098039215687,-0.31628959546200897,G,3
43.0,3.7809575107103175,2718.0,24.705882352941178,-0.7822327044025158,B,3
39.0,1.4653359996293185,2459.5,22.352941176470587,0.026921673709162153,F,3
12.0,0.8280565540358488,949.0,11.76470588235294,-0.03369426048565127,D,2
0.0,1.7714485605310257,0.0,0.0,0.0003737599710754158,F,1
35.0,1.7629543237611711,2181.5,22.745098039215687,-0.011433372641509676,E,3
23.0,1.2708847778683907,1487.0,13.333333333333334,-2.1753533616175513,D,2
44.0,0.8340510962153109,1885.0,14.901960784313726,-0.015799888517279814,G,3
50.0,0.35243576436283486,2138.5,14.901960784313726,0.21639775910364145,I,3
0.0,1.5954664619198708,954.5,14.117647058823527,0.005563841807909586,G,2
46.0,1.584572199528176,1977.5,14.901960784313726,-0.006322662960043107,C,3
12.0,0.7939594340766591,2199.5,22.352941176470587,0.008189294604972752,H,3
9.0,3.316854481782448,1059.5,27.45098039215686,-1.3359790348101266,F,2
0.0,0.5814924824962927,950.5,12.549019607843135,-0.0008671004633736823,J,2
0.0,2.009430983900104,953.5,13.333333333333334,0.0005160705175443758,G,2
0.0,0.9890825215117364,945.5,14.117647058823527,0.0006702608531874432,B,2
0.0,0.9143177019547518,945.5,12.549019607843135,0.0016485118180032954,D,2
10.0,1.5249564782167984,1800.5,19.607843137254903,-0.054263415892672806,G,3
14.0,1.3585543199072279,2472.5,15.294117647058822,0.019765322903240068,J,3
36.0,0.2956929048979487,1556.0,13.72549019607843,-0.1755409836065573,E,3
0.0,9.53702304574685,0.0,0.0,0.6660703174685024,G,1
0.0,0.5370074580902882,948.0,12.941176470588236,-0.001273982547372432,B,2
49.0,0.8317546914838599,949.0,13.72549019607843,0.19626216077828978,E,2
0.0,9.526212269048294,0.0,0.0,3.5711833284348717,E,1
1.0,0.9091594216017128,1517.5,9.803921568627452,-0.10316865616213067,D,3
0.0,9.44801953998655,0.0,0.0,-0.6873404245908887,E,1
47.0,1.9709955601406917,2002.0,14.509803921568627,-0.1772870662460566,I,3
0.0,1.6106503339625968,948.0,14.509803921568627,0.0022507561490612282,H,2
41.0,0.4684388261670502,2563.5,18.823529411764707,0.17659176029962553,A,3
0.0,9.115179968474507,0.0,0.0,0.7972375933245501,C,1
28.0,1.5760506692089764,1771.0,88.23529411764706,0.3106171630094043,D,3
0.0,1.2674709919896368,948.0,14.509803921568627,-0.003049302195104908,J,2
40.0,4.705784494828182,954.0,12.15686274509804,-0.22762194820654358,H,2
0.0,1.032808594946269,947.5,13.72549019607843,0.0025084745762711247,B,2
11.0,0.8080468791666181,955.0,14.509803921568627,0.7513707165109031,J,2
31.0,2.5699415392641636,3177.5,19.215686274509803,-0.323663967611336,E,3
77.0,4.657137393565722,4798.5,88.23529411764706,-1.6812169338330547,B,3
26.0,0.731805036073882,1537.5,13.72549019607843,0.0539877970853173,I,3
0.0,9.546510708959039,0.0,0.0,-0.006284841893499538,I,1
5.0,1.3949492896012348,951.0,14.117647058823527,0.014975166369095905,F,2
21.0,4.3579504682233114,1406.0,19.215686274509803,-0.1241963477135889,J,2
19.0,0.47545303527823407,949.5,14.117647058823527,0.024387222602920186,C,2
0.0,9.480317466615327,0.0,0.0,-0.6901810623556582,B,1
16.0,4.334299670888527,1897.0,61.17647058823529,0.23469173607708615,E,3
44.0,1.6839152978326077,2771.0,87.84313725490196,-0.14353628075433988,C,3
0.0,0.9963859907853534,1368.0,16.07843137254902,-1.0338967145624798,A,2
0.0,0.796988982009643,953.0,12.549019607843135,-0.00133949525399224,E,2
2.0,0.833344278419568,1150.0,14.509803921568627,-0.01770069793864637,D,2
0.0,1.9808270090227356,948.0,13.72549019607843,0.00033773105201678755,E,2
0.0,2.111415371408409,944.5,13.333333333333334,-0.09870860927152325,H,2
21.0,0.8209281605054566,2107.0,17.254901960784313,0.020184342988343262,H,3
0.0,9.514749169896852,0.0,0.0,1.396706443914081,B,1
0.0,1.981006479686969,950.5,13.72549019607843,3.9071028832105004e-05,G,2
42.0,6.05416873816039,4147.0,19.215686274509803,-1.583182810205944,D,3
1.0,1.7260439969308126,948.0,14.117647058823527,-0.024629115509897298,F,2
0.0,9.480942013902414,0.0,0.0,0.7727994852080159,H,1
3.0,4.373696856492436,1588.0,14.901960784313726,0.11188709194369584,E,3
17.0,1.7343965704749345,1719.5,19.215686274509803,-0.15860485056344942,G,3
101.0,4.005301274749554,3405.0,87.84313725490196,0.31785976222866275,G,3
0.0,1.1660442259947998,945.5,13.333333333333334,0.0016155158685018378,E,2
2.0,1.0507805880139212,950.5,12.941176470588236,0.1902225355445563,J,2
0.0,2.0019540655161534,939.5,14.117647058823527,3.8593678424070355e-05,F,2
0.0,9.449883107543101,0.0,0.0,-1.4102229554470551,J,1
0.0,9.473134255622384,0.0,0.0,-0.7812615407133852,C,1
43.0,4.733906219659636,2714.5,27.45098039215686,-0.7953088220990177,F,3
36.0,0.6980318244554217,1536.5,18.431372549019606,-0.060815365258256315,I,3
58.0,3.0251197302467028,2474.0,29.41176470588235,-0.7403931226575464,A,3
0.0,0.8548243150014085,1184.5,13.72549019607843,-0.0661020784445189,D,2
0.0,1.0604801788953284,950.5,12.549019607843135,-0.0035992003998002176,H,2
9.0,3.981837108484803,949.0,12.15686274509804,0.06678534235876077,D,2
0.0,1.426499386261156,948.5,12.549019607843135,-1.557665408182212,I,2
0.0,2.137172943580885,962.0,12.941176470588236,0.019829434697855808,A,2
0.0,5.143969366956932,949.5,12.549019607843135,-0.017812274029204822,E,2
52.0,1.7507556558033766,3234.5,17.254901960784313,0.3947286814015316,G,3
0.0,1.7671556107441198,1682.0,18.431372549019606,0.2096700773756306,G,3
11.0,0.6960228105198709,950.5,13.72549019607843,0.07720343874984531,I,2
0.0,2.0004152045252814,946.0,13.72549019607843,-0.004252093106776378,J,2
16.0,4.558667406545595,1694.5,16.470588235294116,-0.5741629673265867,B,3
0.0,9.432951047180552,0.0,0.0,-0.6754822228781495,H,1
60.0,0.9725237196305991,2521.5,15.68627450980392,0.2509557945041816,B,3
0.0,1.5224903754690207,947.0,13.72549019607843,-0.003063973063973005,C,2
0.0,9.489353135678789,0.0,14.117647058823527,0.0019597457627118994,G,1
0.0,9.470192250583667,0.0,0.0,1.6453914081145584,F,1
0.0,1.7745685832535485,955.0,14.117647058823527,0.0023745819397994056,A,2
10.0,1.6246990904389136,1739.5,20.392156862745097,0.133855938941008,I,3
0.0,9.530161701543873,0.0,0.0,0.706588670347737,H,1
49.0,4.903281400098627,2099.5,14.901960784313726,-0.051331649262249535,G,3
17.0,3.569053052371678,3022.0,16.862745098039216,1.5599039965941146,I,3
0.0,1.6136275638760387,946.5,14.509803921568627,-0.003689547966837625,A,2
0.0,2.009961900820686,928.0,13.333333333333334,0.002068854568854417,G,2
0.0,9.481838324771255,0.0,0.0,-0.017194679499890064,D,1
16.0,0.9626775894518833,1032.5,12.941176470588236,0.13151309535847905,D,2
0.0,0.7864652326352135,936.0,11.76470588235294,-0.0019519403354582021,F,2
18.0,1.831863516308683,1840.5,21.176470588235293,0.9013541003184713,A,3
50.0,2.8905339202772904,3098.0,17.254901960784313,-0.1438839613469054,C,3
3.0,0.4735390544383663,944.0,13.333333333333334,-0.05583470721133299,F,2
0.0,2.0009646624670627,945.5,13.72549019607843,0.0021030979959550944,J,2
18.0,1.7152919432727163,993.0,14.117647058823527,0.0695287166391268,G,2
10.0,0.3685700695872024,964.5,13.333333333333334,-0.08566931216931219,G,2
0.0,0.9886981524740626,954.0,13.72549019607843,0.0009278350515463663,J,2
1.0,1.7839462428926673,1429.5,17.647058823529413,0.023185256616307715,D,2
33.0,3.366931428449662,951.0,12.941176470588236,0.4165983351801308,D,2
0.0,1.9973855777677614,952.5,14.117647058823527,-0.0003039395327530947,G,2
1.0,1.6636462047095364,950.0,14.117647058823527,-0.0026755260243632173,J,2
24.0,1.4777311932275685,953.0,12.549019607843135,1.144690618762475,B,2
0.0,0.579199929059,950.5,12.549019607843135,0.0033044314552096443,E,2
49.0,4.627931540438667,2076.5,19.215686274509803,-0.05465328190019214,I,3
13.0,1.818089487062747,1136.0,15.68627450980392,-0.015981758219107522,A,2
0.0,1.5603480952797926,945.0,13.72549019607843,0.004757651888844708,A,2
12.0,0.9142659012442753,1391.0,13.333333333333334,-0.3156342199856219,E,2
0.0,9.487916848434352,0.0,14.117647058823527,-0.0012093118235654982,I,1
0.0,2.0807840736086898,947.5,13.72549019607843,0.0024915824915824336,D,2
56.0,1.0934305638344382,2366.5,22.745098039215687,-0.11611009342370393,B,3
5.0,5.023293027270363,1140.5,24.31372549019608,-0.09186348034839198,J,2
17.0,3.3045490432021194,1714.0,16.470588235294116,1.2492905857995384,D,3
0.0,0.48596755842823913,953.0,12.549019607843135,-0.0024535328844202953,F,2
35.0,4.616570712474102,2306.5,81.96078431372548,-1.9448474735806278,B,3
58.0,4.423602161960612,3483.0,81.17647058823529,-1.4938952562720649,C,3
0.0,9.069225672569397,0.0,0.0,0.00021465999020131576,A,1
0.0,9.480379682984065,0.0,0.0,-0.7210380988485049,J,1
0.0,4.30332119110906,950.0,12.941176470588236,0.0053080568720389465,F,2
29.0,4.374683042151013,2657.0,16.07843137254902,0.19908787825475027,J,3
0.0,1.8246378003374215,941.5,14.117647058823527,-0.03643650323617749,A,2
0.0,1.9797055150702874,943.0,13.72549019607843,-0.0003160050051189134,E,2
58.0,2.293170666485058,2474.0,29.41176470588235,-0.5430092799869752,J,3
0.0,1.6439020219261788,949.5,13.72549019607843,0.0032427221900905995,I,2
0.0,1.7305676129937182,948.0,14.117647058823527,-0.004613974403320564,I,2
0.0,0.5518609077098275,954.0,12.549019607843135,-0.0001609980845886927,J,2
51.0,0.6617436618961352,2181.0,17.254901960784313,-0.03603604728604726,D,3
0.0,9.529908436166647,0.0,0.0,0.7113347579671097,G,1
0.0,9.468043362709796,0.0,0.0,-0.6958370897944466,H,1
92.0,2.979246047991856,3081.0,88.23529411764706,0.36000118294197714,I,3
0.0,1.2127454289639785,948.5,13.333333333333334,0.0044104410441043185,A,2
3.0,5.194730147273176,1149.5,12.941176470588236,0.46078964076858764,B,2
40.0,1.834789156358056,2494.0,25.49019607843137,0.0007196793434578463,A,3
0.0,9.525488532910828,0.0,0.0,-0.0015639810426539835,E,1
0.0,9.482631020286165,0.0,0.0,-0.7797897574123986,H,1
24.0,1.8219830454056103,2471.0,22.745098039215687,9.847991955988511e-05,D,3
9.0,1.3107222719615483,941.5,14.117647058823527,0.05443708609271519,A,2
0.0,1.6678157548482868,953.0,13.72549019607843,0.0033658658658659024,H,2
45.0,0.5393566667239968,1911.0,14.509803921568627,0.05830716404973829,H,3
8.0,1.8439560210166308,958.0,12.941176470588236,-0.04225609756097515,H,2
65.0,5.0990802514845575,4155.0,18.823529411764707,-0.3757592665615141,E,3
34.0,1.8872722816379894,2103.5,88.23529411764706,-0.15842376592356677,E,3
0.0,2.832832245582152,954.0,14.117647058823527,-0.5192720177117343,A,2
29.0,1.491419126085589,1845.0,14.509803921568627,-1.6217524480534982,G,3
21.0,1.4454172078240688,2133.5,22.352941176470587,0.015458560420973488,G,3
0.0,1.5709323207725279,0.0,17.647058823529413,0.0009430179659187798,F,1
7.0,1.7076105748978476,1216.5,13.333333333333334,0.7038471244843484,E,2
0.0,1.6666565586268232,945.0,13.72549019607843,0.0006205068705069094,B,2
19.0,2.252103368324522,1889.0,16.07843137254902,-0.8931879118382187,I,3
0.0,9.116373144026474,0.0,0.0,-0.0014569536423842955,H,1
9.0,1.9637962077256004,1777.5,17.647058823529413,-0.0263031233998976,A,3
55.0,2.256553937361618,2313.5,23.137254901960784,-0.2954923076923075,C,3
0.0,1.760607599352648,962.5,14.509803921568627,-0.0349115545486231,A,2
0.0,1.6858076879960193,0.0,0.0,-7.661650518797636e-05,A,1
2.0,1.6793109441387262,1505.5,18.431372549019606,-0.06014764217769679,G,3
22.0,4.4237705812131365,2186.5,86.66666666666667,0.4321316614420064,C,3
0.0,1.1427082605105527,952.0,12.941176470588236,-0.0041191066997517956,H,2
45.0,4.7255021594810644,2846.0,21.176470588235293,-0.5967489098585705,I,3
25.0,1.9612470376057234,1571.0,14.509803921568627,-0.06199267574237732,B,3
33.0,1.7611954437992123,2037.0,29.41176470588235,-0.1749584651064727,I,3
0.0,0.5531583151382068,945.5,12.941176470588236,-0.00020147562375516515,C,2
4.0,4.066592131364252,1074.0,13.72549019607843,-0.2606350780766571,E,2
0.0,2.002466463861227,952.5,13.72549019607843,-0.0004985507246376142,I,2
35.0,0.9385790456541675,2175.0,19.215686274509803,-0.082382997261638,H,3
8.0,0.46771163767160995,1113.5,14.117647058823527,-0.0343354430379747,A,2
0.0,9.48416956123058,0.0,0.0,-0.0045964458688499965,D,1
0.0,0.6916848740219895,949.5,14.117647058823527,0.0006516524827602233,D,2
0.0,2.0589907118422457,947.5,13.72549019607843,-0.006979185561400425,G,2
8.0,0.7450005364474901,958.0,12.941176470588236,0.03021697160175102,G,2
0.0,2.270932660046529,948.0,13.72549019607843,0.10574068554396432,G,2
0.0,1.977107324216304,957.5,13.72549019607843,0.006116873432309711,D,2
18.0,4.64040573363852,1856.5,26.666666666666668,-0.29448275862068973,B,3
0.0,5.249087138300966,949.5,12.549019607843135,0.03178985197401918,F,2
6.0,1.3701781205924568,1545.0,11.76470588235294,-0.02036267488341109,B,3
0.0,2.000535781929651,947.0,13.72549019607843,0.00108360911932337,G,2
0.0,0.5987649627230783,948.0,12.15686274509804,0.003554483767246319,D,2
20.0,0.8979918405296047,997.5,13.333333333333334,0.20867803184973466,J,2
9.0,4.0455411946186315,949.0,12.15686274509804,-0.0005655355954754526,D,2
49.0,1.8881808967904932,1643.5,14.509803921568627,0.13975507713762747,D,3
0.0,1.6126155005887874,947.5,14.509803921568627,-0.0021710948236371985,J,2
38.0,0.7950599179411916,2402.5,25.49019607843137,-0.05493506493506489,C,3
50.0,4.085176965558088,2151.5,14.901960784313726,-0.28900912703611503,C,3
0.0,2.059456697554987,952.5,13.72549019607843,0.0026447503128199656,G,2
20.0,5.908410792016154,2046.0,14.901960784313726,-0.23789618685102099,G,3
0.0,1.692887301630947,950.0,14.117647058823527,0.004500068250068198,E,2
19.0,0.4626998796567995,949.5,14.117647058823527,-0.1005257936507937,E,2
46.0,2.7223285758592612,2885.5,18.431372549019606,0.8128964652495819,F,3
16.0,0.8347528861005978,973.0,12.941176470588236,-0.004671403381391992,G,2
66.0,3.972811422977318,2802.0,88.23529411764706,2.41220882936508,I,3
0.0,9.46148240543562,0.0,0.0,-0.7415225366876311,A,1
3.0,3.5127896071600087,1588.0,14.901960784313726,-0.07834521513858855,D,3
0.0,1.8301571634715503,956.5,13.333333333333334,0.13376000169340846,C,2
0.0,9.493259317140831,0.0,0.0,-0.0023625525946704418,I,1
42.0,0.7883036166634703,965.5,14.117647058823527,-0.002283291976840407,A,2
3.0,0.4202257410378486,1145.0,14.117647058823527,1.0506315374188195,G,2
27.0,1.7705993377028124,1756.0,20.7843137254902,0.020109342270632602,D,3
29.0,4.95399448696383,2936.0,20.7843137254902,-0.058979376751538304,A,3
0.0,1.6132070224773827,947.0,14.509803921568627,-0.0022542997542998044,B,2
53.0,1.4028109349626487,2266.5,20.7843137254902,0.36158381808566886,C,3
0.0,1.5770719864864076,950.5,14.509803921568627,-0.0006941295319338181,F,2
12.0,0.7051056875112324,2199.5,22.352941176470587,0.947523559788615,C,3
0.0,1.1921580578963953,945.5,13.72549019607843,0.02917224117805506,A,2
0.0,9.491886682229186,0.0,0.0,-0.019175359105369716,I,1
0.0,2.0100083693948956,951.5,13.72549019607843,-0.00019053410357761091,I,2
0.0,1.7102792842324683,1160.0,14.509803921568627,0.05016611295681067,E,2
28.0,1.3151455171406088,2839.5,19.607843137254903,0.03112014940859098,D,3
62.0,1.9124859923513613,2639.5,88.23529411764706,-0.0941748325983994,B,3
70.0,5.315851674420516,2970.0,88.23529411764706,-3.1542679006816945,A,3
0.0,9.458381535268748,0.0,0.0,0.021585848252344386,J,1
0.0,9.086848455633708,0.0,0.0,-0.00858256473176544,E,1
39.0,0.41235403149048244,1638.0,15.294117647058822,0.1970344237990628,J,3
0.0,9.06973935785059,0.0,0.0,0.006817888867094446,E,1
0.0,2.0539198146467563,949.5,13.72549019607843,0.0008509839608688008,I,2
0.0,9.49159022317342,0.0,0.0,0.006191194887768536,F,1
69.0,2.8601822949709073,2945.0,16.470588235294116,-0.2061990258209817,B,3
0.0,7.248243588996753,0.0,0.0,-0.007674541947926716,J,1
0.0,9.48234672989746,0.0,0.0,0.0793710691823899,E,1
0.0,1.9777285297710852,948.0,13.333333333333334,-0.0029431438127089926,H,2
25.0,3.0197172245231783,1034.0,14.509803921568627,0.1801672760896062,E,2
23.0,2.515085063734736,2299.5,15.294117647058822,-0.017752830301699163,H,3
50.0,3.8893856130239284,3090.5,20.392156862745097,-0.6371615342061583,I,3
0.0,1.7248479348421042,957.5,12.549019607843135,0.000997670083876856,I,2
6.0,1.1044401358583218,956.0,13.72549019607843,-0.009229687223108296,C,2
39.0,1.151417788055466,2423.5,15.68627450980392,0.11145450903810539,B,3
33.0,5.140508981937373,2090.0,23.92156862745098,-1.40157847986461,H,3
0.0,9.520076635794235,0.0,0.0,-0.7538699424253739,B,1
0.0,1.584044171433444,954.5,13.72549019607843,-0.0259179749715586,A,2
39.0,0.9370506019125531,2411.0,15.68627450980392,-0.1147404158154068,F,3
51.0,4.062594885596437,2156.5,20.0,1.2503575680889463,D,3
0.0,9.068906459742296,0.0,0.0,0.0005845360824738854,C,1
0.0,0.6068275944536297,954.0,12.549019607843135,0.003588595312733145,B,2
32.0,0.6362574882496493,2079.5,14.901960784313726,0.09816476379581371,C,3
0.0,0.5607673072135235,948.0,12.549019607843135,0.0034268250433061587,B,2
11.0,2.019924977329421,2084.0,18.03921568627451,-0.1736103979460848,C,3
0.0,9.070667531855818,0.0,0.0,0.0006807659932657195,J,1
0.0,1.590994794730909,943.5,13.72549019607843,0.00019563167818979765,H,2
18.0,3.478109947714945,1841.0,87.84313725490196,0.38566682292277055,I,3
0.0,4.310241135363061,948.5,12.549019607843135,-0.0033619873576204995,F,2
10.0,2.0938189045022058,1291.5,13.72549019607843,0.08954703196347025,E,2
42.0,2.0144771239307326,1793.0,16.862745098039216,0.14885121774776938,J,3
13.0,2.149183805989556,1253.0,9.803921568627452,0.5795172810602754,J,2
0.0,9.46972234220768,0.0,0.0,-0.7611220246238031,H,1
10.0,2.3457709412299548,1886.5,18.03921568627451,0.3645792275455884,A,3
12.0,1.6648051964754174,1248.0,16.470588235294116,-0.030671272984968793,D,2
31.0,1.7485026455907045,3133.5,20.392156862745097,0.08560157179049682,A,3
0.0,1.9124646474582943,949.0,13.72549019607843,1.0936666666666668,G,2
18.0,1.7358489937185504,1826.0,21.176470588235293,0.05236588255203933,F,3
0.0,1.655952143885973,948.0,13.72549019607843,-0.0020243383478293075,G,2
78.0,4.071828117976113,3316.0,88.23529411764706,1.27059022738268,C,3
0.0,2.2460939053756537,945.0,13.72549019607843,-0.011400097386787822,B,2
0.0,9.459861941932335,0.0,0.0,0.7083412769680641,D,1
0.0,0.7792648931517632,944.5,12.941176470588236,0.0009323565323565708,G,2
36.0,0.31067330192772996,1523.5,16.862745098039216,0.1130853756274518,F,3
53.0,1.6633969943871763,1778.5,15.294117647058822,0.20457928854774726,G,3
18.0,1.9299274587717596,1826.0,21.176470588235293,0.16486465385287064,F,3
0.0,9.457751579038707,0.0,0.0,-0.7309618534618538,C,1
41.0,1.7663137855474222,1730.5,17.254901960784313,-0.010730158730158479,A,3
0.0,1.0431949462004129,952.5,12.549019607843135,0.0019148912924723538,I,2
56.0,0.8211975461403381,942.0,12.941176470588236,0.1051725616291533,I,2
5.0,2.1173539719774372,1140.5,24.31372549019608,1.3887922198928488,C,2
0.0,2.027355595187497,949.5,13.72549019607843,-0.0015749072063062641,J,2
0.0,1.6311982912942011,1194.0,16.470588235294116,-0.005593766613503415,E,2
42.0,1.4117066422017919,2621.0,29.41176470588235,1.1386652422800936,E,3
0.0,2.0103230270298895,954.0,13.72549019607843,-0.0022444383158669035,H,2
8.0,1.602668272232377,1586.0,20.0,-0.1154839369158878,I,3
38.0,0.5014621388984566,2400.0,20.392156862745097,0.44897985452762335,G,3
0.0,9.069362798436499,0.0,0.0,-0.0010252575606517489,F,1
7.0,0.8963446810343615,951.5,14.509803921568627,0.00043089642037830167,F,2
24.0,1.871148238116364,2439.5,24.31372549019608,1.1036595414377837,I,3
11.0,1.8936474128945027,2084.0,18.03921568627451,-0.04125688655866622,B,3
0.0,1.192404109308829,934.5,10.980392156862743,0.007220338983050911,I,2
41.0,1.061921136035435,2612.0,15.68627450980392,0.4074274917045594,C,3
22.0,0.5892879856392901,955.0,12.941176470588236,0.08847454702329599,D,2
0.0,0.6958378188381635,953.5,14.117647058823527,0.0007366618580157969,H,2
0.0,9.536238044928714,0.0,0.0,-1.5206949014962046,F,1
35.0,1.076202521851668,2204.0,18.431372549019606,0.030637375184031534,A,3
0.0,0.9401696302370093,940.5,13.72549019607843,0.004206041997916521,G,2
0.0,1.5420997049345517,950.5,13.72549019607843,-0.0013509573668074037,H,2
0.0,0.05898448287075651,1192.5,13.72549019607843,0.8039296356820147,E,2
7.0,1.594003386807871,942.5,14.117647058823527,0.0027722772277227747,I,2
0.0,9.118287360498314,0.0,0.0,0.001883373767840535,J,1
37.0,1.7509944000164275,2340.5,22.745098039215687,-0.061177124183006526,C,3
0.0,1.0209240805621176,953.0,12.549019607843135,0.0005919282511210877,E,2
17.0,1.8134760115121418,944.5,13.72549019607843,0.012190350877193001,E,2
0.0,9.45699162831063,0.0,0.0,-0.0014532342657342934,E,1
55.0,2.458056567856269,3459.5,43.13725490196078,-0.013197492163009583,E,3
0.0,1.5667096520365205,956.0,14.117647058823527,-0.003988829182367495,B,2
0.0,3.8035874249114587,954.0,12.15686274509804,-0.678720328411293,E,2
0.0,0.8784684176533829,1160.5,10.588235294117649,0.0028560260586318886,E,2
0.0,9.466258215609264,0.0,0.0,-0.7091101518618683,G,1
0.0,2.234665722205449,946.5,13.72549019607843,0.005016498316498419,A,2
74.0,0.6518802929521466,953.5,12.941176470588236,-0.5409664839259645,D,2
0.0,1.04105133672636,942.0,12.941176470588236,0.0008583584557035895,I,2
32.0,0.5531709789851751,1046.5,14.117647058823527,-0.08718533839685341,B,2
0.0,1.6775846903509006,950.0,13.72549019607843,0.0063222617315878,I,2
26.0,1.046739873951831,1651.0,17.647058823529413,-0.33863615943804626,B,3
0.0,9.06980561993178,0.0,0.0,0.0009146983601620029,G,1
70.0,0.7837685623392332,949.5,12.941176470588236,0.07582716196846628,E,2
0.0,0.8816745493672645,956.0,12.941176470588236,0.001903007854383576,H,2
41.0,1.7283609910888358,1224.0,14.117647058823527,0.15544422055321472,A,2
19.0,1.9226368641971772,945.0,13.333333333333334,0.702087776866284,B,2
0.0,1.6124816947000056,947.0,14.509803921568627,0.0008369571420419053,E,2
0.0,4.113663978358742,950.5,12.549019607843135,-0.8173865174388344,G,2
38.0,0.2030123273444678,2415.5,25.49019607843137,-0.0651729005627057,F,3
11.0,4.574456171500369,955.0,12.549019607843135,-0.6771940150970526,H,2
3.0,0.7159112868332524,1222.5,13.333333333333334,0.1423030303030303,H,2
74.0,0.9991836692848667,3127.0,16.862745098039216,-0.955628153541547,A,3
20.0,2.34242694184654,1253.0,13.333333333333334,-0.20077720722872372,E,2
0.0,9.476203052634213,0.0,0.0,-1.531313639220616,C,1
46.0,3.3721680186721574,2850.0,29.41176470588235,-0.4144559595739842,A,3
1.0,0.8028481608564142,1217.5,14.117647058823527,0.13689978928524815,E,2
0.0,9.53296791507585,0.0,0.0,0.7316848712183375,J,1
4.0,0.5594548464742789,1574.5,13.72549019607843,-0.8650303701236357,I,3
48.0,1.9229261998653289,2032.5,18.823529411764707,-0.0006658797671862948,J,3
0.0,2.0095375939719213,952.5,13.72549019607843,0.0012132473002038346,D,2
0.0,9.536394244343818,0.0,0.0,0.002263350541638287,B,1
38.0,1.3079609654599749,1594.0,14.117647058823527,-0.3617991422582073,A,3
0.0,3.3511296361059526,1096.5,52.15686274509804,-0.1977300272075192,H,2
0.0,1.9275421937019692,956.5,13.72549019607843,-0.0031136818636818275,E,2
1.0,4.480174027518584,946.5,12.549019607843135,-1.463069337611644,J,2
0.0,3.6313498297869593,1645.0,18.823529411764707,-0.04686099985165426,I,3
21.0,4.1154584684463265,949.0,12.549019607843135,0.04354598421712552,G,2
0.0,1.6135561120178865,947.0,14.509803921568627,0.0011525423728813156,I,2
5.0,0.7398495312304155,961.0,12.941176470588236,-0.021364560850074654,F,2
0.0,0.8525024319773902,1060.0,14.901960784313726,-0.05281730619853975,D,2
35.0,4.79465308713296,3320.0,17.254901960784313,-0.510146345949213,H,3
8.0,2.0338627877975175,1586.0,20.0,-0.4598557908125093,A,3
0.0,9.458727682403666,0.0,0.0,-0.6674917009416038,J,1
24.0,0.3795041707630908,2406.5,26.274509803921568,0.15556016768042089,J,3
0.0,9.293419713391032,0.0,0.0,0.02099121512404256,A,1
0.0,1.7316962391632913,956.5,14.117647058823527,-0.0006888043352933915,B,2
0.0,1.7307689707972067,948.0,13.72549019607843,-0.0027893454679169816,H,2
55.0,1.702652750385247,1837.5,14.509803921568627,-0.10830001868111344,G,3
52.0,4.888950653698741,950.5,12.941176470588236,-0.7402237178999673,A,2
0.0,0.5870292124351486,956.5,12.549019607843135,-0.0007899877248226383,B,2
0.0,1.7293571536914616,956.5,14.117647058823527,0.0019387755102041604,B,2
0.0,2.2527235513980117,946.0,14.117647058823527,0.005633852650801741,A,2
10.0,1.8794532905976975,1886.5,18.03921568627451,0.6404798687068214,E,3
0.0,9.069636646576608,0.0,0.0,0.0006470796695388081,A,1
50.0,4.326047325851685,3136.5,32.94117647058823,0.8670303030303037,I,3
0.0,3.0297593616350937,948.5,12.549019607843135,0.044330243911741896,I,2
48.0,1.3944967072519445,1611.5,14.117647058823527,-0.006829843337986585,E,3
0.0,9.289843873297599,0.0,0.0,3.0745836334979324,C,1
0.0,9.497559752378502,0.0,0.0,-0.00830434782608691,A,1
52.0,4.0130630052197915,3260.5,57.64705882352941,0.13791277258567014,B,3
13.0,2.5071457926946423,2426.5,23.92156862745098,0.7184914141414143,F,3
0.0,9.483182447959775,0.0,0.0,-0.7808768495839262,C,1
0.0,2.010030273213072,945.0,13.72549019607843,0.0024662162162162327,F,2
2.0,0.9801590112924623,953.5,13.72549019607843,-0.08043789407313995,C,2
30.0,1.0332644650215161,950.5,12.15686274509804,0.07132716805487516,I,2
28.0,5.259074598995169,2840.5,26.274509803921568,-0.8333708649136735,B,3
40.0,0.9896478768618706,2530.0,18.03921568627451,-0.009082926437197325,F,3
3.0,0.7070532930427261,944.0,13.333333333333334,-0.10983423605737747,B,2
0.0,9.419394892557492,0.0,0.0,-0.01352490986190158,I,1
0.0,9.528663223052881,0.0,0.0,1.462428718538209,E,1
1.0,0.9932720009855952,955.0,13.333333333333334,-0.02574870324870321,E,2
0.0,2.2372487551846727,942.5,12.941176470588236,2.3804261856414692,D,2
11.0,2.590582286166961,2074.5,25.098039215686278,-0.051799541518084524,F,3
0.0,9.463566599744722,0.0,0.0,-0.715282554019055,I,1
0.0,2.0071906204264587,954.0,13.72549019607843,-8.697140900537637e-05,A,2
20.0,1.893113644541832,2081.0,14.901960784313726,0.18319085977313798,A,3
0.0,2.230476464544939,952.0,13.72549019607843,-1.0955333333333337,C,2
0.0,1.0305508692306042,952.5,12.549019607843135,0.0034373332680682767,F,2
16.0,0.4620477472162333,1628.0,56.47058823529412,0.14522580645161293,A,3
0.0,1.1667909239913632,957.5,13.333333333333334,0.004672010994044906,H,2
0.0,0.7796536653896817,949.0,12.549019607843135,-0.0035570182852256993,E,2
2.0,3.056050381509299,950.5,12.941176470588236,0.9451632784568051,B,2
0.0,9.511765669727271,0.0,0.0,2.2854824848049144,C,1
0.0,9.056964521987434,0.0,0.0,-0.021470709247648934,G,1
1.0,4.807433480332605,945.5,12.549019607843135,-2.107714259399968,B,2
25.0,4.463320343277959,2478.5,87.84313725490196,0.1589395404251992,H,3
45.0,1.664073483790528,2800.5,38.431372549019606,0.1672964530636334,E,3
23.0,1.2543016946547143,2356.5,19.607843137254903,-0.11152904067446795,F,3
30.0,1.7622166368815118,1898.5,20.0,0.02801644754639393,A,3
0.0,9.068608055695979,0.0,0.0,-0.003848398989553914,H,1
0.0,9.065908587028702,0.0,0.0,-0.0014520884776878518,D,1
0.0,1.5710099805505582,1158.0,13.72549019607843,0.0016759270691855122,F,2
70.0,3.640591741398514,2970.0,88.23529411764706,-0.024724627742946703,I,3
0.0,1.042643510622486,953.0,12.549019607843135,0.0031130197400192072,E,2
0.0,1.621916597344345,956.0,14.117647058823527,-0.001913790924029768,D,2
1.0,2.19185227019205,1105.0,13.333333333333334,0.16480896649362897,E,2
0.0,1.9694972807350022,940.5,13.333333333333334,-0.0010317460317461058,C,2
29.0,0.8008543340891641,1835.0,14.509803921568627,-0.08038125372318089,A,3
0.0,0.773385898376528,947.0,12.549019607843135,0.0010129310344828557,F,2
61.0,1.670793030946869,2570.0,29.41176470588235,-0.09261665358268181,C,3
0.0,9.068235454603071,0.0,0.0,0.00860927152317803,E,1
38.0,0.7869942325177155,2396.0,15.68627450980392,0.0977592985180098,E,3
0.0,0.5223429592472395,952.0,12.941176470588236,-0.0017705791994216957,D,2
60.0,1.3369089851768436,2034.5,14.901960784313726,-1.0093306946015117,H,3
45.0,2.9621170478374275,2804.5,22.745098039215687,-3.393503253154574,I,3
0.0,1.042159963347375,942.0,12.941176470588236,0.00023781599566352618,E,2
25.0,1.9655410295264901,1591.5,14.117647058823527,-0.11894257238732497,G,3
1.0,1.0207576207375813,990.0,13.333333333333334,-0.09802164502164512,I,2
33.0,4.418275252653234,2055.0,18.823529411764707,0.08256587864525677,B,3
10.0,1.158149798409323,1291.5,13.72549019607843,0.0317945355191257,J,2
47.0,1.2089988939796361,1961.5,14.509803921568627,0.9318113303953496,A,3
55.0,2.4227526905059804,2353.5,24.705882352941178,-0.08679018814003348,B,3
0.0,4.034942265099821,950.5,12.549019607843135,0.005727326545110323,A,2
23.0,1.0073722996936625,2399.0,26.274509803921568,-0.06043625864585328,F,3
5.0,0.3908174867067221,950.0,12.549019607843135,0.042846372872581306,B,2
44.0,0.6358153822019098,1872.0,17.254901960784313,-0.1621753246753247,H,3
0.0,1.6068473846742075,1203.5,15.68627450980392,0.00889284342304486,D,2
0.0,1.5739442039427232,1055.5,19.215686274509803,0.013895998534453446,G,2
26.0,4.471452877846112,1652.5,88.23529411764706,1.1170662460567824,B,3
46.0,0.7660616166950623,2853.5,20.7843137254902,0.09590247332285551,J,3
0.0,9.495516888699335,0.0,0.0,0.0004761904761905189,A,1
0.0,9.069912694396612,0.0,0.0,-0.0005538031723144599,E,1
12.0,1.9188106878496052,1199.0,16.862745098039216,-0.052494213266022105,J,2
0.0,9.46858086313528,0.0,0.0,-0.7888845978582821,I,1
0.0,9.439284329442298,0.0,0.0,-0.6081369391327895,E,1
0.0,0.5467105559299529,950.0,12.549019607843135,-0.001409710707305556,D,2
0.0,9.510920434593862,1325.75,17.647058823529413,0.0071146750341382035,H,2
0.0,9.520036422407948,0.0,0.0,-0.8693897046377795,F,1
0.0,0.8052987759342725,942.0,12.941176470588236,-0.010612967087354708,C,2
16.0,4.385932580567284,2932.5,16.862745098039216,-0.12755445003943455,D,3
0.0,9.46760047044457,0.0,0.0,0.00836732213152308,C,1
0.0,1.667976279503385,944.0,14.117647058823527,0.014576921227277106,B,2
29.0,0.8302254768320956,2910.5,25.098039215686278,-0.0350281880647082,J,3
5.0,2.255700213219858,1083.0,63.13725490196078,1.7595656079956714,A,2
0.0,1.1899213659838768,948.0,13.333333333333334,0.0002932203389831023,J,2
64.0,1.8875594813104788,2719.0,33.72549019607843,-0.04992658351941619,D,3
23.0,1.8746630688393136,2266.0,14.901960784313726,0.6349053133312896,I,3
0.0,9.116344458000569,0.0,0.0,0.00861661091008381,I,1
17.0,3.054339370565554,2637.0,16.07843137254902,-0.6707766824320474,A,3
0.0,9.490676588135516,0.0,0.0,0.647536197043504,I,1
21.0,4.67170729483804,948.0,12.941176470588236,-1.4670087679556545,D,2
0.0,9.463572824414165,0.0,14.117647058823527,-0.0008637448344101031,J,1
0.0,0.8848823226507696,941.0,14.117647058823527,0.003910891089108859,G,2
0.0,9.537939728202497,0.0,0.0,0.003461968271795568,A,1
0.0,1.5968329748759695,943.5,12.941176470588236,-0.0026735076420263404,F,2
0.0,4.594594975134806,953.5,12.549019607843135,-1.4375283341096097,B,2
1.0,0.8879979667853216,962.0,14.509803921568627,0.0642775481039147,I,2
0.0,1.815677569527081,0.0,0.0,-0.008442161730297298,A,1
66.0,1.6996213452672695,4099.0,19.215686274509803,-1.2486798480921095,J,3
27.0,3.190195897109046,1667.0,14.117647058823527,1.1556469435736676,A,3
0.0,9.464981596090263,0.0,0.0,-0.029101346001583484,D,1
28.0,2.259835683793958,2821.5,21.56862745098039,0.260125786163522,D,3
0.0,1.5202430509655285,951.5,13.72549019607843,0.0005796102224673028,C,2
46.0,3.4857514090293553,2883.5,16.470588235294116,1.0691094212735943,I,3
24.0,0.8254833214039253,1497.0,18.823529411764707,0.14458697571743928,G,2
37.0,1.906750038375947,2292.5,15.294117647058822,-1.141261563198229,D,3
24.0,0.9477278092206729,2441.5,15.294117647058822,0.03161151839376519,B,3
29.0,1.6743158090178683,2998.0,26.274509803921568,-0.46554321819549016,C,3
0.0,1.546249479721145,951.5,13.72549019607843,0.066285645818356,I,2
0.0,1.5908472972728864,956.0,13.72549019607843,0.005423728813559306,I,2
6.0,1.0801123143770628,1454.0,20.0,-0.09838815789473676,A,2
2.0,1.9745492656552746,934.5,14.901960784313726,0.10165494856686302,G,2
46.0,4.530177058133472,2851.0,88.23529411764706,-2.7071069182389937,A,3
23.0,2.788607832840816,2299.5,15.294117647058822,-1.170702533793902,B,3
0.0,1.80406882953404,948.5,14.117647058823527,-0.0023518179558447982,J,2
31.0,0.13886736472129793,954.5,12.941176470588236,0.03923383538719,G,2
0.0,0.735753335404305,946.5,13.72549019607843,-0.002255892255892178,J,2
0.0,9.469023734490712,0.0,0.0,0.8066402727372703,E,1
0.0,0.576336692056645,946.5,14.117647058823527,-6.0985372243749225e-05,D,2
27.0,2.0204544984700252,1720.5,14.117647058823527,-0.2266093463896186,D,3
46.0,0.5086695271246177,1970.5,14.509803921568627,-0.2434219989423586,J,3
0.0,0.5326737005588909,951.5,12.941176470588236,0.0033657940246883955,C,2
43.0,3.086518621050791,1831.5,14.117647058823527,0.15583477863989015,A,3
30.0,4.631354557233634,3045.0,27.058823529411764,-0.15007639833599518,A,3
8.0,0.5143518692944653,958.0,12.941176470588236,0.09852681300361205,F,2
0.0,3.1001927636388213,942.5,12.941176470588236,-0.01607059387547194,A,2
28.0,2.051215604212753,952.0,12.15686274509804,1.4913571070252354,H,2
0.0,1.0335555885042433,990.0,14.509803921568627,0.15750535939470367,C,2
1.0,4.250489046738165,1643.5,19.607843137254903,0.049004862659995485,B,3
26.0,4.344431899561053,1652.5,88.23529411764706,-0.4735162039818932,E,3
0.0,0.9195311344557711,963.5,12.941176470588236,-0.05958110407314032,C,2
37.0,1.6647957229068457,2340.5,22.745098039215687,0.050262686815702895,E,3
16.0,1.9243175881076096,1597.5,44.70588235294117,-0.2949354110929202,J,3
0.0,9.062804445058475,0.0,0.0,-0.0025890773790751,B,1
0.0,1.0988951379995766,944.5,14.117647058823527,-0.025368108712479576,D,2
9.0,4.189440085306057,1809.0,16.470588235294116,-0.005254988542660044,B,3
0.0,2.010969957239272,949.5,13.72549019607843,-0.0002027027027027284,I,2
0.0,9.462828589967827,0.0,0.0,-0.704871881369035,D,1
38.0,1.8796702943588601,2384.0,29.01960784313725,0.04970779220779231,E,3
7.0,0.7748927679084587,949.5,12.15686274509804,0.3825792668911153,J,2
0.0,9.494185720527602,0.0,0.0,-0.0010172946176301156,H,1
0.0,2.9565114316923933,1079.0,13.72549019607843,0.37781880348797214,D,2
0.0,1.052252024354564,949.0,12.549019607843135,0.0009425324641350041,C,2
48.0,0.6246430629424795,2042.5,14.901960784313726,0.077846740373618,I,3
9.0,0.9044579257546288,959.0,13.72549019607843,0.07894441859262707,F,2
10.0,0.9835397854348353,1830.0,20.0,0.0698713929748412,C,3
8.0,2.810475725074764,944.0,24.31372549019608,0.7628836214909838,A,2
0.0,9.0693666269894,0.0,0.0,0.008481549731550242,H,1
0.0,1.0900238692595476,950.0,13.72549019607843,0.0025687074829932044,A,2
0.0,1.4976477685228184,949.0,12.549019607843135,0.0032337459243435562,A,2
17.0,0.8132695124526335,1144.5,13.72549019607843,0.08940928001358467,B,2
0.0,1.6540096254022412,954.5,13.72549019607843,0.014935820089403702,E,2
12.0,1.3541860405141475,980.5,14.117647058823527,-0.0389393257162155,G,2
31.0,4.394847073096857,3123.0,26.666666666666668,1.2852449462936213,I,3
0.0,9.540820604081587,0.0,0.0,0.0009051426101991389,E,1
1.0,4.8261885671343965,945.5,12.549019607843135,-0.02543782141187556,I,2
18.0,1.1733466539641075,949.5,14.117647058823527,-0.0008881578947369517,B,2
50.0,2.8783341862994667,949.0,12.941176470588236,0.8206650381045804,J,2
14.0,1.6345627828854081,2472.5,15.294117647058822,2.2051342281879194,A,3
0.0,1.7079234141626929,952.0,12.15686274509804,0.001919191919191876,C,2
0.0,4.307636349269418,950.0,12.941176470588236,-0.0009487142476460875,G,2
25.0,2.4241239016224676,2533.0,87.84313725490196,0.06931963069996,A,3
44.0,4.2005632077967014,2753.0,27.058823529411764,1.80134375,H,3
0.0,9.04044231286847,0.0,0.0,-0.009967119107743727,G,1
22.0,3.232723851815138,2250.5,25.098039215686278,-0.5991207631590059,A,3
0.0,1.5184063087199215,951.0,14.509803921568627,0.022934545049063337,G,2
17.0,6.553451065614395,1746.5,14.117647058823527,-0.37496202841744264,A,3
51.0,1.7960352094168812,2182.0,53.72549019607843,0.10701812493257101,J,3
0.0,1.9443201262948808,952.5,13.333333333333334,0.000335954807266281,I,2
26.0,0.110845107056523,938.5,14.117647058823527,-0.1248485391290502,C,2
32.0,5.143707413724833,2005.0,85.09803921568627,-2.3547610007788164,G,3
0.0,2.1634200693162446,945.0,12.941176470588236,0.003944082013047412,I,2
5.0,1.5578287653245622,957.0,21.96078431372549,-0.1036119098969566,I,2
1.0,1.4835666941837207,949.0,14.117647058823527,-0.0065952955032833604,E,2
0.0,1.043509994542727,950.0,12.549019607843135,-0.006851851851851776,F,2
0.0,2.0684527678747804,930.0,14.117647058823527,0.025795612553291658,I,2
32.0,0.8991169780493757,2087.5,19.215686274509803,-0.012517042795221811,J,3
91.0,4.1466538048490555,3867.5,87.84313725490196,-0.05618663571612814,B,3
0.0,2.254977017662647,943.0,14.117647058823527,0.001696760059956115,H,2
3.0,5.457059305491121,1894.5,28.235294117647054,-0.32630841121495335,B,3
0.0,1.9595620711980237,0.0,0.0,-0.0006040268456376022,C,1
0.0,1.0438899534276525,954.5,12.549019607843135,-0.0016322911695916265,F,2
0.0,2.0139965537614057,928.0,13.333333333333334,-0.0014715987173612999,F,2
0.0,9.433121206905549,0.0,0.0,-0.05046758778642313,E,1
0.0,2.5903440108782902,947.0,14.509803921568627,-0.03572097801520446,E,2
34.0,4.942661671877462,947.5,12.549019607843135,-0.35618754055807944,H,2
2.0,0.9729759039395217,1200.0,13.333333333333334,-0.9639170767286811,J,2
0.0,9.528424048687716,0.0,0.0,2.771710707681139,J,1
0.0,9.463640677839438,0.0,0.0,-0.6997363976187179,H,1
30.0,1.5429060743586769,1867.5,30.19607843137255,-0.3535203468783875,D,3
0.0,0.2714919311280308,944.5,12.549019607843135,0.6798210690201486,G,2
23.0,1.8823034332234332,2311.5,23.137254901960784,0.1173522961816304,D,3
0.0,9.417976638182433,0.0,0.0,-0.008470669085197113,F,1
36.0,2.987157244722723,2280.5,15.294117647058822,-1.144242439091319,F,3
21.0,1.1071836132332757,2154.0,14.509803921568627,0.04251618871415341,E,3
54.0,2.262513724444211,2296.0,15.294117647058822,-0.2410819497048151,A,3
0.0,4.319610998276791,953.5,12.549019607843135,-0.0006163038986093383,B,2
0.0,0.7620786363014437,1194.5,13.72549019607843,-0.7936811156725428,G,2
0.0,0.6910438099780851,949.5,14.117647058823527,0.007055697278911532,A,2
0.0,9.107618799298473,0.0,0.0,-0.009907692307692617,J,1
2.0,1.842646167879227,956.5,14.509803921568627,-0.015762162162162197,G,2
10.0,4.813330665636378,1094.5,76.86274509803921,-0.6075126700453461,C,2
32.0,1.731481664610634,1991.0,22.745098039215687,0.016201388888888897,I,3
0.0,1.7088348069429542,0.0,0.0,-0.003297160797160803,I,1
35.0,1.018188517705638,2175.0,19.215686274509803,-0.007342780583324771,A,3
2.0,0.6165011449913465,1809.0,15.294117647058822,-0.05917217460970031,F,3
0.0,2.0162250708540435,948.5,13.72549019607843,0.004966216216216179,H,2
0.0,9.53260666809777,0.0,0.0,0.7019313351350618,E,1
0.0,0.8967868133202023,941.0,14.117647058823527,0.006138355651809091,D,2
20.0,0.4778151906886856,1243.5,12.941176470588236,0.9389500904838661,A,2
0.0,1.641756775427554,949.0,13.72549019607843,0.0007926724875877006,D,2
0.0,0.5406291080312768,950.0,12.549019607843135,0.0008675721175721574,F,2
6.0,1.9742886661106946,1454.0,20.0,0.12538868260482494,G,2
15.0,1.7751893498378637,1569.0,19.607843137254903,-0.043009766454352505,F,3
38.0,1.3300705323640698,2382.0,22.745098039215687,-0.16566007786762516,H,3
7.0,0.9084936549515675,1362.0,13.72549019607843,-0.01859991079393397,H,2
9.0,4.920401523505007,943.5,12.549019607843135,0.07448426917977535,F,2
2.0,0.7057164995788165,1346.5,16.862745098039216,0.12614641744548283,H,2
0.0,1.6164469485080994,1199.5,15.294117647058822,-0.014657557779966579,J,2
24.0,3.3410174971130617,2398.5,87.84313725490196,-0.9501983097484277,A,3
57.0,0.8272223736264132,2400.0,21.56862745098039,0.018742372629545923,I,3
4.0,1.3935664039197804,1097.0,12.941176470588236,-0.3257519511109663,B,2
0.0,2.0093721916696934,947.0,13.72549019607843,8.04268195572777e-05,A,2
0.0,2.0339704867386925,956.5,13.72549019607843,0.0011024965643608997,B,2
37.0,0.6295490793906082,1577.0,14.509803921568627,0.12176607417160407,J,3
44.0,4.652444954366892,2740.0,88.23529411764706,0.21938484576220385,B,3
5.0,1.724165905089233,949.0,13.333333333333334,0.12877693015203168,A,2
2.0,0.8849115367323324,1150.0,14.509803921568627,0.014622950819672242,D,2
0.0,9.494163164409228,0.0,0.0,-0.0016200974585524053,J,1
0.0,9.49421199417957,0.0,0.0,-0.004907129784665676,C,1
0.0,2.2292100117968077,947.5,14.117647058823527,-0.000111032284945356,C,2
0.0,9.446275835837808,0.0,0.0,0.6103184320425209,A,1
0.0,9.466091724278256,0.0,0.0,0.6776923510952739,I,1
0.0,9.458259198477236,0.0,0.0,-0.021272959088411536,F,1
0.0,9.042108516514533,0.0,0.0,0.0010730502580460488,I,1
0.0,0.8548837525105039,947.5,12.549019607843135,-0.00042357606344634036,E,2
0.0,3.882032358410794,1040.5,12.941176470588236,0.07610707919531468,A,2
15.0,1.1524610040324788,1489.0,9.803921568627452,-0.35074766355140174,A,2
0.0,1.7685855227149736,0.0,0.0,0.007698113207547201,B,1
0.0,1.615940835908573,952.0,14.509803921568627,0.0019246954595790733,B,2
24.0,0.7874077305389794,2406.5,26.274509803921568,-0.0023329340562349976,I,3
46.0,1.8854553863427506,1977.5,14.901960784313726,0.2497977091214796,I,3
18.0,1.6681048658717448,2362.0,21.56862745098039,-0.2744914184382191,A,3
45.0,2.088519069159384,2800.5,38.431372549019606,-0.08446628247902122,E,3
0.0,3.776597868914125,947.5,12.549019607843135,-0.6763959324257831,F,2
0.0,1.0572510743785852,952.0,12.549019607843135,0.0017080209895051768,D,2
12.0,2.7909450802236453,2251.0,25.49019607843137,0.14342507645259905,J,3
0.0,9.114906258136484,0.0,0.0,0.000543961310560892,C,1
106.0,3.618392932964752,3564.0,88.23529411764706,-0.11447384084280698,F,3
7.0,0.8382594264406975,991.0,14.117647058823527,0.02302713153857472,J,2
24.0,1.7728841232354933,2464.5,16.470588235294116,-0.10079538916334349,G,3
0.0,9.479006313843659,0.0,0.0,-0.010677966101695024,I,1
50.0,3.665060170380131,949.0,12.941176470588236,0.865277957825072,I,2
0.0,1.2796520150705248,946.5,13.72549019607843,0.07006440867356067,C,2
55.0,4.086386515888715,3260.5,87.05882352941177,0.5279588516556557,I,3
31.0,1.5357648306926148,3071.5,16.862745098039216,-0.09021624981246923,G,3
17.0,1.8268297362496326,944.5,13.72549019607843,-0.04924558124632877,H,2
42.0,0.6656004708194784,2658.0,24.31372549019608,0.1072818606781813,G,3
55.0,1.365711801093658,1865.5,21.96078431372549,-0.16731064097193127,H,3
52.0,3.4808924402883803,2710.5,16.470588235294116,0.6616015449227537,E,3
16.0,0.7791393000593692,948.5,12.549019607843135,3.2546453722334006,E,2
0.0,0.5570928067852376,950.5,14.117647058823527,-0.0002111710121419641,H,2
50.0,5.144571019962773,2142.0,19.215686274509803,-0.8720841049382724,H,3
43.0,2.217246041980898,2718.0,24.705882352941178,-0.7848271909716099,E,3
0.0,1.8253951780459277,948.5,14.509803921568627,0.0039837688686902295,I,2
46.0,3.5513137392258183,2890.0,30.588235294117645,0.3972899525316458,F,3
0.0,0.5756990844631041,950.0,10.980392156862743,0.00013974711488240477,C,2
0.0,1.6148253963394135,951.0,13.333333333333334,0.0023453777145052007,F,2
0.0,9.064592071113664,0.0,0.0,-0.0005778457610707832,B,1
0.0,1.5650100686665873,950.5,13.72549019607843,-0.002530094704007696,C,2
0.0,0.922206852508501,945.5,12.549019607843135,0.8039329261291879,A,2
0.0,0.550979748800678,947.0,12.549019607843135,0.0014867317027777993,J,2
6.0,0.5947635375620546,956.0,13.72549019607843,-0.052916029688711674,D,2
0.0,2.001715551775142,944.5,13.72549019607843,-0.0005203025745774692,G,2
9.0,4.236994501834888,1766.5,17.647058823529413,0.1425188796166239,D,3
19.0,1.43219283586818,1920.5,19.215686274509803,0.5934747974609538,F,3
47.0,3.770691366842004,2023.5,14.901960784313726,-1.5776769429502386,E,3
12.0,2.930168766491623,1258.0,20.0,-0.14355894786803092,G,2
3.0,1.7606800485495842,1225.5,23.92156862745098,0.019177790551617002,E,2
44.0,0.7995969768850975,2756.0,16.470588235294116,0.08680866601752679,B,3
48.0,1.1612861358243336,2975.5,24.31372549019608,-0.38578460570469797,D,3
3.0,0.6942279714450741,950.5,14.117647058823527,4.835098894517831e-05,J,2
0.0,9.0677222620992,0.0,0.0,0.00019707207207142474,D,1
0.0,2.6031523664019787,950.5,13.72549019607843,-1.1225483835005576,H,2
14.0,4.365119851676357,2613.5,35.294117647058826,-0.1192177059291884,D,3
29.0,2.6615338894839646,2932.0,16.862745098039216,2.2007947762688778,H,3
46.0,0.9440954806174925,2853.5,20.7843137254902,-1.180699179884268,A,3
0.0,2.2329088888729953,955.0,14.509803921568627,-1.106452702702703,A,2
27.0,0.6466405407288381,2694.5,16.07843137254902,0.4513731387291759,A,3
15.0,1.2807647534424718,1561.0,15.68627450980392,0.0070872260251063635,C,3
0.0,2.0750616457805684,946.0,13.72549019607843,-0.002520554050408519,E,2
0.0,9.464052159783913,0.0,0.0,0.005170940170939997,H,1
0.0,1.4900232614931572,950.0,12.15686274509804,-0.0022992069214130967,J,2
0.0,9.499366183864302,0.0,0.0,0.01825385934819901,D,1
0.0,4.458214512113506,954.0,12.15686274509804,-0.6585596834893366,C,2
0.0,0.5563146413780474,952.0,12.549019607843135,0.0016894526118893527,E,2
0.0,3.187533134794454,949.5,14.117647058823527,-0.005586080586080788,G,2
5.0,0.7873799753151663,961.0,12.941176470588236,-0.03833384332925338,B,2
0.0,9.524093219338912,0.0,0.0,-2.2993222345541993,B,1
8.0,4.927318463017824,944.0,24.31372549019608,1.0129021484191765,H,2
10.0,0.9480128611251474,1009.5,12.941176470588236,0.0023842384238423886,F,2
1.0,1.7174889197578533,953.0,13.72549019607843,0.012287107000173714,I,2
0.0,1.6119815928728063,950.0,13.333333333333334,0.0018933972493294926,C,2
0.0,9.44645526650077,0.0,0.0,-0.6798272712547693,E,1
25.0,1.7912729846429687,1567.0,14.509803921568627,0.17314915465200675,F,3
19.0,3.6812718459288116,1875.5,18.03921568627451,0.3773363376896499,E,3
0.0,2.0023450345964227,948.5,14.117647058823527,0.0012135526766418048,B,2
0.0,9.464350253379399,0.0,0.0,0.7938178091749521,F,1
17.0,1.3446765867705015,1144.5,13.72549019607843,0.12249035349763512,H,2
35.0,1.781515963696719,2224.5,24.31372549019608,-0.058678683385579994,J,3
0.0,0.7892438026116632,946.5,12.549019607843135,0.001034584253127302,E,2
0.0,0.5294156345289919,950.5,13.72549019607843,-0.0019375471549384071,E,2
33.0,1.8177116371758877,2075.5,87.84313725490196,0.0468943282010791,E,3
48.0,2.170357186512088,3027.5,24.705882352941178,-0.12891926629487616,I,3
20.0,1.107945374583502,2024.0,14.901960784313726,0.2007572654473959,G,3
0.0,9.461766098286915,0.0,0.0,-0.002855568624316296,D,1
53.0,1.7595179395874312,2234.5,22.352941176470587,0.12043129200896197,E,3
25.0,2.6734804002750128,1591.5,14.117647058823527,-0.13581150393845026,J,3
0.0,9.491269280550929,0.0,0.0,0.00034566976118122206,E,1
16.0,5.756237235751999,1754.0,25.098039215686278,0.8602096518987339,E,3
0.0,1.4112363853995258,953.0,12.549019607843135,0.0033727080133728604,B,2
0.0,9.040201801047724,0.0,0.0,-0.008814724425462828,H,1
0.0,9.453844442546535,0.0,0.0,-1.5797847182667766,I,1
0.0,0.5843684607357965,948.5,12.549019607843135,0.002852408513816296,J,2
0.0,9.540668499810085,0.0,0.0,1.4217189926933504,I,1
0.0,9.528720458871835,0.0,0.0,0.7181795265850778,B,1
0.0,9.494666146975073,0.0,0.0,-0.002657176392692695,H,1
0.0,8.766161521493785,860.75,16.862745098039216,0.010678309288787692,B,2
0.0,1.2278249015703635,949.0,12.15686274509804,0.003816011786491519,J,2
1.0,1.4505681102380301,948.0,13.72549019607843,-0.010969114049067308,E,2
35.0,3.0699827520279808,2183.5,30.588235294117645,1.5927727417995872,A,3
28.0,4.465155741833438,2848.5,88.23529411764706,-0.1678433506389776,B,3
49.0,1.9306548180746803,3054.5,17.254901960784313,2.8557056548183892,D,3
0.0,0.5630397503674383,960.5,12.15686274509804,-0.00039481813652220143,C,2
14.0,1.3115968802689952,1409.0,13.72549019607843,0.2772289651716362,G,2
0.0,1.4268944023169352,949.5,13.333333333333334,0.0006418918918919547,A,2
25.0,4.99141977956561,3801.0,43.13725490196078,0.05371532875679552,F,3
0.0,9.067527031320815,0.0,0.0,-0.002355194951543904,I,1
52.0,1.9130189153638828,2204.5,15.294117647058822,-0.08877103472060208,E,3
0.0,0.8025055546008173,950.5,12.549019607843135,0.002612014669536755,D,2
0.0,0.5597841599036295,940.5,12.941176470588236,0.007611931394481797,C,2
0.0,8.724059686005873,867.75,16.862745098039216,6.957278549020451e-05,F,2
0.0,1.0381555236647748,949.5,12.941176470588236,-0.003592650609261172,B,2
0.0,8.75892662130424,0.0,0.0,-0.0770135097101041,D,1
0.0,0.6036260630229231,943.5,12.549019607843135,-0.002980608816064878,J,2
42.0,5.011452810741383,1785.5,14.509803921568627,-1.624433066221933,B,3
0.0,1.6039008869839122,0.0,0.0,0.009787101648962182,C,1
0.0,1.722246962159239,943.5,14.117647058823527,0.001470367421226193,H,2
60.0,2.186995868923606,2560.5,87.84313725490196,0.2264818648876621,E,3
49.0,4.0420875360274655,1014.5,13.333333333333334,-0.17775989388702662,A,2
36.0,4.801370250209065,2281.0,15.294117647058822,-1.482210109164117,B,3
11.0,1.430851953464033,1145.5,13.72549019607843,0.083731608192737,J,2
60.0,1.667311786107077,2555.5,23.92156862745098,0.0009423200170903812,E,3
28.0,0.7470739592036999,2783.0,33.72549019607843,0.159347670250896,B,3
16.0,0.48165887995287177,954.5,14.509803921568627,0.07829916277258561,I,2
58.0,1.0693967072035202,2453.5,24.705882352941178,-0.04575118142592982,A,3
32.0,0.38014465299606975,2638.0,28.62745098039216,0.6090231278835916,J,3
3.0,1.4895631520490271,1283.0,15.294117647058822,-0.6253901056080413,D,2
0.0,9.538940730720258,0.0,0.0,2.1005873374991024,D,1
43.0,1.5271975937100146,2711.0,52.94117647058823,0.11529805110614272,C,3
28.0,4.7691028018782875,1775.0,14.509803921568627,-0.00011799909665732855,C,3
0.0,0.6385470553183913,949.0,14.117647058823527,-0.0011464105975589056,B,2
20.0,0.8961630748326131,2024.0,14.901960784313726,0.09997283327567622,I,3
0.0,0.9192013060477067,950.0,13.72549019607843,0.002823102823102719,I,2
2.0,1.2086176735086978,953.5,14.117647058823527,0.0010231023102309986,G,2
32.0,2.2619691679157703,3294.5,34.90196078431372,-0.03893808777429486,E,3
0.0,1.0390116820690447,952.5,12.549019607843135,-0.003887640669917536,C,2
0.0,1.5521823029529576,953.5,14.117647058823527,-0.004465632406808889,J,2
12.0,1.8578029917340475,2207.5,24.31372549019608,-0.0005693870357907915,J,3
0.0,1.0357319783004655,944.0,12.941176470588236,0.004960858986564953,G,2
0.0,1.0422417878486017,950.5,12.549019607843135,0.0014327530876203642,A,2
16.0,1.8868681924015638,972.0,14.117647058823527,0.2904334365325077,D,2
0.0,1.5933788403543234,948.5,13.72549019607843,-0.004781144781144789,I,2
9.0,1.6378394903938411,1179.0,16.862745098039216,0.09627443513582129,G,2
0.0,9.456464305253085,0.0,0.0,1.464713538721681,H,1
0.0,9.066491217248181,0.0,0.0,0.0012467441712722405,I,1
21.0,1.126606008145694,2186.5,24.31372549019608,-0.12155753518528281,J,3
36.0,0.7698157757794353,2258.5,19.607843137254903,-0.006708460349939438,B,3
17.0,0.8878899714588686,950.5,12.941176470588236,-0.016480932764809275,I,2
8.0,1.0180861111465846,1497.5,24.31372549019608,-0.0779736757757169,B,2
30.0,1.6464287104169166,1875.0,27.45098039215686,0.004574898785424941,B,3
38.0,1.1076645442151216,2380.0,17.647058823529413,-0.19638881813550682,D,3
12.0,0.9042058221374057,1248.0,16.470588235294116,0.08921293144354359,I,2
58.0,4.0505901346168045,3483.0,81.17647058823529,-0.019747634069400277,H,3
48.0,0.8677028968022719,3023.0,17.254901960784313,-0.11134331651954602,F,3
24.0,2.0865476459341648,2528.0,28.235294117647054,-0.2441833084361978,H,3
15.0,0.6674692949179595,1546.0,22.352941176470587,-0.35299703959902684,D,3
16.0,2.670586200605582,2287.5,23.92156862745098,-0.16464719606524292,B,3
0.0,9.470180341842944,0.0,0.0,1.6308852213438128,I,1
0.0,1.60934742980286,956.5,14.117647058823527,0.00036345909668056287,G,2
0.0,0.46196785875140794,952.5,12.549019607843135,0.0021132013201319855,A,2
0.0,9.116348113213,0.0,0.0,0.0009282178217819848,D,1
44.0,1.866959258988017,2766.5,25.098039215686278,-0.2576114649681529,C,3
0.0,9.456122229324349,0.0,0.0,-0.8146409501498459,J,1
41.0,5.115023244762606,2595.0,13.72549019607843,0.15566884531590386,E,3
0.0,4.095748398435612,949.0,12.549019607843135,0.7384087537901101,E,2
0.0,1.588295684926186,950.0,13.72549019607843,-0.0042610431021026934,E,2
0.0,0.996026256197603,952.0,12.941176470588236,-0.005626754505116294,J,2
0.0,9.486387106606923,0.0,0.0,-0.009380182002022286,J,1
31.0,0.8434375618101586,1932.5,18.823529411764707,0.012865909594154346,A,3
0.0,0.5957937625101821,950.0,12.549019607843135,-0.0026420697664941706,B,2
24.0,4.530921364755738,2401.5,22.745098039215687,0.8284342105263152,J,3
28.0,0.5265580319851962,1798.0,14.117647058823527,-0.37768995697967656,G,3
0.0,9.237249553814479,0.0,0.0,-0.010701881190052887,D,1
34.0,1.3016291262760313,2130.5,15.294117647058822,-0.014975091013604058,A,3
11.0,0.816241620819746,950.5,13.72549019607843,0.06521651657405642,B,2
0.0,9.440892294554558,0.0,0.0,-0.6995095758506341,I,1
0.0,1.073239956385364,925.0,14.901960784313726,0.0007332218506131138,C,2
0.0,0.48366160175747785,952.0,12.15686274509804,0.00047229276256122166,B,2
17.0,2.177875325100314,1696.0,24.705882352941178,-0.039595293241790064,A,3
57.0,1.6759005612553668,1911.5,14.509803921568627,0.0881128062875636,F,3
66.0,0.7244425054378927,947.5,12.941176470588236,-0.11630020940414999,A,2
23.0,1.3951865585508751,2357.0,87.84313725490196,-0.9020189834719567,C,3
46.0,4.354916671385107,2901.0,16.470588235294116,-0.04896714538658298,F,3
5.0,0.4785934604814762,950.0,12.549019607843135,-0.03203368526897932,B,2
0.0,1.4081861846203714,945.0,13.72549019607843,0.006891868418195335,I,2
0.0,9.493786032485609,0.0,0.0,-0.00015286512928014417,A,1
63.0,1.7227920988541352,2123.0,87.84313725490196,-0.10653238853297092,H,3
18.0,5.900781433013426,2138.5,28.62745098039216,-0.5412206909937889,B,3
0.0,1.7311870277954309,953.0,14.117647058823527,0.0064518632654226304,J,2
6.0,1.1530703665112485,953.0,13.333333333333334,0.06305297557619544,D,2
56.0,1.7928845509007483,1868.0,14.901960784313726,-0.02308069874611518,G,3
19.0,0.37716284495818836,1933.0,14.509803921568627,-0.37949450549450536,A,3
17.0,1.7936706921586247,1731.5,23.137254901960784,0.4560871408570132,A,3
3.0,1.622778756810806,963.0,14.117647058823527,0.0226225784060074,D,2
59.0,2.114493509335263,2506.5,56.47058823529412,0.3320178907997148,D,3
2.0,1.8448883817512858,934.5,14.901960784313726,-0.01302572436563365,D,2
0.0,9.459844321566969,0.0,0.0,1.3300415479345595,C,1
0.0,9.473933269135438,0.0,0.0,-0.7128538092420957,I,1
0.0,9.492780102214425,0.0,0.0,-0.0029707807386629703,C,1
21.0,0.8517915017413943,948.5,12.941176470588236,-0.9162642045454544,A,2
20.0,0.9575370879051317,997.5,13.333333333333334,0.16170433531949868,G,2
21.0,1.0193114337719438,1354.5,21.56862745098039,0.1251679962072022,C,2
0.0,0.5578873694169975,954.0,13.72549019607843,0.0033060116354233227,B,2
61.0,0.8490127920614563,2595.0,15.68627450980392,-0.9222943764964732,A,3
16.0,4.780747353135975,947.5,12.549019607843135,-0.09028632329732922,F,2
23.0,0.5846321185175088,2325.0,15.294117647058822,0.2624305392462194,A,3
28.0,3.6041086242669227,2789.0,19.607843137254903,-0.15154435251869924,G,3
0.0,0.9742336599904619,950.0,14.117647058823527,0.0074841307760561415,H,2
0.0,9.496592390388088,0.0,0.0,0.003815914822078992,J,1
0.0,4.641794626798667,950.0,12.549019607843135,-0.7175550789627607,F,2
35.0,0.917878009074269,2197.5,18.431372549019606,-0.1332418300653595,J,3
0.0,2.0548233879080575,950.0,13.72549019607843,-0.0016401987416126973,C,2
0.0,1.6325785229603778,943.5,13.72549019607843,-0.001885521885521907,I,2
0.0,1.0596359960470711,1713.0,23.52941176470588,-0.28312850509557996,F,3
0.0,9.11683584838286,0.0,0.0,-0.0004927458415835417,G,1
79.0,2.0387943542883646,2662.5,15.68627450980392,0.24652828148803363,J,3
0.0,1.1414251184000208,1197.5,13.72549019607843,-0.023803403186204553,I,2
91.0,4.238405066276042,3867.5,87.84313725490196,0.13126550006944038,A,3
0.0,9.494450847997902,0.0,14.117647058823527,0.0005334249084248954,I,1
25.0,0.5341805905558614,1552.0,13.72549019607843,1.067079651301648,E,3
22.0,1.9438358507994937,2271.5,21.176470588235293,-0.3214078784490676,H,3
3.0,2.4795585255635273,1245.5,23.92156862745098,-0.2678565164738797,A,2
0.0,1.3587817768487411,954.0,12.549019607843135,0.00045827347028093435,I,2
0.0,9.455140360292594,0.0,0.0,2.34333592868427,H,1
21.0,5.203466612761483,2144.5,19.607843137254903,-1.733728618008528,D,3
0.0,9.527108940216648,0.0,0.0,0.00032385466034767774,F,1
41.0,0.7780522002448573,1732.5,19.607843137254903,-0.1080846643293078,F,3
9.0,1.8341911225064236,1059.0,12.941176470588236,0.5141931080039635,H,2
0.0,2.2342293710595222,949.0,13.72549019607843,0.00043839525195465967,F,2
9.0,4.140616772467462,943.5,12.549019607843135,0.778369363576223,D,2
6.0,1.8639611194660206,946.5,14.117647058823527,0.050616446955429995,G,2
0.0,1.2478751969224626,953.5,12.15686274509804,0.004958025633543639,D,2
64.0,1.7969920059889546,2639.0,15.68627450980392,-3.246158584976787,H,3
0.0,1.0544973884686162,949.5,12.549019607843135,0.0008586591671958521,F,2
24.0,0.8828386346720926,2531.0,23.52941176470588,-0.1514814814814815,B,3
35.0,0.8637195591614597,1484.0,13.72549019607843,0.21067768263982772,H,2
0.0,1.6574626861458894,0.0,0.0,-0.0005266219239373204,J,1
0.0,3.8170785386759807,1406.0,18.823529411764707,-0.111904761904762,C,2
17.0,3.6372604129456834,1865.5,25.098039215686278,0.43183872571025494,F,3
23.0,3.334305813495771,1486.5,19.215686274509803,0.9766152939702812,G,2
0.0,1.8393607562714995,955.5,14.509803921568627,-0.003546220436740244,E,2
0.0,9.070695986855021,0.0,0.0,-0.0014583711228004503,F,1
25.0,1.431543263575193,958.0,12.15686274509804,-0.2597790093048711,H,2
34.0,2.0680380211698264,2839.5,23.137254901960784,0.23650205377147132,I,3
54.0,5.391649256370836,2270.0,21.176470588235293,-0.786189340047895,A,3
0.0,2.521623211957553,1645.0,18.823529411764707,-0.16343720024129038,A,3
1.0,1.2438152631798067,1136.5,15.68627450980392,0.15670207624091131,E,2
2.0,0.5519391390147513,1086.0,14.901960784313726,0.28091512345679004,H,2
25.0,1.4902216244572482,2504.0,24.705882352941178,0.00335760517799355,E,3
37.0,1.8449047557122802,2272.0,15.294117647058822,-0.2875991853523153,D,3
37.0,0.25544159684429313,1564.5,15.294117647058822,-0.029742035261367206,I,3
0.0,0.5595825431713655,936.0,12.549019607843135,-0.001268191268191332,C,2
0.0,0.6053752355390136,954.0,12.549019607843135,-0.002796403303011119,G,2
0.0,1.9786776309750504,948.5,13.72549019607843,0.0008506642235455997,A,2
0.0,0.788340077762028,963.5,12.941176470588236,0.40844327684302195,F,2
73.0,2.22921696160512,1799.5,14.901960784313726,0.19735469494077895,B,3
0.0,1.4186510893799291,938.5,13.72549019607843,0.0010101010101010166,H,2
1.0,2.0723765800047578,1591.5,18.03921568627451,0.008562297859233015,D,3
0.0,1.031857175333,946.0,12.941176470588236,0.004010120804703199,F,2
0.0,9.115281816353955,0.0,0.0,-0.0004304635761589459,F,1
53.0,0.5651902357941295,1369.5,13.72549019607843,-1.3667976159575104,J,2
53.0,0.9823411873804897,3263.5,16.862745098039216,0.01432899036807711,B,3
36.0,3.412007288657914,2246.5,15.294117647058822,-0.26427100805485404,H,3
0.0,0.8330229588507803,953.0,12.549019607843135,0.0034446492464491607,H,2
0.0,9.464765739454368,0.0,0.0,0.019221062491636604,G,1
1.0,1.7449933131166981,1283.0,16.470588235294116,-0.06302539376406296,H,2
0.0,0.7640126997249892,948.0,12.549019607843135,0.007212867975022297,F,2
5.0,6.28921047636471,1100.0,12.941176470588236,-1.2965394275700934,I,2
0.0,9.490608076523692,0.0,0.0,-0.017542170473204943,H,1
0.0,8.03206464460792,0.0,0.0,0.0036687861653206255,G,1
18.0,1.6941618514583425,1990.5,18.03921568627451,0.07711804299778988,C,3
0.0,4.307997904276719,948.5,12.549019607843135,0.001981406828465815,F,2
0.0,9.492637718179962,0.0,0.0,-0.0013516009852216904,J,1
0.0,9.454984714664837,0.0,0.0,-0.08359877972352159,C,1
8.0,4.6162956081333055,954.5,12.549019607843135,-2.3487862321907182,B,2
11.0,1.4394832729389748,1141.0,16.470588235294116,-0.2756722165590668,H,2
0.0,2.0037583544188835,951.0,13.72549019607843,0.0019583257754399175,B,2
40.0,4.503396472749622,954.0,12.15686274509804,-0.6315743198836685,G,2
0.0,1.5885602755598933,952.5,14.117647058823527,0.0012837837837837984,E,2
23.0,1.9490408460837076,2347.0,21.96078431372549,0.0643614163614164,I,3
0.0,9.494485196692953,0.0,0.0,-0.0013475177304964614,C,1
0.0,1.7277442598720527,951.0,14.117647058823527,0.0039687180070526185,C,2
0.0,1.9779206669207499,949.0,13.72549019607843,0.0005033557046980053,B,2
0.0,0.8943254127502648,947.0,12.549019607843135,0.0011886783407045742,E,2
35.0,1.8687033095076675,953.5,13.333333333333334,0.2871349673466096,G,2
21.0,2.820133800872734,963.0,12.549019607843135,0.282213160854893,C,2
16.0,1.0937287430970088,1635.5,21.56862745098039,0.17552321141479102,H,3
7.0,1.777625944699711,951.0,13.72549019607843,-0.010105359596884966,J,2
0.0,9.071130073792572,0.0,0.0,-0.001882664437012238,B,1
0.0,2.245504418545356,950.5,13.72549019607843,0.005171140059450963,G,2
2.0,1.8045192097553207,961.5,13.72549019607843,0.048820029563932,I,2
0.0,9.495165614706623,1339.0,18.431372549019606,-0.0133118653675127,B,2
0.0,2.1537796607985222,951.0,12.941176470588236,-0.0033525911575450484,B,2
43.0,1.6656027206481243,1845.0,21.56862745098039,-0.08959306061255082,B,3
34.0,1.2468784534900659,1071.0,12.941176470588236,0.15668039215686258,H,2
0.0,9.516594312662034,0.0,0.0,-0.0006752933057281307,I,1
0.0,9.460046634161076,0.0,0.0,0.13383096228459582,D,1
0.0,1.1079982208716557,950.0,14.117647058823527,0.00028168692575469834,B,2
28.0,1.8417538640315552,2821.5,21.56862745098039,-1.5042640705688508,F,3
0.0,9.497248124004084,0.0,0.0,-0.0007683725617216863,H,1
19.0,3.419000711356728,2488.0,19.215686274509803,-1.5834569945141064,F,3
0.0,2.010644013533819,945.0,13.72549019607843,-0.0024159967017109985,D,2
27.0,2.2869037175362785,1666.5,34.509803921568626,1.1144275477707006,C,3
35.0,1.7592417954487174,2174.5,18.823529411764707,0.09868338557993728,B,3
0.0,0.9851513998703323,946.5,13.72549019607843,0.0008979638266408685,A,2
0.0,2.0615785308571133,954.5,13.72549019607843,0.004187191550205194,E,2
20.0,2.2822583695443956,1305.0,13.72549019607843,0.6015560975609757,B,2
0.0,9.48443246329199,0.0,0.0,-0.02781545352743575,I,1
0.0,8.069825161222,0.0,0.0,0.003163626762887173,C,1
28.0,0.4519562270681724,961.0,12.941176470588236,0.06682183710329415,E,2
52.0,0.9691534824670757,2213.5,19.607843137254903,0.15031797772213118,H,3
1.0,1.4449530203101029,953.0,13.72549019607843,0.0002413574690802167,G,2
16.0,1.7407499862289857,1635.5,21.56862745098039,0.7183869463869464,I,3
0.0,5.2617154452661,949.0,12.549019607843135,0.005186628522515058,I,2
0.0,1.9782321799404663,949.5,13.333333333333334,-0.0012449949949950023,C,2
0.0,2.009033767092831,948.0,13.72549019607843,-0.0026237982949391947,B,2
53.0,1.5646271823062405,2431.0,15.294117647058822,0.22578070749756973,F,3
8.0,1.137952940722305,947.5,13.72549019607843,-0.06916046736435094,B,2
0.0,0.56017548303777,948.0,12.941176470588236,-0.0006109934273044182,I,2
18.0,2.324497902826419,1839.0,87.84313725490196,0.31904796350414244,J,3
0.0,0.41960026213395485,952.5,13.72549019607843,-0.001697256083641574,H,2
41.0,5.405527776134456,2542.0,21.96078431372549,-0.6418252384579715,H,3
32.0,0.8814459351478613,2025.0,14.509803921568627,0.00436131612584012,H,3
0.0,1.0389411089814307,948.5,12.549019607843135,-0.0018586976074834727,D,2
6.0,1.7971275205052075,958.5,14.117647058823527,-0.01618019300743556,D,2
0.0,9.47578810516203,0.0,0.0,-0.004508849681635785,F,1
32.0,1.8263076181600502,1980.0,20.0,-0.04378801578168662,H,3
17.0,1.131760182813593,1098.0,20.0,0.10449509671344559,F,2
0.0,1.6060361058780268,0.0,0.0,-0.010737932748802304,F,1
0.0,9.483974205597463,0.0,0.0,-0.04124273114944749,I,1
0.0,0.5208984920110921,946.5,12.549019607843135,0.001327870680044585,A,2
15.0,1.9944469009020156,2161.0,23.137254901960784,-0.05899376250441335,E,3
30.0,0.9023324619683941,1898.5,22.352941176470587,0.028871908453303896,A,3
6.0,1.7317788733186947,945.0,13.72549019607843,0.07330223191810697,C,2
0.0,0.5961727512145206,952.0,12.549019607843135,0.0004726624330149143,B,2
0.0,0.5996655486088452,0.0,0.0,-0.002446574589431705,D,1
35.0,1.1099182956539828,1378.5,14.117647058823527,-0.10876938775510198,C,2
0.0,9.490579943805946,0.0,14.117647058823527,0.001323158016682098,D,1
0.0,1.7757061869863746,951.5,14.509803921568627,0.001733215827175505,D,2
0.0,0.9557571068228874,961.5,14.117647058823527,-0.005839134125636691,B,2
32.0,4.752538113515826,3235.0,22.352941176470587,-0.685857222569306,H,3
0.0,2.0030732471162,948.5,13.72549019607843,0.02557787817616708,A,2
6.0,0.675248050521975,1584.5,21.96078431372549,0.026858459065050688,A,3
0.0,9.069227243514874,0.0,0.0,-0.0023434797259351825,I,1
0.0,9.111573288679864,0.0,0.0,-0.0026418249510951064,F,1
51.0,1.461065429071461,3193.0,26.274509803921568,-1.1467692955623532,F,3
0.0,9.570566640391792,0.0,0.0,-2.0221112499053677,C,1
0.0,9.114575154257802,0.0,0.0,1.0862115959229999,C,1
0.0,1.6396760462351856,0.0,0.0,-0.0013087248322147804,E,1
0.0,1.4172944038959139,952.5,14.117647058823527,-0.0004976567476567828,C,2
14.0,1.8474602252092804,1078.5,14.901960784313726,0.20089371912491183,B,2
30.0,1.4876630923090708,3030.5,28.62745098039216,-0.15313379112899883,J,3
47.0,1.889822919761032,2915.0,23.137254901960784,-0.1948049056992683,G,3
0.0,1.2773798483814944,948.0,14.509803921568627,0.0021355932203390715,G,2
50.0,4.839362946224034,5020.5,87.84313725490196,-0.1810829493087558,H,3
0.0,9.069486467938326,0.0,0.0,0.0032963460757033936,G,1
16.0,1.104260535511234,1674.5,16.470588235294116,-0.0323138322945582,J,3
9.0,0.81733944426216,959.0,13.72549019607843,0.027953444098303915,I,2
15.0,0.9078111088575886,955.0,13.333333333333334,-0.1948716002530045,E,2
59.0,4.328918324172599,3691.5,88.23529411764706,-0.05646496815286628,E,3
0.0,1.6592739421474114,952.0,13.72549019607843,0.0017006436539387104,D,2
47.0,1.8457621477240294,2955.5,25.098039215686278,-0.4469414403342755,F,3
0.0,9.03696757849319,0.0,0.0,-0.10940993788819897,J,1
0.0,1.6147814719404705,1194.5,16.07843137254902,-0.007157000468258734,J,2
27.0,1.4737082424781618,2715.0,25.098039215686278,0.990523178807947,A,3
0.0,3.068493631979676,953.5,12.549019607843135,0.013410377358491044,A,2
10.0,3.7517567713510456,2015.0,22.352941176470587,-0.12351422033344228,F,3
1.0,1.1541690929330795,1517.5,9.803921568627452,0.13231619714573728,H,3
61.0,1.5939003052428804,2059.5,22.745098039215687,-0.8477190971609945,C,3
0.0,9.4524724348165,0.0,0.0,-0.7090595809139106,D,1
0.0,1.0315281160564693,953.0,12.549019607843135,-7.243191497674495e-05,J,2
48.0,4.7236535187,948.5,12.549019607843135,-1.275890520541683,G,2
27.0,1.89440193331207,1714.0,21.176470588235293,0.35369366282351034,D,3
0.0,9.519399826271197,0.0,0.0,0.7004636603276222,D,1
0.0,9.463955035759788,0.0,0.0,-0.7507133398309215,H,1
49.0,4.173505118955837,2076.5,19.215686274509803,-0.5275476427292616,F,3
0.0,9.527353832912352,0.0,0.0,-1.3745719862793033,I,1
0.0,1.2828982422628776,945.5,13.72549019607843,0.002099122318194535,A,2
0.0,1.2726930185185374,2089.0,20.0,0.5078412845249107,I,3
16.0,1.9735351611885785,948.5,12.549019607843135,0.6339848961500165,A,2
0.0,8.217123223548981,0.0,0.0,-0.009020390070921369,I,1
36.0,1.8979603522240025,958.5,13.72549019607843,0.1271920835844887,C,2
63.0,1.7966477166014165,2123.0,87.84313725490196,-0.013559238835275988,H,3
46.0,1.7121847568022686,1977.5,14.901960784313726,-0.1137543554907618,G,3
39.0,1.759246639367688,2429.5,16.07843137254902,0.9452505446623092,I,3
49.0,1.610383534181579,2070.5,19.607843137254903,0.13647161096389704,E,3
0.0,0.5019763352102479,949.5,12.941176470588236,-0.000969736842105301,J,2
0.0,2.105385238449045,952.0,14.117647058823527,-0.0016378734034692144,A,2
0.0,2.0076539561494258,943.5,13.72549019607843,-0.004898648648648529,I,2
0.0,1.057505939632623,952.0,12.549019607843135,0.0030356364768128197,E,2
20.0,1.5446868643474703,2040.5,16.07843137254902,-0.0041966844465164965,F,3
0.0,8.023974287293603,0.0,0.0,-0.0005695659051365709,F,1
34.0,1.4149159305733494,2117.5,25.88235294117647,0.08920459831218008,C,3
0.0,9.45380025115878,0.0,0.0,1.6057320847370526,J,1
26.0,1.3760873348095535,1620.0,14.509803921568627,0.5697805642633228,A,3
47.0,1.9449057185739407,2008.5,18.431372549019606,-0.05566964239852898,A,3
0.0,1.9913341391525272,0.0,0.0,-0.003198469170164503,D,1
43.0,0.6153771357311361,1872.0,15.68627450980392,0.9644371470270956,A,3
24.0,2.4163007735105175,2453.0,30.19607843137255,-0.4821496879453535,B,3
0.0,4.837929150514993,948.5,12.549019607843135,-0.0022475978128149166,D,2
0.0,1.6307516729682936,952.0,13.333333333333334,-0.003489115646258506,B,2
0.0,9.493581824253218,0.0,0.0,0.007595114136964343,I,1
12.0,0.9004328129948208,1048.0,14.117647058823527,-0.5751174196526455,I,2
36.0,0.7652817185898328,2279.5,19.607843137254903,-0.2137453333045598,D,3
0.0,1.0380743993762012,952.5,12.549019607843135,-0.003189560439560424,D,2
0.0,1.0702501372040467,947.0,12.549019607843135,-0.00273508035391834,I,2
0.0,1.036924456732915,948.0,12.941176470588236,-0.0005700209982231197,H,2
0.0,1.5823076202024458,0.0,0.0,0.012397328919068112,I,1
0.0,9.49185011993824,0.0,0.0,-0.006770493615609996,I,1
0.0,9.063159473845104,0.0,0.0,0.009084288574508825,J,1
0.0,9.467126073768137,0.0,0.0,-1.3784744186046511,H,1
46.0,4.568321012571075,2868.0,23.92156862745098,0.5659148824197429,B,3
0.0,9.192978633073261,0.0,0.0,2.0066889632186502e-05,A,1
0.0,0.89986131140938,947.0,12.549019607843135,0.0017109215427130176,I,2
0.0,9.068020464681771,0.0,0.0,0.00879825653798294,G,1
24.0,0.6660594592479576,2431.0,19.215686274509803,-0.19505456544741598,H,3
53.0,1.8311788026629434,1778.5,15.294117647058822,-0.037070322932133914,G,3
0.0,0.5803888114469883,952.5,12.549019607843135,0.0015753901895205757,J,2
0.0,9.088380497631785,0.0,0.0,-0.006026490066225687,B,1
56.0,1.7067814985217387,3516.0,87.84313725490196,0.32589547413793096,J,3
28.0,3.9443771124188878,1788.5,14.509803921568627,0.1600353113077353,J,3
33.0,0.5306424437089606,2028.0,24.705882352941178,-0.1834316654219566,D,3
6.0,1.737191591648915,950.0,14.117647058823527,-0.04337837837837838,E,2
20.0,4.174675948718474,1920.5,14.117647058823527,-0.7133557609998289,H,3
5.0,0.7042817335076508,987.5,13.333333333333334,-0.1972712297586008,E,2
19.0,3.107561221773485,3364.0,29.01960784313725,0.6013926717252396,F,3
27.0,3.9527227322954928,1968.0,14.901960784313726,0.8051008704691278,E,3
48.0,1.797272586594233,3006.5,27.45098039215686,-0.8043276398787581,A,3
0.0,9.450823459722754,0.0,0.0,0.04312697942874061,H,1
35.0,0.7624654025663337,2197.5,18.431372549019606,0.07572549019607844,B,3
0.0,9.459615347880774,0.0,0.0,0.019236910457963052,D,1
0.0,2.0006449412707683,953.0,13.72549019607843,-0.0032278960306642013,D,2
7.0,0.7185746854461239,1526.5,23.137254901960784,1.189322580645161,E,3
56.0,0.5300042718440342,1868.0,14.901960784313726,-0.0606103766153584,J,3
0.0,0.43069230223420335,945.5,14.117647058823527,1.099719281136807,J,2
29.0,2.0649452467337546,2950.5,24.31372549019608,-0.02200909842845339,C,3
0.0,2.0610747260874773,943.5,14.117647058823527,-0.0005548136734577769,C,2
15.0,1.105029153044125,955.0,13.333333333333334,0.1781593563669036,H,2
0.0,0.5521437466364124,956.0,12.549019607843135,0.0019405951405951916,J,2
0.0,9.483990502067819,0.0,0.0,0.005654994855296747,J,1
0.0,1.0233978296915653,939.5,13.333333333333334,-0.007277832892416236,J,2
3.0,1.050173011390951,1245.5,23.92156862745098,0.015050272308336802,E,2
0.0,1.6397623843095475,958.5,14.901960784313726,0.03311658295924269,I,2
33.0,0.939056616936861,1083.5,13.72549019607843,0.0909705771481856,G,2
0.0,0.5721709138647203,950.0,10.980392156862743,0.001305859714584301,E,2
47.0,1.7194928624700245,2915.0,23.137254901960784,-0.04720961973887472,I,3
19.0,1.2540265603903937,1209.0,15.68627450980392,-0.10052562745841898,H,2
13.0,2.803815724918379,2549.0,23.52941176470588,-0.3252886002886002,F,3
31.0,0.7793570808046992,1932.5,18.823529411764707,0.2654264023956654,C,3
22.0,0.9005421583737212,2190.0,17.647058823529413,0.027497762663325598,D,3
6.0,1.7874894326131088,950.0,14.117647058823527,-0.0036707512597343728,D,2
0.0,9.069349620937757,0.0,0.0,5.5530676220438835e-05,H,1
25.0,3.958842554775049,2608.0,23.92156862745098,-0.07799943200259651,D,3
0.0,0.7756964216314824,950.5,12.549019607843135,0.008874458874458924,F,2
0.0,9.070332433632148,0.0,0.0,0.0016728797763279069,A,1
0.0,1.6216762037201389,948.5,13.72549019607843,0.0006082978176000925,B,2
34.0,0.5960137038558245,1433.5,13.333333333333334,-0.034453147345493096,C,2
59.0,1.5764208714332306,1991.5,27.84313725490196,-0.12457401976756811,C,3
31.0,1.4342140229866867,1929.5,14.901960784313726,0.3153459119496853,C,3
0.0,0.7177199545501551,954.0,13.72549019607843,0.18044439443622884,C,2
0.0,0.9959217485568784,961.0,12.549019607843135,0.0003121736243170137,H,2
1.0,1.5100108971508266,1214.5,17.647058823529413,1.6814600615466953,J,2
0.0,1.634799811075486,952.0,14.117647058823527,0.001009187924442101,J,2
48.0,4.691886739967142,948.5,12.549019607843135,-0.608709875245304,G,2
10.0,3.3899199582119253,942.0,13.72549019607843,0.6485626911314983,G,2
0.0,1.7295701754893167,949.5,12.549019607843135,0.00212101374731144,A,2
16.0,4.926516232797612,1694.5,16.470588235294116,-0.5062132082220026,F,3
0.0,9.491701886091443,0.0,0.0,0.8249985155863433,H,1
11.0,1.8932813647281028,1141.0,16.470588235294116,0.5693485594864903,E,2
0.0,9.49469554639193,0.0,0.0,0.008699425100336167,G,1
0.0,1.059003240276668,948.0,13.333333333333334,-0.00014175654853620934,B,2
0.0,9.492242164844376,0.0,0.0,0.0009451247165532806,H,1
12.0,3.691498386966181,2251.0,25.49019607843137,-0.5861737944013174,I,3
0.0,4.825462766939126,949.0,12.549019607843135,0.010018914529665857,F,2
41.0,0.803873484824931,990.5,13.72549019607843,0.029850506315899306,F,2
0.0,9.448008601045489,0.0,0.0,-1.3975712118233554,G,1
0.0,9.493575401585224,0.0,0.0,0.0031743798115541066,H,1
0.0,2.0380516503717834,947.5,13.72549019607843,0.00261925745147229,C,2
34.0,4.996386233407044,947.5,12.549019607843135,-0.23505854688549732,C,2
0.0,0.5587657347251995,967.0,13.72549019607843,-0.0013336802991974483,J,2
21.0,1.7856962727057721,2167.0,22.745098039215687,0.11680546519193213,G,3
0.0,1.0179721019499994,952.0,12.941176470588236,-0.0021858018941158797,A,2
0.0,9.51917262591041,0.0,0.0,-0.0016210346912970408,E,1
0.0,9.071254621360573,0.0,0.0,0.0026022988505749467,D,1
0.0,0.886078583519499,939.0,12.941176470588236,-0.10756097560975608,E,2
0.0,2.245414290506696,943.0,14.117647058823527,0.0026312414109024296,D,2
44.0,3.7384516464074125,954.0,12.549019607843135,0.3648222729065278,H,2
38.0,0.16748456199746656,2415.5,25.49019607843137,-0.1563631495940341,E,3
48.0,1.397963445653462,2923.5,16.07843137254902,0.4181112852664577,G,3
22.0,0.6423839653837192,955.0,12.941176470588236,-1.0241090710056229,E,2
18.0,4.420179582079756,1894.0,88.23529411764706,0.272874830358075,I,3
0.0,9.064703308990397,0.0,0.0,0.002287290969899658,E,1
16.0,3.916503793758059,947.5,12.549019607843135,0.7311940161965218,I,2
8.0,0.6737206759644864,1113.5,14.117647058823527,0.2747569222381817,I,2
0.0,9.067545257333379,0.0,0.0,-0.00021324354657670241,C,1
0.0,9.06555577206161,0.0,0.0,-0.0015494252364391947,B,1
0.0,1.7779053363947108,952.0,13.72549019607843,1.106030462666056,F,2
0.0,9.445658930509788,0.0,0.0,-0.05655416534684837,I,1
0.0,9.46227539061756,0.0,0.0,0.0058905579399142205,I,1
1.0,3.3146979488963164,1114.5,9.803921568627452,-0.0024409250879842137,I,2
54.0,1.7554559110740113,2296.0,15.294117647058822,-0.18593900497414007,B,3
0.0,1.0303415615668279,951.5,12.549019607843135,0.00021334116955629145,J,2
57.0,0.9379587012529503,1929.0,14.509803921568627,-0.1190676150229153,H,3
0.0,1.893293356677728,950.0,13.72549019607843,-0.017907311199803794,F,2
0.0,1.1520920185912737,948.5,13.333333333333334,-4.591035399298393e-05,F,2
0.0,9.070096614573576,0.0,0.0,0.00929406679406597,C,1
0.0,4.74869270552344,953.5,12.549019607843135,-0.00014492753623240873,E,2
29.0,1.9444725092421273,1860.5,30.980392156862745,-0.2831327501682208,E,3
0.0,9.485073626281551,0.0,0.0,-0.001448032457037285,I,1
55.0,2.244285898953668,2353.5,24.705882352941178,0.2298853235342342,G,3
8.0,4.028265396989931,964.5,23.137254901960784,0.1395415359907881,J,2
0.0,9.46718470026376,0.0,0.0,-0.7017215638421221,E,1
0.0,9.545574450303281,0.0,0.0,2.7675021865959266,E,1
0.0,0.4198095326551397,959.5,13.333333333333334,-0.0025332783339649945,C,2
0.0,9.068322070051313,0.0,0.0,0.008618741692512533,F,1
0.0,2.0620021485971325,953.5,13.72549019607843,-0.0023974205330137277,E,2
0.0,0.556458369323641,954.5,12.549019607843135,0.0008522456273809542,E,2
0.0,1.632324349795708,953.5,13.333333333333334,0.0007744107744108025,H,2
33.0,0.4334246089734421,2043.0,14.901960784313726,-0.04998414195096859,H,3
35.0,0.4637982489774645,3590.0,43.13725490196078,0.2947830287257744,G,3
0.0,1.794528824155072,0.0,0.0,0.025244232717636983,A,1
0.0,1.030179584017484,952.5,12.549019607843135,-0.0010685529570607644,B,2
19.0,2.622189185814078,954.5,12.549019607843135,-0.5411381684530889,J,2
0.0,9.53719038836703,0.0,0.0,-0.0009701697673394349,B,1
0.0,0.575172437181241,951.0,12.549019607843135,-0.7228086630194938,C,2
0.0,9.5269475623897,0.0,0.0,0.007954084389304006,B,1
0.0,1.0166340887282213,952.0,12.941176470588236,-0.00372868366614143,E,2
0.0,2.074031745888021,946.0,13.72549019607843,0.0005323548255578014,H,2
66.0,2.9648968658457338,4099.0,19.215686274509803,1.1697574968947775,H,3
36.0,1.1582830668216713,943.5,13.72549019607843,-0.09025974025974032,B,2
0.0,1.0827470633065508,952.0,13.72549019607843,-0.0025668873571558226,C,2
22.0,4.261105103705843,2186.5,86.66666666666667,0.15703623745588602,J,3
42.0,1.6655043873537825,2658.0,24.31372549019608,0.14596987160044478,F,3
0.0,1.2250038032537918,945.0,14.117647058823527,0.0064686468646864,F,2
24.0,2.9340506680465195,1509.0,13.72549019607843,0.8577982253086418,D,3
39.0,0.587831428099567,1677.5,16.07843137254902,0.03612593996975061,B,3
0.0,0.5814822495597309,941.5,13.333333333333334,-0.009787482910527001,D,2
0.0,9.54436461809395,0.0,0.0,0.6751694832755735,H,1
30.0,4.74939567061425,3058.0,25.098039215686278,0.7144985324947593,A,3
47.0,1.6977881635248386,2961.5,25.88235294117647,0.3005000785628242,F,3
20.0,3.490844553173957,2058.0,23.137254901960784,1.3685974861790258,B,3
0.0,1.6195319578285172,0.0,0.0,0.001515151515151525,F,1
0.0,9.448903601630041,0.0,0.0,-0.7150043105871771,J,1
23.0,4.134506909937146,948.0,12.549019607843135,0.060670805556969576,C,2
19.0,2.2860120210306913,954.5,12.549019607843135,0.7096084267266454,D,2
0.0,1.6448198770010587,0.0,0.0,-0.0003666666666666818,I,1
0.0,9.064762395555066,0.0,0.0,-0.0015446945337620477,C,1
6.0,3.0773611917749153,955.5,12.549019607843135,0.004106047278724656,J,2
0.0,0.6919217817016268,949.5,14.117647058823527,0.0035601392674713406,B,2
31.0,4.215514586373041,1980.0,19.215686274509803,0.807576951951952,J,3
0.0,9.527653253697371,0.0,0.0,2.10516475974884,E,1
39.0,1.8907737891651406,2449.5,15.294117647058822,-0.6460584902771398,C,3
2.0,1.6634787137474754,952.0,15.294117647058822,-0.12063876251137384,A,2
1.0,1.273787296730859,874.5,26.666666666666668,0.6001922641295729,J,2
36.0,1.172908580500543,1558.5,13.72549019607843,-0.13327184382524948,I,3
0.0,9.062549482698742,0.0,0.0,0.00014536905195505767,B,1
12.0,1.702407232838129,2146.0,24.705882352941178,-0.028153150699853025,G,3
0.0,2.0105694963148215,951.5,13.72549019607843,-0.002406779661016989,J,2
27.0,2.5300901269501215,1056.0,13.333333333333334,-0.9208553548570615,J,2
0.0,9.491661503403686,0.0,0.0,0.000682860198962465,G,1
0.0,0.588885085941599,949.5,12.549019607843135,-6.048565121419269e-05,A,2
44.0,0.6328157919164452,1872.0,17.254901960784313,0.08778621754861099,F,3
0.0,1.0215157504546648,950.0,12.549019607843135,0.001652292495945784,A,2
0.0,9.070221924992058,0.0,0.0,0.002455125203469688,B,1
0.0,9.44696757455803,0.0,0.0,0.7093921357392945,F,1
0.0,4.308744728557086,950.0,12.941176470588236,-0.0023313185429412187,A,2
20.0,0.1782878602460389,959.0,13.333333333333334,0.05007524752475241,H,2
47.0,1.9313828869678402,1961.5,14.509803921568627,-0.8307960393459707,D,3
49.0,0.8359668216360462,3068.5,17.254901960784313,-0.04173633440514479,B,3
0.0,1.9780108214069942,972.5,13.333333333333334,-0.003454214537595285,D,2
0.0,9.496299315478337,0.0,0.0,0.0016697994987469045,E,1
37.0,0.8125390476466919,2304.0,14.901960784313726,0.3090176919331278,J,3
2.0,3.4976857967674504,1801.5,15.68627450980392,0.8282666897466968,C,3
29.0,4.208067275571217,1820.0,16.07843137254902,-0.20243941276992405,J,3
35.0,0.21195007639118793,2181.0,14.901960784313726,0.024093285635663098,E,3
0.0,1.4190455159901638,950.0,14.117647058823527,-0.0014356974424088453,D,2
0.0,9.070819164235152,0.0,0.0,0.004186277181317699,E,1
0.0,1.1768107520359594,955.0,13.333333333333334,0.000584891373988039,I,2
0.0,0.5231198683167956,948.5,12.549019607843135,-0.003985316899036806,J,2
0.0,1.5104389072021003,0.0,0.0,0.0075728438228439,C,1
0.0,1.0402739930033944,950.0,12.549019607843135,0.0065638766519823255,C,2
0.0,9.06906012245781,0.0,0.0,-0.001381487142003035,J,1
13.0,4.519987482255508,1326.5,13.72549019607843,1.2651023769251317,G,2
0.0,1.8507683047324774,941.5,14.117647058823527,-0.014531083670427908,G,2
21.0,1.761018877013357,2115.5,48.62745098039216,-0.0192920795759913,H,3
0.0,8.786745904842101,1381.25,18.431372549019606,0.002223456368193197,E,2
25.0,0.7877744693780568,1564.5,13.72549019607843,-0.16536554690035699,D,3
0.0,9.064862291561155,0.0,0.0,-0.0013387473852586318,G,1
26.0,2.0483475892479315,1657.0,17.647058823529413,-1.3492568306010928,I,3
0.0,9.475280027125214,0.0,0.0,0.6537199646966049,J,1
33.0,1.6893330108871762,2086.5,19.215686274509803,0.5781473086661768,E,3
0.0,1.056349878830335,949.0,12.549019607843135,0.0019175604851903172,D,2
41.0,0.7800460814903546,1761.0,16.470588235294116,0.19599142550911042,F,3
0.0,9.450823669095538,0.0,0.0,-1.4255414578502505,A,1
40.0,3.140780785657288,2457.0,15.68627450980392,-0.5325918457068581,I,3
1.0,1.80471569030582,1283.0,16.470588235294116,-0.030853206147323897,H,2
0.0,0.5177429896862416,946.0,12.549019607843135,-0.003184554007932827,G,2
0.0,0.7335105174372181,946.5,13.72549019607843,-0.00015812203956533377,E,2
57.0,2.0107014458346923,2436.0,19.607843137254903,0.4533956216739239,I,3
0.0,1.8095676608395492,950.0,14.117647058823527,-0.0033430127451865993,B,2
0.0,0.6033717524469085,945.0,12.549019607843135,0.0034564662710357963,E,2
23.0,1.827722979969666,1473.0,13.72549019607843,-0.7302619296412407,E,2
32.0,1.5329965868090394,1976.0,29.01960784313725,-0.21474514895473035,B,3
52.0,0.28499677468119006,2198.0,19.607843137254903,0.09489333617202478,I,3
23.0,2.7014214076098004,2343.0,15.68627450980392,0.03466626096658043,G,3
29.0,4.694577250936832,3001.0,88.23529411764706,-0.09200697411916492,G,3
0.0,1.6629164793968054,0.0,0.0,0.006670730291419902,H,1
0.0,9.037727314184442,0.0,0.0,-0.005951308304891878,I,1
48.0,0.8793082071546781,2961.0,16.470588235294116,-0.020428522417822836,E,3
0.0,1.6244603805097413,948.5,14.117647058823527,0.05447689768976893,H,2
0.0,2.2341423050893754,947.5,14.509803921568627,0.0001226766633743992,J,2
0.0,2.2505880089648835,952.5,14.117647058823527,0.0019186173452384603,A,2
0.0,0.9566061107119691,952.5,13.333333333333334,-0.0014118892379761938,A,2
0.0,9.042656007613754,0.0,0.0,-0.009235008414645307,D,1
0.0,9.068260943283354,0.0,0.0,-0.0013597371151852222,E,1
40.0,0.6830617374571705,2533.0,15.68627450980392,0.13095965309200608,I,3
30.0,0.5028487115822794,1275.5,12.941176470588236,0.1741662366701066,E,2
0.0,1.9953496880845805,953.0,13.72549019607843,-0.0005604468104469795,F,2
36.0,1.7962308418300483,958.0,13.333333333333334,0.028563653954688295,F,2
26.0,2.519232436651716,1689.0,14.901960784313726,-0.15306932021895636,E,3
33.0,1.9522810135855155,2086.5,19.215686274509803,-1.0779691430817613,F,3
1.0,0.6578998301322395,1527.0,21.176470588235293,-1.7704565258649854,H,3
1.0,0.7360583628110765,956.5,13.333333333333334,-0.031054571460006675,B,2
0.0,9.493598523506684,0.0,0.0,-0.001457267777594362,I,1
45.0,0.8901018371905988,2842.5,16.470588235294116,-0.016493506493506505,F,3
0.0,1.6051537296435126,945.0,13.72549019607843,0.0004887458339040973,D,2
15.0,2.0562560616152066,1489.0,9.803921568627452,-1.2648536149724312,E,2
0.0,0.7574693229696814,1200.5,13.72549019607843,-0.6900337695663331,I,2
23.0,2.8098351956726737,2266.0,14.901960784313726,-1.3071438074504107,B,3
0.0,9.450418912123109,0.0,0.0,0.10225204313089029,I,1
15.0,4.63480753252878,943.0,83.92156862745098,-0.12300795807453424,G,2
44.0,1.7963681298773653,2742.5,88.23529411764706,-0.1040613325841059,I,3
19.0,1.7562922879396163,947.5,13.72549019607843,-0.2235915986478687,A,2
0.0,1.5751478031399087,1055.5,19.215686274509803,-0.011043203074227903,A,2
38.0,0.5560938836273744,1606.0,16.07843137254902,-0.1526497436908517,A,3
0.0,9.116481778033132,0.0,0.0,2.3180819692615273,I,1
3.0,2.1175692113834685,1588.0,14.901960784313726,-0.10854451292830031,J,3
0.0,1.8659051447319954,1489.0,16.862745098039216,-1.022500667485449,I,2
44.0,1.6684695482669916,2771.0,87.84313725490196,-0.1810127388535032,D,3
0.0,1.6782645357864734,0.0,0.0,-0.0029430773054934245,H,1
41.0,1.8546631414273305,2554.0,26.274509803921568,-0.08658923441988253,G,3
0.0,1.0448358346707594,967.0,13.72549019607843,-0.0001539080756685074,A,2
25.0,0.9106243007220688,2561.5,16.470588235294116,-0.030193548387096814,J,3
0.0,1.7162231142790718,0.0,0.0,-0.0037480531378836224,A,1
17.0,1.1946342454281658,1144.5,13.72549019607843,-0.005323518140010197,H,2
0.0,1.6047431715984892,1206.5,16.07843137254902,-0.015039670396922555,C,2
0.0,9.451126487325118,0.0,0.0,-0.785120338226039,C,1
13.0,0.9043754192139616,947.5,12.15686274509804,-0.040300247262451405,H,2
0.0,1.5058380886315303,0.0,0.0,-0.0022100036277888924,B,1
1.0,0.7847807197769067,874.5,26.666666666666668,-0.19278908826010277,E,2
91.0,3.1323915031129643,3867.5,87.84313725490196,0.36753923188623505,G,3
0.0,2.007065447470022,928.0,13.333333333333334,-0.0007118644067797275,B,2
56.0,1.0007747019469266,2370.5,15.68627450980392,-0.05819207937952253,B,3
22.0,0.5026195428141444,1366.0,18.431372549019606,0.04104290429042906,I,2
22.0,1.567520372583152,951.0,12.549019607843135,0.9400937791092876,H,2
43.0,0.41864871213106214,1466.0,13.333333333333334,-0.05516290492096689,D,2
0.0,1.9345845497968464,945.5,13.72549019607843,0.05348490478925261,A,2
86.0,1.2522176294194856,2884.0,16.470588235294116,-0.2372621807266243,H,3
48.0,1.963893510807344,2052.5,20.0,0.10640555646884775,G,3
0.0,9.064644221471031,0.0,0.0,-0.0015390200435634327,F,1
0.0,9.041484626401408,0.0,0.0,-0.010012528384621522,B,1
55.0,1.5383311106019015,2362.0,23.137254901960784,0.10131800961446624,J,3
0.0,1.4403045426767858,951.0,12.549019607843135,-2.3831337390700646e-05,C,2
0.0,8.030732020235156,0.0,0.0,0.0018462901439648682,A,1
0.0,9.488061673987438,0.0,14.117647058823527,-0.0015458937198067,H,1
6.0,2.7988782272245265,1209.0,9.803921568627452,0.22116883116883124,G,2
0.0,0.9920976141936005,940.5,13.72549019607843,-0.0006253167122731718,B,2
0.0,0.4803690318175855,949.0,14.117647058823527,-0.0025076729271644727,C,2
30.0,1.73194979264335,1898.5,20.0,0.10539473684210532,G,3
25.0,0.5186815275324925,2517.5,18.431372549019606,-0.6484185303514377,D,3
43.0,0.6832010904241483,1872.0,15.68627450980392,-0.14645862228386503,G,3
11.0,1.8569784991505478,2084.0,18.03921568627451,-0.011987540192926083,I,3
42.0,4.437280550837993,1785.5,14.509803921568627,0.5766402445541807,G,3
0.0,9.071327971932773,0.0,0.0,0.0020911616161614077,E,1
55.0,2.4508591306959335,3440.5,18.03921568627451,0.07428045886075929,H,3
0.0,1.754427606115951,0.0,0.0,0.012996632996633,D,1
16.0,2.033054730524507,951.0,12.549019607843135,-1.1442620626729192,B,2
19.0,3.8003149271556693,1875.5,18.03921568627451,-0.15676819319047097,A,3
0.0,1.9917259521615869,1046.5,13.333333333333334,-0.0020444023924576227,C,2
0.0,9.446400172337334,0.0,0.0,1.364630609690685,F,1
23.0,4.339612667580952,1486.5,19.215686274509803,-1.585064614361022,G,2
0.0,9.467431249162832,0.0,0.0,0.004678111587982925,D,1
46.0,4.444577877360474,2843.5,24.705882352941178,-0.03828401327347297,G,3
0.0,1.2425745367290872,941.0,12.941176470588236,-0.0007537342101099354,A,2
36.0,1.8255623053996046,2264.5,21.56862745098039,-0.17749639693210106,C,3
54.0,1.8456041122902844,2296.0,15.294117647058822,0.381238689516727,I,3
0.0,9.033226233623228,0.0,0.0,-0.011985849056603826,D,1
33.0,0.9224806027576954,1411.5,13.333333333333334,0.1508611014397772,G,2
5.0,1.8093524002307024,1660.5,21.176470588235293,-0.06914542227789955,E,3
37.0,4.089355746529569,2316.0,15.68627450980392,0.2550698236854423,D,3
10.0,0.6034700376492573,946.5,13.72549019607843,-0.028433353139235493,H,2
124.0,4.32137294923727,5225.5,88.23529411764706,-1.2200232863625509,C,3
0.0,9.442291469348744,0.0,0.0,0.06316843792172727,I,1
46.0,4.401052602562452,2851.0,88.23529411764706,-0.5036610239228826,H,3
48.0,1.3224706550798573,2021.0,14.901960784313726,0.026913124431373503,J,3
0.0,1.0435983740491277,953.0,12.549019607843135,-0.0003939156046256498,G,2
29.0,3.2563948280259547,1141.0,20.0,1.6425640394088674,J,2
54.0,1.9414893582930546,1839.5,16.470588235294116,-0.03906084264900134,E,3
0.0,0.31878255958093066,945.5,22.745098039215687,0.025012152429370993,C,2
0.0,3.0205217353783884,952.5,12.549019607843135,0.026054264812729766,B,2
0.0,9.494966810592668,0.0,0.0,-0.009098762038564079,G,1
0.0,1.722188764556356,956.0,14.117647058823527,-3.389830508471192e-05,C,2
61.0,0.8377634286752339,2058.5,19.607843137254903,-0.013648082500805736,F,3
17.0,4.983664715554907,3025.0,29.01960784313725,-0.4832817337461299,J,3
43.0,4.102606208385157,2678.0,16.07843137254902,0.4664943518390974,B,3
38.0,1.827751189970726,2415.0,30.588235294117645,0.17965433385443808,J,3
23.0,1.9019956487108447,2348.5,16.07843137254902,0.19356110033503782,J,3
45.0,0.5404565936594655,1911.0,14.509803921568627,0.003162549264635217,B,3
0.0,9.518580364413427,0.0,0.0,-1.6051375598086124,G,1
1.0,2.2371573856654057,947.5,12.549019607843135,0.6930132394838275,F,2
0.0,0.5831178452902339,953.5,12.549019607843135,0.0013215634635497242,H,2
0.0,3.1732539769048125,953.5,12.549019607843135,0.733580965688557,A,2
0.0,9.066174251871907,0.0,0.0,0.00039737307064058314,B,1
32.0,2.2001955066961774,3294.5,34.90196078431372,-0.5110383273200447,I,3
0.0,9.485716805059335,0.0,0.0,0.5843054989816701,I,1
57.0,1.2719882218088323,2473.0,15.294117647058822,-0.013293350036538198,B,3
0.0,1.7083340390020136,0.0,0.0,0.003473436829141474,J,1
44.0,2.4508623254339335,2748.0,65.88235294117646,-0.03703985783193697,H,3
68.0,0.7926306707461269,2867.0,27.84313725490196,1.2272369403759178,H,3
0.0,0.8886085307842081,955.5,14.117647058823527,0.005878378378378402,A,2
43.0,1.0991027040682166,2659.0,23.137254901960784,-0.00968171173089205,I,3
38.0,1.7623195690832694,2417.5,27.45098039215686,0.0010320261437908873,A,3
24.0,3.849543502973402,2468.0,18.03921568627451,0.647316908594187,A,3
37.0,1.5049179061271156,2331.5,15.68627450980392,0.1518354430379747,A,3
27.0,0.8610661408868097,2766.5,19.607843137254903,-0.2816916103317572,E,3
18.0,3.516871346694389,997.0,12.941176470588236,0.5880434188034185,G,2
14.0,1.0194842785425153,1510.0,17.647058823529413,1.008841151484068,G,3
0.0,1.6151592873778722,1196.5,16.07843137254902,-1.1098728813559324,J,2
15.0,0.874703742989898,948.5,12.549019607843135,0.0883234901479148,F,2
0.0,8.07244208414783,0.0,0.0,0.0022368653421636076,A,1
12.0,3.424489776161706,904.0,21.96078431372549,0.7114476817481434,H,2
0.0,0.9181787732148865,949.5,12.941176470588236,0.23080748074807486,H,2
0.0,2.221402765846311,949.5,12.549019607843135,1.431231311975592,G,2
64.0,1.5995606449368653,2719.0,33.72549019607843,-0.08908853258975259,I,3
26.0,0.3088633395208955,2599.5,16.862745098039216,0.2350583067092651,G,3
0.0,1.9790378258910377,951.5,14.117647058823527,-0.00024154256297109766,C,2
42.0,1.1383987916415363,2615.0,82.74509803921569,-0.07505659363085232,D,3
0.0,1.5665938305186249,944.0,13.72549019607843,0.004101694915254209,I,2
16.0,0.8751441144117241,1123.5,13.333333333333334,0.14366940198780587,C,2
45.0,0.32506737582865036,1911.5,14.509803921568627,0.0044247685185185015,I,3
28.0,3.169131833192523,2809.0,16.470588235294116,1.930197876447877,H,3
31.0,2.049386509811484,3139.5,26.666666666666668,0.08334440540828325,J,3
0.0,9.53143824864904,0.0,0.0,0.7078631983648043,E,1
0.0,9.453076598022797,0.0,0.0,-0.40985645979703356,G,1
29.0,5.429605798660452,2657.0,16.07843137254902,-0.8540040357872218,B,3
0.0,2.238672800934453,951.5,13.72549019607843,-0.003456375838926329,E,2
13.0,3.6533642690625125,1326.5,13.72549019607843,0.8949286262817902,B,2
0.0,1.6868420148154961,958.5,13.333333333333334,0.011160750853242404,D,2
0.0,9.477142617266024,0.0,0.0,2.0791079590228527,B,1
0.0,1.0414330530577716,951.5,12.549019607843135,0.003014014216686789,D,2
43.0,0.8236103724341033,1826.0,16.470588235294116,0.06751355440675832,F,3
0.0,9.069905603420505,0.0,0.0,-0.0026706484641638717,C,1
30.0,0.5741663926088617,1275.5,12.941176470588236,-0.1078315615196932,H,2
42.0,0.7291959096581471,2633.5,23.92156862745098,-0.11605556352018354,G,3
32.0,5.080547406153478,3221.0,29.80392156862745,0.11027662835249163,E,3
28.0,2.5992423842547825,2783.0,33.72549019607843,-0.023428075127564896,F,3
0.0,1.7692166254358772,0.0,0.0,-0.007305502421781497,C,1
12.0,2.2351068269524603,2239.5,22.352941176470587,0.031891278785419086,G,3
0.0,2.3545250806575826,951.5,12.549019607843135,0.003478646798989571,C,2
11.0,2.4369388661880853,955.0,14.117647058823527,-0.030188679245283012,I,2
13.0,1.738764224779605,1405.5,18.03921568627451,0.030738290073733188,G,2
22.0,3.239120219519036,2257.5,14.509803921568627,0.10457343526039198,I,3
0.0,2.007828150446128,952.5,13.72549019607843,-0.0009775570645136344,A,2
0.0,1.03744687136075,948.0,12.941176470588236,0.001081677704194206,E,2
0.0,1.6079172870486564,953.5,14.117647058823527,0.0021892078865444198,G,2
58.0,1.9418831853434946,2437.5,20.7843137254902,0.1756662939520396,G,3
0.0,1.6591954854502242,950.0,13.72549019607843,0.0017336631622345972,I,2
43.0,0.6194164911425496,2672.0,27.84313725490196,-0.41294598802879556,H,3
0.0,0.779223943378259,951.5,12.549019607843135,-0.0018655097613883287,J,2
0.0,9.472931013642452,0.0,14.117647058823527,-0.0049153757888697955,G,1
0.0,0.588727943990034,950.5,12.549019607843135,-0.0002061989950553622,D,2
0.0,9.035831441115102,0.0,0.0,-0.009259502109151718,I,1
0.0,9.493135362684232,0.0,0.0,-1.1717096637609004e-05,F,1
41.0,1.720757072396478,2576.0,21.96078431372549,-0.12372578118558819,J,3
0.0,9.506516151113953,0.0,0.0,-0.8629008393519424,H,1
34.0,3.1385089217882167,2142.0,28.235294117647054,0.9320600445306324,C,3
0.0,9.451459896493223,0.0,0.0,-0.8047577488360599,I,1
28.0,2.8745800585247907,2874.5,21.96078431372549,1.3507210031347965,C,3
0.0,1.0579301320667256,954.5,12.15686274509804,-0.0009757411462134602,I,2
9.0,0.760710091032494,1220.5,17.647058823529413,-0.10179199154222285,A,2
16.0,1.9353050822154247,1631.5,16.862745098039216,-0.6599541284403669,A,3
6.0,1.878191639128186,958.5,14.117647058823527,0.06531051180161984,B,2
0.0,1.0584064219631368,943.5,12.549019607843135,0.0011783733386608874,E,2
0.0,8.942789164280484,0.0,0.0,-0.014851656963725812,D,1
22.0,3.5653825230771083,956.0,12.15686274509804,-0.3171445874675958,E,2
27.0,1.9031841463144452,1754.0,14.509803921568627,1.3450856918238996,B,3
0.0,0.9869879812423501,954.0,13.72549019607843,0.0010544217687074031,C,2
0.0,8.894110227436617,0.0,0.0,-1.08993399339934,B,1
51.0,1.195710919015353,3146.5,16.470588235294116,0.2645686100688571,F,3
0.0,9.486603061319512,0.0,0.0,0.7003423814990979,F,1
0.0,1.990924045020504,952.0,14.117647058823527,0.001265690981662626,H,2
2.0,1.5692618220434709,1346.5,16.862745098039216,0.002472630173564805,I,2
57.0,4.9745101703121,5698.0,86.66666666666667,-0.08105534039427598,C,3
33.0,1.9602905613071469,3400.0,27.058823529411764,-0.021305024769993075,B,3
0.0,1.0959777091107368,958.0,13.333333333333334,0.0007145413870245365,D,2
0.0,9.501037756515796,0.0,0.0,-0.7725265264529141,H,1
3.0,2.455752215475854,1364.5,20.0,-0.13433638583638574,H,2
0.0,9.038232158771082,0.0,0.0,-0.009182382255227495,E,1
47.0,2.175674533796657,2943.5,36.86274509803921,-0.06801833948798802,D,3
38.0,0.9477052437120691,2401.5,17.647058823529413,-0.2533964000169212,A,3
0.0,1.6436335500639219,0.0,0.0,0.002371779813640229,D,1
0.0,3.106716592858703,958.0,12.941176470588236,0.009992328175888243,J,2
0.0,9.493933873178275,0.0,0.0,0.00023935999117741247,H,1
35.0,5.257247301913122,2209.5,43.92156862745098,-0.9351901624945098,E,3
0.0,1.6868814249806356,949.0,14.117647058823527,0.0028538812785388057,F,2
15.0,2.011392389164115,1514.0,18.431372549019606,0.0616444215570876,B,3
0.0,2.0093431457584074,949.0,13.72549019607843,-0.001685035128279888,I,2
0.0,0.5758720871967639,954.5,12.15686274509804,0.0025179856115108423,J,2
31.0,1.445031968224784,954.5,12.941176470588236,-0.006905298298072793,A,2
5.0,2.460267087362485,1100.0,12.941176470588236,1.0883917240061163,D,2
0.0,9.516569505582241,0.0,0.0,0.020763118440779493,C,1
4.0,1.8905366578127047,1841.5,22.745098039215687,-0.40174630062305305,A,3
18.0,3.5738718982804825,1793.5,15.68627450980392,-0.8904075235109719,D,3
4.0,0.9815077170092842,961.0,13.333333333333334,0.026908420996422378,F,2
0.0,1.0271677600487432,948.5,12.549019607843135,0.00019688291969499616,F,2
15.0,2.810905576631997,1476.0,19.215686274509803,1.1567903675215354,E,2
16.0,2.6005627310695734,951.0,12.549019607843135,0.02347522965879234,B,2
58.0,2.8737809571129165,3561.5,17.647058823529413,-0.1326897729555958,E,3
8.0,1.07018969937755,951.0,14.117647058823527,-0.044124475524475515,G,2
22.0,1.62795045794403,2174.0,30.588235294117645,0.1886303273782347,D,3
26.0,0.5517669286953636,1569.0,14.509803921568627,0.08242337393519632,E,3
0.0,1.1930196226416847,951.5,13.72549019607843,-0.2707977284460505,J,2
11.0,2.011861080026145,1141.0,16.470588235294116,1.5662899203845577,D,2
0.0,0.5517017114565436,949.5,12.549019607843135,1.0907739552369295,F,2
0.0,1.2999083298821306,0.0,0.0,-0.04710835959498011,C,1
0.0,9.06679730127065,0.0,0.0,0.0008879623980297957,D,1
0.0,1.6241457831106727,945.5,14.117647058823527,-0.004406473998995505,A,2
0.0,6.528737257438245,0.0,0.0,-0.49425471102901464,F,1
0.0,1.036166282896621,956.5,12.549019607843135,-0.002216465627827957,A,2
49.0,5.007551259761664,4918.0,88.23529411764706,-0.12187244496855376,D,3
0.0,9.527493559364332,0.0,0.0,-0.0032892179704278046,C,1
38.0,1.7387302344646758,2417.5,27.45098039215686,0.08533400154524001,D,3
64.0,1.630267461121133,2719.0,33.72549019607843,-0.17735385948732751,C,3
57.0,4.786203877168005,5698.0,86.66666666666667,-0.11258785942492011,A,3
51.0,2.5185870242799866,1720.5,14.117647058823527,0.04116200264577191,C,3
47.0,0.78811593572463,2436.5,15.68627450980392,0.09960163850486439,D,3
0.0,1.3200493542681688,952.0,12.941176470588236,-0.0041907840336765645,J,2
0.0,9.040445640502956,0.0,0.0,-0.008457912457912276,F,1
0.0,9.491077088825103,0.0,0.0,0.004167449571704895,D,1
0.0,9.492859980328829,0.0,0.0,0.0028079400789671194,C,1
0.0,9.442888015301083,0.0,0.0,-0.052516638676369895,B,1
0.0,1.1783636677158447,949.0,12.15686274509804,-0.0021562037142532076,H,2
44.0,2.2378152019968143,2775.0,16.07843137254902,-0.17254107704402522,F,3
27.0,1.7107831954880868,2756.0,20.0,-0.16082723338860366,C,3
24.0,0.7825467708299043,1520.5,16.862745098039216,0.045026685643124065,B,3
53.0,1.8788589625120813,1778.5,15.294117647058822,0.8932482148077003,F,3
0.0,1.0968325522358762,948.5,12.549019607843135,-0.004373221906116553,A,2
0.0,9.533327521811335,0.0,0.0,0.7655280845745939,F,1
52.0,0.9410583143301001,2219.0,17.647058823529413,-0.30093472317156533,G,3
0.0,9.532599875865893,0.0,0.0,1.4665765674563003,J,1
0.0,9.474588613140263,0.0,0.0,-0.6819200982294251,C,1
46.0,4.011317043420743,2843.5,25.88235294117647,-2.2715178591313414,E,3
5.0,1.0650104299599166,1316.0,12.941176470588236,-0.15609591354272212,B,2
0.0,9.06763335489656,0.0,0.0,-0.000261514824621667,G,1
24.0,1.8884055344202366,2453.0,30.19607843137255,0.18568627450980402,F,3
0.0,1.0664557886717472,940.5,13.333333333333334,-0.007973199709776835,C,2
0.0,2.253483835005505,943.0,14.117647058823527,-0.003918918918918934,H,2
0.0,9.476418487901508,0.0,0.0,-1.5283708822309652,I,1
47.0,5.239529361429934,2010.0,15.294117647058822,-0.8401304575757713,A,3
1.0,0.35894824755737803,951.0,12.15686274509804,-0.00036005695816282435,D,2
0.0,4.034853867615448,946.0,12.941176470588236,0.08032791310356746,F,2
0.0,1.6341858991499072,953.0,14.117647058823527,0.0039993133845711015,H,2
0.0,9.466500657188224,0.0,0.0,-0.6887978407557355,A,1
14.0,2.5087084498444296,2522.0,24.31372549019608,-0.29227782712117023,E,3
52.0,1.0596657418457762,1735.5,14.117647058823527,0.08543572203903571,G,3
12.0,3.2609547747598358,1265.5,16.862745098039216,0.8473698014707742,E,2
0.0,1.267933208428887,948.5,12.549019607843135,-0.07869594099321975,B,2
0.0,0.5716683096316517,949.0,12.549019607843135,0.002348512862401897,J,2
55.0,0.8042919889803586,1865.5,21.96078431372549,0.013342677522415802,B,3
0.0,0.560932511294752,948.0,12.549019607843135,1.0993796046271291,I,2
0.0,2.2536801576963224,952.5,14.117647058823527,-0.0006318480231524148,I,2
46.0,1.6117014981016384,2843.5,25.88235294117647,2.1936894103727074,J,3
0.0,9.085687972227934,0.0,0.0,-0.010781674085332593,I,1
0.0,1.1360590288837247,948.0,13.333333333333334,0.0011365331163988301,B,2
0.0,1.8342304379469376,951.5,14.117647058823527,0.007936867250597196,F,2
19.0,5.005921831948825,1862.5,87.84313725490196,0.32150610500610455,F,3
0.0,1.1879981774796768,955.0,13.333333333333334,-0.001991845293569383,F,2
0.0,9.497118965861736,0.0,0.0,-0.0017803751803752155,F,1
0.0,1.5433063648678274,951.5,13.72549019607843,0.0009590010500845,D,2
1.0,1.106385776749103,1136.5,15.68627450980392,0.011736118455843436,A,2
0.0,2.0476852903586225,948.0,13.72549019607843,0.0006016334044016691,H,2
0.0,9.493072442819706,0.0,0.0,-0.009918595818271037,A,1
0.0,9.496513288974679,0.0,0.0,0.7699568070345986,A,1
42.0,4.791314767604823,4147.0,19.215686274509803,-1.5340752351097178,H,3
0.0,1.6103418822273525,951.0,13.72549019607843,0.008797925897474593,D,2
15.0,1.2001366332943226,934.0,13.333333333333334,0.5348460451704051,B,2
24.0,1.3205884159097978,2531.0,23.52941176470588,0.1038908382066277,B,3
27.0,2.5013257598507863,1700.0,25.098039215686278,1.447361910241657,I,3
0.0,1.712323769077542,0.0,0.0,-0.01443229774625121,C,1
21.0,1.6930761496108888,2098.5,18.823529411764707,-0.2515302298467689,E,3
0.0,1.9826421461460249,1022.0,26.274509803921568,-0.1026780056328111,B,2
0.0,1.0260475508624847,951.0,13.333333333333334,-0.0020227277226742,E,2
25.0,5.378094596844661,3801.0,43.13725490196078,1.158238889546118,B,3
0.0,9.068566457592878,0.0,0.0,0.0013884981951588493,I,1
8.0,0.2978294956316351,1113.5,14.117647058823527,-0.06113048324178011,E,2
21.0,2.9328971038553484,1361.5,17.647058823529413,-0.35201923076923114,H,2
0.0,2.0486071740306895,948.5,14.117647058823527,-0.0012206540288732803,F,2
0.0,1.7186395274860036,956.0,14.117647058823527,0.0012790062790062895,B,2
0.0,1.9795772426548441,943.0,13.72549019607843,0.00040268456375838757,H,2
13.0,2.680833584709915,2410.5,22.745098039215687,-0.5918452236512172,D,3
49.0,1.7689963737441579,2102.5,19.215686274509803,0.17662607996785218,F,3
35.0,1.5082879811839456,2216.5,13.333333333333334,-1.3729887930339433,H,3
25.0,4.435310934070418,2572.5,37.64705882352941,0.9162726542093632,I,3
0.0,3.090057212915895,947.0,12.549019607843135,0.0026246863750407634,H,2
0.0,3.8747906364185813,944.0,12.549019607843135,-0.0029803113553114047,D,2
33.0,4.586378232049315,951.0,12.941176470588236,-1.1432743977457638,G,2
0.0,1.0445575454150386,967.0,13.72549019607843,-0.003654445732685363,B,2
50.0,1.7706031227477312,1705.5,14.117647058823527,0.17554858934169287,I,3
0.0,2.0100311758000027,948.0,13.72549019607843,0.001677852348993203,A,2
51.0,5.142458970694654,2156.5,20.0,-0.6674752534542501,B,3
0.0,9.528276538416225,0.0,0.0,1.4081699392239364,F,1
3.0,2.0644929235376517,971.5,12.941176470588236,-0.02712614318197737,B,2
0.0,0.5744257853013808,948.5,12.549019607843135,0.0012227429433312453,B,2
36.0,2.800284802487403,2280.5,15.294117647058822,-0.08207184554096125,C,3
0.0,1.4499881723549675,948.5,14.117647058823527,1.088858569985408,G,2
0.0,1.6336204761386994,957.5,13.72549019607843,-0.0017508417508417806,F,2
24.0,1.1614259259808124,2406.5,26.274509803921568,-0.2277648819877085,D,3
0.0,3.3244972531832295,951.0,12.549019607843135,1.428146881942848,H,2
10.0,3.0364059295014694,1094.5,76.86274509803921,1.6436013125512718,A,2
1.0,1.8565467053882094,950.0,14.117647058823527,0.006105016722408041,I,2
19.0,0.7161011583474335,1010.5,12.15686274509804,0.11280201863354045,B,2
0.0,0.7808824798938683,946.5,12.549019607843135,-0.00672711288669714,I,2
13.0,0.9247378256002694,947.5,12.15686274509804,0.016677631578947305,F,2
0.0,9.449091366804872,0.0,0.0,-1.4116818333461645,J,1
0.0,9.455319124997969,0.0,0.0,-0.7906836770157553,G,1
0.0,0.520608025895779,946.5,12.549019607843135,0.0013027027027027183,I,2
26.0,1.847551025071786,2599.5,16.862745098039216,0.6261547173627264,F,3
2.0,0.5106989241167161,1200.0,13.333333333333334,1.0509189481680352,F,2
32.0,2.5905477300027586,3143.0,17.647058823529413,0.21350454397120355,F,3
16.0,1.9893613537271515,1662.0,18.823529411764707,-0.21008267405063297,D,3
6.0,1.993554652671253,963.0,18.823529411764707,0.1609315539379232,D,2
49.0,0.845874500966133,2101.0,18.823529411764707,-0.3265216263873043,D,3
0.0,2.0087016081340834,943.0,13.72549019607843,0.0007770270270270885,E,2
34.0,1.9114356208578123,2839.5,23.137254901960784,0.0989466641772466,C,3
0.0,9.115768742749125,0.0,0.0,0.00016717816184774748,D,1
0.0,1.0418592516257368,947.5,12.941176470588236,-0.0038145444714786647,J,2
24.0,1.6309053330017045,2464.5,16.470588235294116,0.1987187780772687,I,3
31.0,1.8152194438611375,1942.0,21.96078431372549,0.12539109377678725,G,3
0.0,9.068000590141585,0.0,0.0,0.0013468013468016515,I,1
0.0,1.4768327616886654,959.5,12.549019607843135,-0.00016088610427400507,A,2
40.0,4.272936440504049,3998.5,41.96078431372549,-0.5034151341453703,G,3
26.0,1.686580296330709,948.0,12.15686274509804,-0.6511330606114503,I,2
0.0,9.528297084965368,0.0,0.0,0.003037318290301405,B,1
0.0,1.6228890383497414,956.0,13.72549019607843,-0.005830508474576293,J,2
28.0,2.492524652314309,2840.5,26.274509803921568,1.2308642078393017,J,3
21.0,1.753085482891547,1377.0,14.117647058823527,-0.026644457135605093,B,2
0.0,2.252690511469872,952.5,14.117647058823527,-0.00044067796610169907,B,2
16.0,1.9029967627424031,3013.0,16.07843137254902,-0.0664548494983278,I,3
0.0,1.0178146167897504,952.0,12.549019607843135,0.0017890930474883104,H,2
22.0,1.7969441346378352,2271.5,21.176470588235293,-0.4599006147126622,D,3
0.0,9.539179228133655,0.0,0.0,1.555778127655865,I,1
33.0,2.0842148309547968,2022.5,32.549019607843135,-0.4771069182389937,H,3
48.0,1.8084103241971197,3005.5,88.23529411764706,-0.0012465166130761762,I,3
0.0,1.7973175002964346,0.0,0.0,-0.10323566995253741,D,1
0.0,9.06276594715255,0.0,0.0,-0.000438953982000001,B,1
0.0,1.0609979263424987,950.5,12.549019607843135,-0.006509372504518107,I,2
21.0,3.8671597349038556,948.0,12.941176470588236,-0.8058143641474769,E,2
0.0,1.9792607693915356,950.5,13.72549019607843,-0.004707666850524095,E,2
0.0,1.320938017503471,943.0,14.509803921568627,0.0005566077441077066,J,2
7.0,1.6726627254697035,951.5,14.509803921568627,0.1444063777238651,B,2
49.0,3.7925076230330172,952.0,12.941176470588236,0.9883601257206909,G,2
18.0,2.7610425979628026,1811.0,20.392156862745097,1.456008818342152,B,3
0.0,2.2352893065744985,944.0,13.72549019607843,-0.004740746560122133,G,2
40.0,2.552398089807455,2457.0,15.68627450980392,0.2261813023292727,D,3
48.0,1.791151806937846,2052.5,20.0,0.2214285714285714,D,3
40.0,0.8231473536044782,2474.0,15.68627450980392,-0.054349841154944345,D,3
40.0,2.315423651654734,3998.5,41.96078431372549,-0.5791536949685536,E,3
21.0,2.4114442255626964,2165.5,76.86274509803921,-0.04219613719613724,C,3
40.0,3.8431201956534156,952.5,12.941176470588236,0.10906884931131122,C,2
0.0,0.5992456902239954,946.5,12.549019607843135,-0.005144760250762381,I,2
0.0,5.449042132013178,949.5,12.549019607843135,0.052635349335090176,B,2
0.0,0.4861344739579719,948.0,12.15686274509804,-0.00016597274361257464,C,2
0.0,1.7362138644578036,947.0,14.117647058823527,-0.0010215679255415056,H,2
0.0,4.810065622697525,949.5,13.333333333333334,-0.5219097508044594,B,2
43.0,2.4217411683346692,2693.5,16.470588235294116,-0.31605282375851995,J,3
26.0,0.8358243880096817,2644.0,30.980392156862745,-0.04030837440591439,A,3
0.0,9.525490294574912,0.0,0.0,1.4756821106821107,I,1
20.0,4.670840319129886,954.0,12.549019607843135,-0.6996102081118036,I,2
25.0,1.1930614591255109,958.0,12.15686274509804,-0.9752560955653741,J,2
7.0,2.833150247903171,1359.0,22.352941176470587,0.04039412083827276,J,2
43.0,1.4356147551636405,2711.0,52.94117647058823,0.07265609189929179,G,3
0.0,2.0043791993500517,957.0,13.72549019607843,-0.0028643097643099025,E,2
0.0,0.46322247234875036,953.0,12.549019607843135,-0.0049085585585584846,D,2
0.0,9.503476353972234,0.0,0.0,0.5955418537425424,J,1
1.0,1.5288138512609626,948.0,13.72549019607843,0.024839354796406865,J,2
0.0,8.197101637835543,0.0,0.0,-0.15272945024448203,C,1
27.0,1.610604866223201,1687.0,14.901960784313726,0.2343287964763303,H,3
7.0,2.1858215038859794,955.0,13.72549019607843,0.07640933053317334,E,2
0.0,0.9605744767930064,952.5,13.333333333333334,-0.0031272603593901493,G,2
0.0,1.630944826711737,0.0,0.0,-0.0013562913907284035,F,1
1.0,2.896327214978904,947.5,12.549019607843135,0.7254750936615948,D,2
0.0,1.5555720956265235,950.0,13.333333333333334,0.003850786405134199,B,2
11.0,2.4506326412953205,2259.5,27.45098039215686,-0.12242852636144952,C,3
0.0,9.064477423403279,0.0,0.0,0.0006220750551872989,F,1
0.0,1.4903996106282524,0.0,0.0,0.005588382006167306,C,1
0.0,9.490932828518453,0.0,0.0,-0.0027169120587999807,C,1
11.0,3.867143513045346,955.0,14.117647058823527,0.4132230863854609,E,2
40.0,1.5328968451315093,2493.0,25.49019607843137,0.486640077175221,E,3
14.0,2.0906336023056613,1431.0,20.392156862745097,0.11312764427145028,C,2
53.0,3.5460908358106553,1369.5,13.72549019607843,-0.17809532232704361,J,2
0.0,2.0087425586416123,949.0,13.72549019607843,0.0011992094134952724,F,2
44.0,1.0652104838179328,1479.5,13.72549019607843,0.0015423243965589084,C,2
0.0,9.54016392066994,0.0,0.0,-0.004895010269421407,J,1
0.0,2.065630362476348,946.0,13.72549019607843,0.003314065726856441,A,2
0.0,9.496212547117704,0.0,14.117647058823527,-0.003817218697246702,F,1
0.0,0.5459120680219244,951.0,13.333333333333334,0.0023993552638026383,J,2
0.0,9.484051100985713,0.0,14.117647058823527,0.0004578313253011945,A,1
52.0,1.642220719301918,1751.5,14.901960784313726,0.1844538769714489,B,3
0.0,1.0627096967993814,937.5,13.333333333333334,0.003919132445154072,A,2
56.0,0.9135607372478066,2366.5,22.745098039215687,-0.12156931575008179,E,3
0.0,9.488409527584512,0.0,0.0,0.657709064794127,A,1
19.0,2.446122136098928,951.5,12.941176470588236,0.34053168214075313,F,2
17.0,2.1210756068082244,1063.0,14.509803921568627,-1.0573097043437378,E,2
20.0,0.9275216271411275,1243.5,12.941176470588236,0.033322981366459614,F,2
0.0,4.649890837539246,950.0,12.549019607843135,0.01487162813216436,G,2
27.0,3.702738940094141,2797.5,19.607843137254903,-0.077696770529049,J,3
5.0,1.8985002649764637,949.0,13.333333333333334,-0.08182632979016968,A,2
14.0,1.9415821566055558,2234.0,15.294117647058822,-0.09072185135736544,G,3
52.0,1.4907928307547587,2199.0,24.705882352941178,-0.08422798861285774,F,3
0.0,2.011215021366759,943.0,13.72549019607843,-0.0027027027027027306,A,2
52.0,1.6295644278528276,3264.5,23.52941176470588,-0.07335361895488471,E,3
44.0,1.8763880256015626,1856.0,14.509803921568627,0.037948200008460775,D,3
0.0,9.535872310497728,0.0,0.0,0.699234558686322,C,1
36.0,5.247925479905721,1541.0,13.72549019607843,0.08454354569315115,I,3
13.0,1.9238909949051204,955.0,13.72549019607843,-0.9105267095615742,A,2
0.0,9.495827628452474,0.0,0.0,-0.003701539737174575,D,1
12.0,0.5621019185996646,946.5,13.333333333333334,-0.028400059710404504,F,2
37.0,2.676221734883103,977.5,13.333333333333334,1.271513084265965,J,2
0.0,1.284327597077909,953.5,12.15686274509804,-0.001750343563902912,A,2
0.0,0.5205718777144359,943.5,12.549019607843135,0.01448759114322029,A,2
54.0,1.1524928361712428,956.5,13.333333333333334,-0.035306058320764194,F,2
0.0,2.0221881223160088,0.0,0.0,0.0010425281901791997,H,1
0.0,1.6111603347521632,949.0,13.72549019607843,-0.004107744107744102,J,2
0.0,1.6052417803466767,1196.5,16.07843137254902,0.023640939597315502,J,2
0.0,1.6085206606066322,1189.5,15.68627450980392,0.0013100494524903583,F,2
24.0,1.862583628222422,1525.0,88.23529411764706,-0.030842154713435606,J,3
0.0,0.9358597889467786,948.0,12.549019607843135,0.00016439483814734146,E,2
0.0,0.5997677762486786,951.0,12.549019607843135,-0.0010715902659874654,D,2
0.0,9.458809588442126,0.0,0.0,-1.3852953586497891,F,1
0.0,1.6055144749057695,945.0,13.72549019607843,-3.367003366999688e-05,A,2
0.0,9.50496773444234,0.0,0.0,-0.7081098804744105,A,1
0.0,1.7006173325679248,0.0,0.0,-0.0018794947380413006,F,1
5.0,5.5507839619849495,950.5,12.549019607843135,0.017287665386256812,A,2
30.0,1.7053843638483068,1894.0,20.0,0.028796097001004384,J,3
8.0,1.862401771146723,1448.5,19.607843137254903,-0.055449703175208365,D,2
1.0,1.296221412853056,1120.0,11.76470588235294,0.07736181487001154,B,2
12.0,4.68653169203212,947.5,12.549019607843135,-0.43161536382473953,B,2
54.0,1.763256100786419,2273.0,16.07843137254902,-0.661176435130302,D,3
28.0,5.175574953212125,2840.5,26.274509803921568,-2.297617731095818,F,3
0.0,9.115360381744127,0.0,0.0,-0.0013873211425377008,H,1
3.0,4.4193910578601185,1452.0,24.31372549019608,0.03150516834315353,J,2
0.0,9.528244692418946,0.0,0.0,2.301534788503689,A,1
0.0,9.52893980316805,0.0,0.0,-2.269837433410693e-05,H,1
0.0,9.088764980735796,0.0,0.0,-0.007887332855274654,G,1
0.0,1.2216065258014013,950.5,14.117647058823527,0.00608623453962448,H,2
0.0,8.893498003069999,0.0,0.0,-1.0840557963521154,D,1
0.0,9.111954134726702,0.0,0.0,-0.0005623231204627821,A,1
27.0,1.6240754187366273,2766.5,19.607843137254903,-1.3213285366045453,I,3
0.0,4.307190229519629,951.0,12.15686274509804,0.003731343283582156,A,2
0.0,0.5900700165859971,950.5,12.549019607843135,-0.00152063325766838,A,2
0.0,9.492579524171418,0.0,0.0,0.002054511278195559,I,1
0.0,9.477167772964046,0.0,0.0,-0.007103260089042163,J,1
0.0,2.2335793467705467,955.0,14.509803921568627,0.0002793702793704167,E,2
34.0,1.309510564127903,2104.0,14.901960784313726,-0.1341715554810593,H,3
43.0,3.918978409808181,2708.5,88.23529411764706,-1.466372631494612,I,3
61.0,1.5337408524042673,2059.5,22.745098039215687,0.9692599776641393,D,3
0.0,1.704809545778567,0.0,0.0,-0.0470559572919195,E,1
28.0,1.8009839396793497,2859.5,16.862745098039216,-0.033817034700315496,C,3
45.0,1.8688141977576578,1750.5,17.647058823529413,0.04246841052913647,B,3
0.0,1.6023138037405202,942.0,13.333333333333334,0.0018440030940030105,A,2
0.0,1.6721841741523529,0.0,17.647058823529413,0.0027866286544804275,H,1
0.0,1.9102131185781546,1510.5,22.745098039215687,0.0634200656352556,I,3
0.0,9.532609335812495,0.0,0.0,0.6972277323062108,F,1
17.0,0.644245676051544,1777.0,14.117647058823527,0.0866339933993398,B,3
42.0,0.6772853544768918,2633.5,23.92156862745098,0.08753359716382225,D,3
44.0,5.263976134457574,2740.5,49.01960784313725,-0.12180160334611312,J,3
23.0,2.514408240160285,2347.0,21.96078431372549,1.1663709273182956,G,3
0.0,0.48437554018706236,0.0,0.0,-0.0791398827940159,D,1
0.0,1.0427437478663364,967.0,13.72549019607843,0.0002620102137660396,B,2
46.0,4.947514012605759,2868.0,23.92156862745098,0.02988700564971758,G,3
0.0,2.2123023863795535,1072.5,23.92156862745098,-0.058622034148865465,I,2
0.0,1.7206973757102708,0.0,0.0,-0.002033898305084769,J,1
31.0,3.5083943237025377,1965.5,14.509803921568627,0.5830073242576232,H,3
5.0,0.835382421159852,960.0,12.549019607843135,0.0659290062208745,I,2
0.0,1.0604843009366163,949.5,12.549019607843135,0.002471100993837072,I,2
11.0,3.838547859070554,955.0,14.117647058823527,-0.06433068132217024,D,2
0.0,2.00993592206356,949.0,13.72549019607843,-0.0038150480989463387,E,2
30.0,1.799963132943456,1875.0,27.45098039215686,-0.35845433475319455,J,3
0.0,0.7585310373935593,944.0,12.941176470588236,0.5076937811697142,B,2
1.0,5.144344636538358,1643.5,19.607843137254903,0.20058314556106316,E,3
43.0,2.3357883767538907,1831.5,14.509803921568627,-0.11222591362126244,C,3
11.0,0.6429386434717836,993.5,14.509803921568627,0.2602459791863766,F,2
27.0,1.7932383479278968,2715.0,25.098039215686278,0.1179852957683242,E,3
0.0,9.114536097833453,0.0,0.0,1.0651570075574337,G,1
21.0,1.9862050379770442,2157.0,21.176470588235293,0.13155589846763882,A,3
0.0,1.9679338790649692,955.5,14.117647058823527,-0.0014853373781945067,C,2
0.0,9.071257274450884,0.0,0.0,0.0017707424237860536,G,1
58.0,1.0190733082852088,2472.5,16.07843137254902,-0.23698748473748477,C,3
0.0,9.068892048094959,0.0,0.0,0.00026375838926151474,J,1
51.0,2.0725144559206337,3193.0,26.274509803921568,-0.11829871794871782,D,3
61.0,0.7877615543152187,2058.5,19.607843137254903,-0.08126732453708829,E,3
0.0,2.399467272904755,953.5,12.941176470588236,-0.0011490841808690089,C,2
40.0,2.519257040326005,948.5,12.941176470588236,-0.542769881608181,E,2
0.0,9.49963950395083,0.0,0.0,0.005907307165635811,J,1
38.0,2.120308806955672,2379.0,23.137254901960784,-0.4555474291225461,B,3
0.0,1.1141171781303736,947.0,13.72549019607843,0.0198769866211726,F,2
54.0,1.8094659787472906,1839.5,16.470588235294116,-0.4148927822701408,H,3
32.0,1.0786730501125572,2026.0,14.901960784313726,-0.11832737887765776,G,3
0.0,2.1426221284629348,945.0,12.941176470588236,-0.0027566660620351735,B,2
0.0,3.4200488715544872,945.5,12.549019607843135,1.5494306183180866,D,2
0.0,1.6130636015971789,947.0,14.509803921568627,-0.002608062608062567,H,2
47.0,4.040790182046488,2023.5,14.901960784313726,-0.2074872497832967,I,3
8.0,0.29386588826498794,1499.5,18.431372549019606,0.019681712727420697,H,2
1.0,1.6628765655382036,951.5,12.941176470588236,0.033974808466433,C,2
0.0,9.04137570036774,0.0,0.0,-0.00938714235252558,B,1
0.0,0.5478051856088884,959.0,12.549019607843135,0.0023448092308174795,I,2
32.0,4.63144670410054,2013.0,18.03921568627451,-3.1225101502700774,I,3
0.0,9.46821415574854,0.0,0.0,0.6818787600502276,B,1
0.0,9.526052829967472,0.0,0.0,0.6968629235133544,A,1
3.0,1.1978852128131994,925.5,15.294117647058822,0.0001644736842105754,B,2
34.0,0.9078619050269393,2147.5,14.901960784313726,-0.1305986680686996,E,3
0.0,8.257003096870994,0.0,0.0,0.002559711700336642,B,1
0.0,0.5705505829865725,954.5,12.549019607843135,-0.0016638966760113005,H,2
51.0,0.9017531884333754,2166.0,72.54901960784314,1.10021357790428,A,3
0.0,9.499871481974955,0.0,0.0,-0.014743199187643552,D,1
28.0,0.8260315131898857,938.5,14.117647058823527,-0.0657377311025036,B,2
0.0,1.060325756565425,949.5,12.549019607843135,0.003157562867038055,E,2
0.0,1.9800680009180296,951.5,13.333333333333334,-0.00011715797430078556,E,2
0.0,8.245897153885672,0.0,0.0,-0.0021414008155433706,F,1
0.0,0.4852635206881421,952.0,12.15686274509804,0.0026599326599325845,I,2
0.0,2.0614997786818323,953.5,13.72549019607843,-0.0010724360724361226,A,2
0.0,9.472912523419273,0.0,0.0,-1.3634758928729056,A,1
0.0,0.8409992186724824,949.5,12.549019607843135,0.001665306406823941,G,2
0.0,9.449394713397217,0.0,0.0,0.6721092589003036,C,1
38.0,1.5035978226349096,1009.5,14.117647058823527,0.03759372346018525,J,2
0.0,0.5655392387803758,950.0,12.549019607843135,0.003638590391908947,B,2
107.0,3.8639057356409143,3584.5,87.84313725490196,1.0133253214757842,C,3
16.0,4.66257554385217,947.5,12.549019607843135,0.124880028770467,F,2
0.0,0.5894692862199482,946.5,12.549019607843135,0.0016421512296024288,C,2
16.0,4.456768620385323,3067.0,16.862745098039216,1.4538449869399237,D,3
102.0,4.9294725776541215,6079.0,40.0,-0.09443366085960614,G,3
2.0,1.0236960748222477,1200.0,13.333333333333334,-0.0570732693977426,I,2
0.0,1.5437067401740656,951.5,13.72549019607843,-0.0060265510886629015,G,2
0.0,1.6651250755645945,0.0,0.0,0.007044022295529528,I,1
0.0,9.53504824679612,0.0,0.0,2.8162812840891385,A,1
0.0,1.2828770112629675,948.0,12.15686274509804,0.0012896344978668983,E,2
0.0,9.532004342355368,0.0,0.0,2.1862609442060084,F,1
24.0,4.8901277905909835,2401.5,22.745098039215687,-1.731327584020292,A,3
25.0,1.138675257357899,1571.0,14.509803921568627,-0.11722454422418593,H,3
21.0,5.085547078276683,2103.5,14.901960784313726,-1.0293453261016419,H,3
36.0,1.0997382056786582,1542.5,13.72549019607843,-0.1487753254456342,H,3
0.0,1.9801675805473555,948.0,13.72549019607843,-0.0021173446173445853,J,2
40.0,0.4483919763466118,1710.0,14.117647058823527,0.31847590479027765,G,3
35.0,2.2853541654776466,2190.5,25.098039215686278,0.004650020423766998,F,3
15.0,1.6196560650015883,1557.0,21.56862745098039,-0.11471142628156361,A,3
0.0,9.526952564024581,0.0,0.0,0.783082417582418,B,1
0.0,4.780857344337197,949.5,12.549019607843135,-0.7808393285371706,A,2
13.0,0.4169007687781273,1342.0,16.862745098039216,-0.1966078584439241,B,2
0.0,9.492862758139161,0.0,0.0,-0.016944883606825556,D,1
23.0,1.7210800642491542,1450.0,18.431372549019606,-0.2725015376068884,F,2
0.0,1.1631547064389631,1411.0,10.196078431372548,-0.012996846846846877,C,2
26.0,0.4367688605159902,1689.0,14.901960784313726,-1.2029772079772079,C,3
77.0,4.5823477937183155,4798.5,88.23529411764706,0.7822002442002445,A,3
0.0,1.1076610221361867,948.0,13.72549019607843,0.0023519945214861004,D,2
8.0,5.126872419264981,944.0,24.31372549019608,-0.9595432469040253,F,2
25.0,4.639106400979067,2543.0,28.235294117647054,-0.3760381532478867,F,3
50.0,0.3712915359427337,3078.5,16.862745098039216,0.7874833860759495,G,3
52.0,1.8034775259523024,3223.0,29.80392156862745,0.15586387177294925,C,3
0.0,2.2317696411252106,955.0,14.509803921568627,-0.0009783693089060463,F,2
0.0,0.7891487774162135,953.0,12.549019607843135,0.0007688735306160543,C,2
0.0,9.066272620113638,0.0,0.0,0.000449336455893512,F,1
37.0,0.5023241350491819,1597.5,13.72549019607843,-0.04389245708800921,I,3
0.0,2.79062591970148,970.5,14.509803921568627,0.03245145931239146,C,2
38.0,0.8813165578725158,2426.5,17.647058823529413,-0.12857340551100982,E,3
0.0,9.455905076383116,0.0,0.0,-0.7638103976223714,G,1
0.0,1.6184005855786725,937.5,13.333333333333334,-0.004712143792860224,I,2
0.0,2.0077026439350214,948.5,13.72549019607843,0.00017791255419247198,H,2
0.0,1.4746498967258659,955.5,13.72549019607843,-0.0004654613523262033,G,2
0.0,9.47909948833825,0.0,0.0,-0.007828205128205146,D,1
64.0,0.5788020780504813,2167.0,15.294117647058822,-0.0436616832779623,A,3
49.0,4.704662562767117,4918.0,88.23529411764706,0.0481702481136832,D,3
46.0,0.8502419124754536,1940.0,14.901960784313726,0.08698769100169779,F,3
6.0,0.3703459909585344,1445.5,14.509803921568627,0.21281081975349497,C,2
2.0,2.510239286170607,952.0,15.294117647058822,0.11083922406707236,A,2
0.0,0.775393385131596,951.0,12.549019607843135,-0.002951006992054861,C,2
0.0,1.421005227151572,949.5,13.333333333333334,-0.0009096316580995967,J,2
0.0,0.6487681787572726,0.0,0.0,-0.0051677852348993025,H,1
0.0,1.0443767917905884,950.0,12.549019607843135,-0.005295038256433959,H,2
0.0,2.075540724482776,946.0,13.72549019607843,-0.005404715940430127,I,2
0.0,9.503114211359513,0.0,0.0,0.7743965764156825,E,1
3.0,3.144436977885826,1364.5,20.0,-0.07718874744617332,E,2
6.0,1.868444806181839,952.5,12.15686274509804,-0.0008214400035321257,A,2
102.0,4.000835187439792,6079.0,40.0,1.7367262640546668,C,3
0.0,1.6114160803296425,998.5,14.901960784313726,0.0027619428609526597,G,2
0.0,0.7878174590530764,939.5,13.333333333333334,0.0017586469617200118,H,2
0.0,9.496360100962363,0.0,0.0,0.0015876260405843778,B,1
0.0,1.600534764943862,944.0,12.941176470588236,-0.0035279805352796956,F,2
0.0,8.77222025030358,0.0,0.0,-0.001645687563728515,D,1
102.0,4.808687406840274,6079.0,40.0,0.818093683335503,A,3
82.0,1.087853779905233,2741.5,16.07843137254902,-0.06990066225165559,F,3
0.0,9.449466342884595,0.0,0.0,-0.009068818941430412,F,1
0.0,9.0666510145929,0.0,0.0,-0.0011780003215227097,B,1
22.0,4.3475575922575525,2190.0,23.92156862745098,-0.10110321536621392,H,3
0.0,1.0606559924968386,952.0,12.549019607843135,-0.0005376210725254182,A,2
9.0,0.7881639280228122,1711.0,21.56862745098039,0.9664401294498381,B,3
0.0,9.49101898693299,0.0,0.0,-2.1078111587982833,E,1
7.0,4.0877353505196705,1666.5,17.647058823529413,0.04505050505050523,J,3
0.0,6.920854358798905,0.0,0.0,0.0009501661129567296,B,1
2.0,4.849168546672144,951.5,12.549019607843135,-0.011860766818487356,C,2
0.0,1.703581184582235,0.0,0.0,-0.009847968141515007,J,1
20.0,4.170119893242305,2058.0,23.137254901960784,0.5927609410362216,I,3
0.0,1.5693636143275458,954.5,14.509803921568627,1.1086658677167152,J,2
0.0,1.6122543398392408,1159.5,13.333333333333334,-0.0038896547048720143,E,2
86.0,1.1223007537794782,2895.5,16.07843137254902,0.004378210053787468,B,3
23.0,2.93058054134764,2266.0,14.901960784313726,1.0086112463485877,E,3
0.0,2.0621475311416426,946.5,14.117647058823527,0.0004171263099833622,E,2
49.0,1.6567608743463647,2092.5,21.96078431372549,-1.04703867682869,A,3
0.0,1.9474121288790536,956.5,13.72549019607843,0.0010437710437710135,G,2
8.0,2.2933340230277124,954.5,12.549019607843135,1.5590188636038351,A,2
0.0,0.5187122730507258,973.0,13.333333333333334,0.003173818379751392,J,2
0.0,9.475685031824836,0.0,0.0,0.002245164574143088,D,1
0.0,0.48674237880718496,951.5,12.15686274509804,0.0001441710166542598,A,2
62.0,0.9954365738992365,951.5,13.333333333333334,-0.2341765676567657,C,2
0.0,1.0449006793297428,947.0,13.333333333333334,0.0612674557358015,I,2
0.0,1.6149681631290331,950.0,14.509803921568627,-0.0018658171594413409,A,2
0.0,9.482518922543633,0.0,0.0,0.004419338550870955,F,1
25.0,3.009092487017871,1605.5,19.607843137254903,0.035597484276729485,F,3
0.0,2.0108787251726747,957.5,13.72549019607843,-0.0023834804191946724,E,2
19.0,4.150913118841248,1943.5,21.176470588235293,-0.3049842271293377,G,3
0.0,1.83062527414405,1086.5,26.666666666666668,0.004934269346667186,E,2
3.0,1.080856372942901,952.0,13.333333333333334,0.011893529034888495,E,2
0.0,9.45558533976861,0.0,0.0,-0.032868858902135534,D,1
0.0,9.47991051248638,0.0,0.0,-0.010351346965271013,C,1
0.0,0.4839820034995808,948.5,12.549019607843135,0.002678670938980221,E,2
11.0,1.911191057690983,2084.0,18.03921568627451,-0.09678846798524976,B,3
0.0,9.526046047594876,0.0,0.0,0.0017390951511460084,E,1
18.0,4.068782530291304,1852.5,16.470588235294116,-0.6822296107287995,C,3
27.0,0.8464960300921114,1687.0,14.901960784313726,0.30268987341772147,F,3
0.0,9.448953204817217,0.0,0.0,-0.7315757070300053,D,1
0.0,9.477965341379413,0.0,0.0,-0.012672525512455513,I,1
0.0,8.019510196742303,0.0,0.0,0.0012049165206162726,D,1
0.0,1.7669086557983718,947.5,12.941176470588236,0.0017005477784539993,G,2
27.0,0.5618872772564302,1159.0,16.470588235294116,0.1452820822167063,D,2
0.0,9.02818571967197,0.0,0.0,0.023333441910966535,E,1
0.0,9.037570082174904,0.0,0.0,-0.010702276001152367,A,1
66.0,2.3326146805935606,4099.0,19.215686274509803,-1.2957953669113746,E,3
36.0,0.42877695065703214,1523.5,16.862745098039216,-0.08076749483274986,B,3
0.0,2.233383294424268,947.5,13.72549019607843,0.003549049820236405,C,2
0.0,1.6059344358465768,951.0,14.117647058823527,0.0008689034936008033,J,2
0.0,3.0850888389381113,948.5,12.549019607843135,0.0169437799043064,C,2
26.0,3.372237511212882,1636.5,13.72549019607843,1.993546626984127,E,3
0.0,1.7755845185877983,956.0,14.509803921568627,-0.0009152542372882211,C,2
0.0,1.5695644796534853,945.0,13.72549019607843,0.00332419606802839,H,2
0.0,9.490483637228705,0.0,0.0,-0.008976690268101717,H,1
0.0,1.9305223213443685,0.0,0.0,-0.0006376055779151041,H,1
0.0,2.0619669573524826,941.5,13.72549019607843,-0.0009845697594041969,A,2
0.0,9.470984621619293,0.0,0.0,-0.003479411583676928,H,1
6.0,1.3280550048345128,1183.0,12.941176470588236,0.31844857220026024,H,2
0.0,1.696733548049641,0.0,0.0,-0.0010922558922558112,D,1
0.0,1.6705067868040058,951.0,14.117647058823527,-0.002317183130742473,A,2
0.0,2.009989980985252,956.5,13.72549019607843,-0.001744629750173865,A,2
0.0,2.010147386245946,951.5,13.72549019607843,-0.006814559576187484,H,2
0.0,9.460529328374248,0.0,0.0,0.005586512435868052,J,1
0.0,2.031569455697904,952.5,12.941176470588236,-0.008558650998005901,A,2
0.0,1.6142869733756742,951.0,13.72549019607843,0.0012351041702578502,F,2
42.0,3.4001981184973396,4169.0,87.84313725490196,-0.583092436808063,E,3
0.0,1.7078682798619618,958.0,13.72549019607843,0.002264315162620323,G,2
1.0,2.437487717796623,1591.5,18.03921568627451,-0.005865873861081589,D,3
0.0,9.528201781842887,0.0,0.0,1.4029032258064515,A,1
61.0,1.7443407817935253,2570.0,29.41176470588235,0.1375758377051955,H,3
33.0,1.8112007699753803,2102.5,18.431372549019606,0.21072456624605682,E,3
0.0,0.9025823494692305,969.5,13.72549019607843,-0.017659136764647698,C,2
0.0,9.470167646193223,0.0,0.0,1.3705928810992103,I,1
0.0,1.908076738202978,946.5,13.72549019607843,1.101347138047138,I,2
26.0,2.869364368634934,952.0,12.941176470588236,0.5193936679318227,J,2
40.0,1.0654345426187373,2523.0,23.52941176470588,0.17963153479335936,H,3
0.0,1.0640213252325037,947.0,12.549019607843135,-0.005413089250204672,H,2
25.0,4.46472038386365,2478.5,87.84313725490196,-0.02027537765238341,E,3
30.0,1.7965365823188733,1901.5,83.52941176470588,-0.1051305683563748,C,3
27.0,2.087307463510355,1667.0,14.117647058823527,0.0400264550264553,G,3
0.0,2.001867818366755,954.0,14.117647058823527,-0.0012348712348712043,C,2
53.0,0.7661445080280095,954.5,13.333333333333334,0.0564951768488745,D,2
49.0,1.6555016961881885,1682.5,14.117647058823527,-0.1744006812859272,H,3
0.0,2.006069657416175,948.5,14.901960784313726,0.0019727891156463007,G,2
29.0,1.2041544066021976,2998.0,26.274509803921568,-1.45038935896302,H,3
33.0,0.4041071345010554,2118.0,14.901960784313726,-0.0435987797942195,A,3
31.0,0.9864308237434684,1919.5,14.509803921568627,-0.09521304843895873,J,3
0.0,1.5809690232069649,953.0,13.72549019607843,-0.0010067114093958995,J,2
0.0,1.9717451565471482,952.5,13.72549019607843,-0.002919933801289687,H,2
0.0,3.0278358805434245,945.0,12.549019607843135,-0.009770510795155563,D,2
0.0,1.978394568497,946.0,13.72549019607843,0.005143037104901493,H,2
2.0,0.8025385316148766,1086.0,14.901960784313726,-0.1591659836065572,I,2
27.0,1.1222736326060145,1706.5,14.117647058823527,0.1337018560474034,I,3
0.0,9.496269757283157,0.0,0.0,-0.0038957383409327084,E,1
0.0,9.11475932735729,0.0,0.0,0.0023634084476693573,I,1
14.0,1.6485991130440252,1415.5,20.0,0.159811364027292,A,2
0.0,1.5974455124317413,950.0,13.72549019607843,0.015522355219151608,F,2
0.0,0.6944112966685039,953.5,14.117647058823527,-0.003071509009009099,B,2
1.0,0.7781363557381654,1517.5,9.803921568627452,0.005807116618235686,I,3
23.0,0.6204223897013814,2378.5,15.294117647058822,0.03081082251082251,G,3
37.0,0.27839768199619014,1571.5,13.72549019607843,-0.006658654859793334,B,3
0.0,0.5441225497963732,955.5,12.549019607843135,6.485587583149321e-05,J,2
0.0,1.6094349977994198,948.5,14.509803921568627,0.0025414141414141778,H,2
0.0,1.9787467975531248,972.5,13.333333333333334,-0.0029516180059658004,I,2
21.0,3.602811301645234,1351.0,59.2156862745098,2.6816927899686522,J,2
86.0,1.184535756460648,2895.5,16.07843137254902,-0.07676304982854243,J,3
38.0,1.9629995672893215,2405.0,34.509803921568626,-0.17637989029681028,B,3
5.0,4.108519054571027,953.5,12.549019607843135,0.0483417508417503,D,2
21.0,2.7441269478621777,2165.5,76.86274509803921,-0.018610557448723863,J,3
0.0,1.6506293972586925,951.5,13.72549019607843,-0.0002038363867222781,H,2
0.0,0.8929501809289072,949.5,13.333333333333334,0.0009409409409409097,H,2
46.0,4.236857955761015,2843.5,25.88235294117647,-0.7271186623875487,G,3
0.0,8.890679005452858,0.0,0.0,-0.15988152168826875,F,1
8.0,1.8495135573489376,958.0,12.941176470588236,-0.18179642130076085,I,2
0.0,0.5122478202250101,952.0,12.941176470588236,0.00031978170223201374,D,2
0.0,0.7004310226886691,948.5,14.117647058823527,-0.00349549920978498,E,2
0.0,9.070316825201465,0.0,0.0,-9.258260525779605e-06,G,1
20.0,2.0023331047621244,2058.5,18.431372549019606,-0.035957209192970074,E,3
47.0,1.5715120729869658,2938.0,84.31372549019608,0.6912618296529968,H,3
4.0,0.8235943916433247,950.5,13.72549019607843,0.0919534499542759,C,2
0.0,2.009883887286103,953.5,13.72549019607843,-0.00438189807681344,A,2
0.0,1.0517173568552451,950.5,12.549019607843135,0.0031288460411416086,B,2
0.0,9.06812071378669,0.0,0.0,-0.0013540088042138798,E,1
34.0,4.239429835292056,2098.0,26.666666666666668,2.2154086172404526,A,3
0.0,1.577551375874134,0.0,17.647058823529413,-0.009155633124699136,I,1
0.0,9.492097403471337,0.0,0.0,0.0025111120323160208,J,1
0.0,0.5501564196724896,951.5,12.941176470588236,0.0014232200591930422,H,2
0.0,9.06513910615327,0.0,0.0,-0.0017683056441235578,A,1
0.0,1.5271972284038642,0.0,0.0,-0.0020355855855856003,H,1
0.0,1.6127644940004848,998.5,14.901960784313726,0.0005723905723906686,H,2
0.0,1.5151845663275962,943.5,12.549019607843135,0.021011914750797098,I,2
0.0,9.531967868017265,0.0,0.0,1.3736613326964413,F,1
43.0,1.5702831248831854,2711.0,52.94117647058823,-0.19550489533407073,F,3
2.0,1.8110499566429892,950.5,12.941176470588236,-0.1462264970172921,F,2
0.0,2.036214032996459,0.0,0.0,0.00039149888143170247,J,1
0.0,9.460131258010001,0.0,0.0,-0.003907751173009566,H,1
0.0,1.0408133255371506,951.5,12.549019607843135,0.0005460687960687771,H,2
32.0,2.348398411448787,1986.0,22.745098039215687,1.7644435793029798,I,3
0.0,9.516192708987496,0.0,0.0,0.7881399521531102,F,1
2.0,1.0875936556658026,953.5,14.901960784313726,0.0032144979203803103,H,2
0.0,9.505773372912618,0.0,0.0,-1.320608043919322,C,1
7.0,0.9581559805431233,944.5,14.117647058823527,0.04374177631578946,I,2
0.0,1.1613842813173196,948.5,13.333333333333334,-0.0011896568403886865,D,2
0.0,8.915469081293264,0.0,0.0,-0.9311129558809816,H,1
2.0,5.422653352180393,1492.5,18.431372549019606,-0.013638918525072263,B,2
0.0,1.2147442819632674,950.5,13.333333333333334,0.003521759047182771,H,2
35.0,0.6642326224031261,2164.5,15.294117647058822,0.011844845271041848,H,3
0.0,1.5276551663850502,955.0,13.72549019607843,0.00209443099273611,A,2
0.0,0.5640420062313017,936.0,11.76470588235294,0.0023935491224070793,I,2
23.0,1.271979969789202,1487.0,13.333333333333334,-0.733587758990236,G,2
0.0,1.9782310619451016,948.0,12.941176470588236,0.00022747747747750569,H,2
0.0,1.0667145056170613,952.0,13.72549019607843,-0.003807280323569806,J,2
0.0,9.530496169204472,0.0,0.0,0.004799254058797775,H,1
41.0,1.9592655369178023,2637.5,21.56862745098039,-0.30322139982608354,I,3
0.0,0.5504696140158771,948.0,12.549019607843135,-0.0004049506748169396,D,2
3.0,1.8000064479374505,1515.5,11.372549019607844,0.03640460352655478,A,3
53.0,5.040680728304227,2014.0,14.901960784313726,-0.07133612542955348,G,3
0.0,1.9650873349834836,941.0,13.72549019607843,0.0006276731276732006,C,2
0.0,9.04230646706142,0.0,0.0,-0.008210483210482789,A,1
0.0,1.582626575777174,949.5,14.117647058823527,0.0005521116296349771,J,2
20.0,0.5375790933740034,1243.5,12.941176470588236,-0.22471048480823502,H,2
0.0,2.064043370254984,964.0,14.117647058823527,0.0011261770244821445,A,2
0.0,9.497912297026394,0.0,0.0,0.0016369235075933686,A,1
25.0,0.7929249823313512,2554.0,16.470588235294116,0.0675900628750486,D,3
0.0,9.4579830522178,0.0,0.0,-0.7314011003976684,J,1
0.0,3.7017408636837392,951.5,12.549019607843135,-0.6835835451747934,C,2
0.0,0.9225167407079795,956.5,12.549019607843135,0.795469422609021,I,2
41.0,1.7312002282423855,1731.5,17.647058823529413,0.147737230820298,A,3
40.0,0.8690962651751833,967.5,13.333333333333334,0.02681036657138053,D,2
0.0,1.9851700701017412,943.0,13.333333333333334,-0.0549598635360225,G,2
0.0,9.525949976948448,0.0,0.0,2.0889359462486,D,1
65.0,0.6234737198728777,2184.0,14.901960784313726,0.06117656211102818,J,3
0.0,9.526725210984774,0.0,0.0,0.00515606474205188,C,1
0.0,0.8547663174241775,947.5,12.549019607843135,0.0007250748435090326,C,2
30.0,2.1920861629433244,1296.0,13.72549019607843,0.23043456032719822,D,2
0.0,2.2339226386759377,953.0,13.72549019607843,0.0003671047149311768,C,2
19.0,2.9553272582563967,954.5,12.549019607843135,-0.2306355357882004,D,2
15.0,1.8753889452080208,1547.5,11.76470588235294,-0.0396488334635379,I,3
51.0,1.0175837317264722,3156.0,17.647058823529413,-0.10370550161812297,B,3
0.0,0.41742631021681265,950.0,14.117647058823527,0.002578228243757308,J,2
0.0,9.530902572192936,0.0,0.0,0.6965681807827235,B,1
0.0,1.6106440296276634,945.0,14.117647058823527,0.0044306000916169985,I,2
21.0,1.6586349539636158,1377.0,14.117647058823527,0.9977124183006536,G,2
0.0,2.009696007803621,939.5,13.72549019607843,-0.002731271539996416,I,2
44.0,4.389973392104473,2740.0,88.23529411764706,0.3047121325922588,H,3
0.0,1.6567032142179239,1645.0,18.823529411764707,0.15273343848580445,A,3
40.0,2.05965580687798,1536.5,13.72549019607843,-0.028662251655628967,A,3
0.0,9.472235560832848,0.0,0.0,-0.8002699117301904,C,1
36.0,1.417459185621141,1542.5,13.72549019607843,-0.0573018449723722,B,3
32.0,4.573577466963103,2013.0,18.03921568627451,0.11614916286149146,A,3
0.0,1.9768814614246517,959.0,14.901960784313726,-0.001900479074392114,E,2
37.0,1.2932707425950083,2304.0,14.901960784313726,0.09681727054401179,D,3
8.0,3.830797092347441,954.5,12.549019607843135,0.10379091828644915,D,2
0.0,1.9796297077753002,950.5,13.72549019607843,-0.0013192256768478905,D,2
25.0,0.5289274622996992,1051.5,14.117647058823527,-0.20442633228840118,B,2
0.0,1.210384885640734,950.5,13.333333333333334,-0.0006515634614308596,B,2
29.0,0.7285287787613994,1385.5,13.72549019607843,-0.1627664006210886,E,2
23.0,1.029315445890091,2399.0,26.274509803921568,-0.03265193956370416,C,3
31.0,1.4928840925910207,1948.0,20.392156862745097,-0.1496500898252494,H,3
0.0,9.492138505195546,0.0,0.0,0.8105416063093513,B,1
0.0,1.0428447366722187,945.0,12.549019607843135,-0.0014300487222830283,G,2
0.0,2.2363898127632216,954.0,13.72549019607843,-4.7614728822198416e-05,H,2
31.0,4.439464024448091,3089.5,34.11764705882353,0.030536277602523643,E,3
48.0,4.551675094411288,2034.0,17.254901960784313,0.5605315150671517,B,3
0.0,0.41908620168700905,956.0,13.333333333333334,0.003089932885905977,H,2
0.0,1.8034986671807411,950.0,13.72549019607843,-0.0031701933153470974,J,2
0.0,9.455944558086266,0.0,0.0,-0.0231701040302634,I,1
0.0,9.492427735657738,0.0,0.0,-0.0004938528498846795,F,1
17.0,0.7809895548191664,950.5,12.941176470588236,0.034066838414197775,A,2
0.0,0.8983739716734724,971.0,13.333333333333334,-0.0021690023257201485,J,2
16.0,4.065724059666008,1897.0,61.17647058823529,0.08475427850471096,H,3
0.0,9.040149901750524,0.0,0.0,-0.009120702640438516,B,1
33.0,0.6471870941378918,2118.0,14.901960784313726,0.1169489273237746,C,3
5.0,3.9303486286088414,1690.5,23.52941176470588,-0.04641081797906321,E,3
41.0,0.8439074148292083,948.0,14.117647058823527,-0.14626367211503022,G,2
37.0,2.1321478066754485,2314.0,15.294117647058822,-0.044449497620306255,J,3
4.0,3.0390417916120347,963.0,12.941176470588236,0.03531453145314528,G,2
0.0,9.070486693660209,0.0,0.0,-0.000800213977784292,G,1
31.0,0.6193887377384906,1943.5,14.901960784313726,0.017235410794446182,A,3
35.0,1.8695668513761339,2228.0,30.980392156862745,0.006001729927750166,A,3
0.0,0.7337896517996101,942.0,14.117647058823527,0.002624778862067023,G,2
17.0,1.3891308207655628,1796.0,18.823529411764707,0.3573011995243267,F,3
0.0,9.737566038607241,0.0,0.0,-2.803660394146823,D,1
43.0,1.8192537405909286,1834.5,14.509803921568627,-0.1747432053494391,H,3
9.0,1.629191046334179,990.5,17.254901960784313,0.08350681778704183,A,2
0.0,0.5511318726402737,947.0,12.941176470588236,0.0016896644558115348,I,2
0.0,9.501839644601253,0.0,0.0,0.6652958756724447,D,1
25.0,4.629393294125206,2543.0,28.235294117647054,0.46678876220048826,D,3
4.0,0.6012989082469968,949.5,12.549019607843135,-0.0035122812827730887,B,2
60.0,0.7282357841481953,946.5,12.941176470588236,0.19267383106686178,H,2
0.0,1.435309947438842,950.0,13.72549019607843,-0.0049296839212092936,C,2
0.0,9.066963830012796,0.0,0.0,-0.0010862886775298009,J,1
21.0,1.5878299747097802,2157.0,21.176470588235293,0.1257232008150948,E,3
0.0,9.481233935708145,0.0,0.0,-0.699989768709454,F,1
0.0,2.8630697855099587,951.5,12.549019607843135,0.8203368837669518,D,2
0.0,9.06771620363573,0.0,0.0,0.0009223591063713954,A,1
27.0,5.2802317174013975,947.5,12.941176470588236,0.7611924415099889,B,2
16.0,5.584175192665434,2157.5,23.92156862745098,0.03347123048367706,H,3
24.0,0.841203272598356,1532.0,13.72549019607843,0.14250384024577567,J,3
0.0,9.491990150074228,0.0,0.0,0.003308583727764436,C,1
6.0,3.163252662976596,967.0,25.098039215686278,0.7927770707895686,E,2
23.0,1.0554607299843337,1473.0,13.72549019607843,-1.026517361111111,G,2
46.0,4.510166183127559,2851.0,88.23529411764706,2.7847439641744547,C,3
32.0,1.9658510368797757,1415.5,14.901960784313726,-0.7478113545014105,I,2
0.0,9.069318132045371,0.0,0.0,-0.00021213450292378866,I,1
0.0,9.5256329385521,0.0,0.0,3.120038703587162,G,1
19.0,4.032046471216775,954.5,12.15686274509804,-0.5772783220992768,D,2
26.0,1.3162508059718798,1645.0,17.254901960784313,-0.29253846471999345,C,3
35.0,1.7123295745874854,2224.5,24.31372549019608,0.0991194728592642,B,3
47.0,2.0662936350466796,2943.5,36.86274509803921,0.6883560018256505,B,3
24.0,2.203953885111225,938.5,13.72549019607843,0.2088765372751673,F,2
13.0,1.857902066247603,955.0,13.72549019607843,-0.24069118352828267,C,2
52.0,0.9113798777131289,1735.5,14.117647058823527,0.07122186495176858,H,3
58.0,1.5793438295886622,2451.5,26.274509803921568,0.42658994799259686,B,3
13.0,1.6337466862604284,2425.5,32.94117647058823,0.027142292161025594,F,3
36.0,1.6043067817400176,2264.5,15.294117647058822,-0.26415396825396825,E,3
0.0,9.462783310490149,0.0,0.0,3.5044028280292405,F,1
0.0,1.028345924782803,952.5,12.549019607843135,0.003017031630170419,B,2
35.0,0.6361970700636687,2189.5,16.07843137254902,-2.144916741539383,B,3
0.0,8.30705824123486,0.0,0.0,0.004379846224018102,D,1
0.0,1.1858350879140613,950.5,12.549019607843135,-0.654726030520428,G,2
0.0,9.482371825897056,0.0,0.0,-1.464081183993103,H,1
0.0,9.494456216323737,0.0,0.0,-0.5451019569994048,H,1
7.0,1.0934107908511215,947.5,12.941176470588236,-0.19071997892101977,B,2
34.0,1.8076968093891796,2103.5,88.23529411764706,0.26959033360128604,A,3
10.0,0.7312498090277527,1406.5,10.588235294117649,0.04443750000000002,C,2
0.0,1.2174424608386574,947.5,13.72549019607843,-0.004646218000178393,G,2
34.0,4.782418327142284,2120.5,17.254901960784313,-0.6610345717234258,I,3
0.0,1.9744823713610506,948.5,14.509803921568627,-0.001621621621621605,A,2
0.0,8.160749709074471,0.0,0.0,-0.0022009207723492352,E,1
0.0,1.2169530580430281,951.0,14.509803921568627,0.0012500000000000844,J,2
50.0,1.7691699847403766,2123.5,15.294117647058822,-0.10909953970080549,J,3
44.0,1.1231856686345507,1479.5,13.72549019607843,-0.0960827390049245,F,2
0.0,1.9775298023273444,959.0,14.901960784313726,0.004899494332644666,A,2
50.0,3.0615910506642408,2151.5,14.901960784313726,-0.6231622838994473,E,3
0.0,1.6129492766753448,952.0,14.509803921568627,-0.0027743515327408597,C,2
0.0,2.0200026479907747,943.5,12.549019607843135,-0.051564402810304416,E,2
0.0,9.05892771662802,0.0,0.0,-0.005134687667800009,F,1
0.0,0.5786552238168103,953.5,12.549019607843135,0.0022845061096732344,D,2
0.0,3.093093134118499,952.5,12.549019607843135,-0.016953010279001646,J,2
0.0,9.067182121006466,0.0,0.0,0.0057408940397354336,C,1
26.0,0.15093075398566544,1537.5,13.72549019607843,0.1646096823982086,C,3
0.0,8.112755414020839,0.0,0.0,0.0015325771843324176,A,1
0.0,1.0414546671136005,945.0,12.549019607843135,0.00872584821083544,H,2
43.0,0.5198550618130301,1826.0,16.470588235294116,-0.04094839371155157,I,3
9.0,0.9259378127801535,959.0,13.72549019607843,-0.2220891737891738,D,2
40.0,0.9128759689696198,967.5,13.333333333333334,0.3533373015873016,H,2
0.0,1.7471498429652939,0.0,0.0,-7.030759573129625e-05,E,1
2.0,1.2787963731775343,1347.5,13.72549019607843,0.10033841695522971,H,2
0.0,1.2197684630563332,954.0,13.333333333333334,-1.6338615055677685e-05,F,2
0.0,9.465492565027942,0.0,0.0,0.013171222052869302,G,1
0.0,2.0101708891323993,939.5,13.72549019607843,-0.00010656629784150384,B,2
0.0,9.480683576603221,0.0,0.0,-1.3924548526821838,D,1
29.0,1.763627626790859,2924.5,32.15686274509804,0.05977331105774253,J,3
12.0,0.45015859607833725,1856.5,14.509803921568627,0.022046484037963776,E,3
0.0,1.6213940232920323,950.0,13.72549019607843,0.0016706775268418989,F,2
9.0,3.388653969974522,959.5,12.549019607843135,1.326162054912055,B,2
33.0,1.1817873607135456,2049.0,19.215686274509803,-0.08904946989275764,E,3
0.0,9.473683174783568,0.0,0.0,-0.009506364236952225,H,1
34.0,2.0395379229221904,2157.5,32.549019607843135,-0.18214638565912378,B,3
6.0,1.8093004581267804,950.0,14.117647058823527,-0.02355134575569362,H,2
28.0,0.7257000793688739,1771.0,88.23529411764706,0.08497648856756601,D,3
0.0,1.6923539180853457,944.5,12.15686274509804,0.0043420793055830575,B,2
0.0,1.6086494143531211,951.0,13.333333333333334,-0.004967651486422808,J,2
20.0,1.5369960367647106,2033.0,27.058823529411764,-1.133768969558554,B,3
13.0,2.335229908424283,944.5,13.333333333333334,0.0644525300389236,G,2
28.0,5.604034892046989,946.5,12.941176470588236,1.2230535576676083,A,2
33.0,0.7088609765685997,2046.0,20.7843137254902,0.060547289416299,B,3
0.0,9.065122051178802,0.0,0.0,3.6395829234869836e-05,B,1
26.0,1.4596373532829856,2644.0,30.980392156862745,-0.09420589014482506,G,3
37.0,2.163702319175014,2292.5,15.294117647058822,-0.23860672884162848,I,3
0.0,9.537995694843731,0.0,0.0,-0.007201374207188138,G,1
37.0,1.2523089197027581,2291.0,19.215686274509803,0.03521707137601193,I,3
29.0,2.423704156479175,1860.5,30.980392156862745,-0.737108129801628,J,3
0.0,1.5947393907751184,952.0,12.549019607843135,-0.1260882352941177,B,2
39.0,0.9773519914900461,2457.0,29.01960784313725,-0.5128631126257709,B,3
0.0,9.51252760470173,0.0,0.0,-0.03608558902020592,I,1
52.0,1.8998924539465711,1752.5,12.549019607843135,0.001041005471290407,D,3
0.0,9.493105674034199,0.0,0.0,-0.005592719914934818,J,1
0.0,1.0713710819287752,990.0,14.509803921568627,0.06439796875862447,B,2
0.0,1.617293974054082,1189.5,16.862745098039216,-0.0013280982371076666,D,2
17.0,4.561810388049934,1714.0,16.470588235294116,-2.6372542501385134,J,3
0.0,4.31572465387772,952.0,12.549019607843135,0.0065437561717685,E,2
0.0,2.2332587557838264,953.0,13.72549019607843,-0.0025319296985482076,A,2
47.0,0.8771739602599221,2436.5,15.68627450980392,0.05389631408583059,J,3
28.0,1.8021948864814372,2438.0,16.07843137254902,0.22764325147534747,J,3
106.0,3.8462586081706966,3564.0,88.23529411764706,0.671539075927611,H,3
48.0,4.058562376276785,3016.0,88.23529411764706,-0.1461380463338906,E,3
48.0,2.4547375762353068,3158.5,17.647058823529413,0.003351834844068202,E,3
33.0,4.031236016637086,2055.0,14.901960784313726,0.01743785090842831,J,3
49.0,3.919349905599322,3054.5,17.254901960784313,-2.0100787223170293,G,3
0.0,9.471975295919494,0.0,0.0,-0.6970423147188073,J,1
37.0,1.124319800908518,2346.0,17.647058823529413,-0.0210789209756298,J,3
0.0,1.6085635131062246,948.5,14.509803921568627,-0.0005142954973463842,D,2
54.0,4.196994846734055,3337.0,88.23529411764706,0.06562278839348912,C,3
54.0,0.5618493344811017,1813.5,14.509803921568627,0.1614405412115194,E,3
0.0,1.19745466815041,947.0,13.333333333333334,-0.004317358270017557,D,2
0.0,1.2161343351197547,949.0,14.117647058823527,7.524049473206507e-05,D,2
2.0,0.5610249341435944,955.5,12.549019607843135,0.015477632675743314,F,2
0.0,9.470726315494469,0.0,0.0,-0.01617406456346282,A,1
11.0,0.6885497977421697,993.5,14.509803921568627,-0.7369358442081444,J,2
12.0,4.329272063209932,947.5,12.549019607843135,0.1656255130784703,I,2
36.0,4.419853217383529,2278.5,18.431372549019606,0.9237100283343458,C,3
0.0,9.464950311328083,0.0,0.0,-0.03472700701947723,C,1
45.0,2.060930859551408,1931.0,14.509803921568627,-0.2041279661361879,E,3
19.0,2.30313319388807,1889.0,16.07843137254902,0.011698113207547323,I,3
18.0,0.4653984369098429,1066.5,14.117647058823527,0.284682535046729,G,2
5.0,3.9703203592632943,955.0,12.549019607843135,-0.743005070607782,D,2
0.0,0.920480790714885,950.0,14.509803921568627,0.0006354515050168152,A,2
14.0,1.7866673056074207,1478.0,18.823529411764707,0.052104204969411594,D,2
0.0,1.662072716864252,1194.0,16.470588235294116,-0.012820492295377295,F,2
48.0,2.118884846016355,3027.5,24.705882352941178,-0.0398786923157779,B,3
0.0,0.5570365160185597,953.0,12.549019607843135,0.0003527566061372056,F,2
0.0,9.495770506500577,0.0,0.0,-0.006835064214364861,E,1
0.0,1.0415151368522146,950.0,10.980392156862743,0.0033405735463879482,F,2
3.0,0.7820532412986343,1145.0,14.117647058823527,-0.01889250814332244,E,2
23.0,4.789039898393007,2269.0,31.37254901960784,-0.2880892540189668,C,3
0.0,2.0109885708343076,949.0,13.72549019607843,0.0001802202819152221,J,2
24.0,1.5465203429399288,2531.0,23.52941176470588,-0.08651355661881982,D,3
0.0,9.499462268310431,0.0,0.0,-0.004593985038619741,C,1
6.0,1.8894416132686116,958.5,14.117647058823527,-0.009654812420017533,G,2
36.0,1.4132740238729304,958.0,13.333333333333334,0.4406583072100314,F,2
0.0,4.796107016884549,948.0,12.549019607843135,-3.164918637172642,D,2
0.0,9.541039719402765,0.0,0.0,0.7005785953177258,G,1
0.0,9.492948747334188,0.0,0.0,0.0012770897832816708,H,1
0.0,9.473263367896351,0.0,0.0,0.004352073365231246,A,1
37.0,3.4424123700971103,3770.0,31.764705882352946,0.17714612309916022,D,3
32.0,4.37395667036824,1986.0,22.745098039215687,0.6191596415214411,D,3
2.0,1.7445531672299717,1030.0,19.607843137254903,-0.09424009130525002,A,2
0.0,1.6215993583212986,954.5,14.117647058823527,-0.0017171717171716727,C,2
0.0,1.0253530173081309,952.5,12.941176470588236,-0.0005235567679489073,G,2
27.0,2.799636296132946,1754.0,14.509803921568627,0.11243377742946681,D,3
0.0,1.979292723917066,943.0,13.72549019607843,0.000568202430618503,H,2
36.0,2.9691061969289096,2280.5,15.294117647058822,-1.036476610429448,F,3
7.0,3.958941035657789,1666.5,17.647058823529413,-0.0903019822374671,I,3
50.0,1.6746479883741998,1705.5,14.117647058823527,0.19927430465427382,D,3
18.0,4.587994607353482,1826.0,20.392156862745097,-0.11040881314233575,I,3
0.0,1.613224562152026,956.0,14.117647058823527,-0.00025511807488565186,D,2
2.0,2.3575221961980835,1170.5,10.196078431372548,0.36711656441717777,I,2
0.0,9.540673517694318,0.0,0.0,2.127500545762791,B,1
0.0,2.0078694703590667,944.0,14.117647058823527,0.0015440677966102045,E,2
51.0,1.8111810878050654,2166.0,72.54901960784314,-0.0668548678972132,C,3
0.0,9.038540703186486,0.0,0.0,-0.004524242424242875,H,1
31.0,2.9030371473917382,1980.0,19.215686274509803,1.3371723906954083,G,3
0.0,9.115259094804287,0.0,0.0,1.033854034112175,H,1
0.0,9.070476494785984,0.0,0.0,0.008282828282828891,E,1
0.0,1.0344271997716314,959.0,12.549019607843135,-0.0007114915993331472,I,2
46.0,3.1372797643387753,2890.0,30.588235294117645,0.42324167319749195,I,3
23.0,2.4947108160394187,2246.5,14.901960784313726,-0.5130716346153843,B,3
0.0,1.6149584573551383,998.5,14.901960784313726,0.0011359668390047428,G,2
23.0,2.0232176113023197,1506.0,24.31372549019608,0.19335301492295853,B,3
0.0,1.0422829798816724,952.5,12.15686274509804,0.0012079966812192922,B,2
0.0,9.495996911777066,0.0,14.117647058823527,0.0006486234794248966,F,1
0.0,9.51395076936367,907.0,16.862745098039216,0.001362641202452497,C,2
0.0,9.532844563997596,0.0,0.0,-0.0036492890995261096,B,1
43.0,1.8825504659169723,1834.5,14.509803921568627,-0.09504875278587349,E,3
0.0,9.159907543727966,0.0,0.0,0.013841269841269543,I,1
0.0,9.48014190904038,880.25,17.254901960784313,-0.023669987656498005,J,2
24.0,2.346746078743268,2464.5,16.470588235294116,-0.15738652574896023,A,3
28.0,0.5819574775422058,1759.5,14.117647058823527,0.1451746066828749,I,3
13.0,1.544433712833876,2425.5,32.94117647058823,-0.10992912316441728,I,3
0.0,9.595445707117703,0.0,0.0,-2.052462347597418,G,1
0.0,0.5195878976636382,946.0,12.549019607843135,-0.0022705660205659672,I,2
1.0,0.6489997108732753,1217.5,14.117647058823527,0.23629803852821446,I,2
0.0,4.147730643512144,954.0,12.549019607843135,-0.031327708341262195,J,2
0.0,9.47928138033604,0.0,0.0,-1.4312610021786492,A,1
3.0,3.7590180623612364,951.0,12.15686274509804,0.7303023994386852,F,2
0.0,0.5531843916822645,1012.5,13.72549019607843,1.1689670198222832,I,2
0.0,1.6991917254977438,0.0,0.0,0.007217449664429498,B,1
0.0,1.9161801890206827,947.0,14.117647058823527,-0.001844547166581112,E,2
0.0,9.06534412255862,0.0,0.0,0.0002009264620732587,C,1
0.0,1.58953490298781,944.0,14.117647058823527,-0.002481808731808706,J,2
4.0,2.011846354690838,1841.5,22.745098039215687,0.35037322555205064,E,3
1.0,1.4334974086554544,950.0,14.117647058823527,0.023810154525386318,A,2
9.0,3.7700460317171918,949.0,12.15686274509804,0.2063368489022812,I,2
0.0,1.0685187813267958,947.0,14.509803921568627,-0.01971288515406172,I,2
3.0,0.2747200463301061,950.5,12.941176470588236,-0.00524563306442502,D,2
54.0,1.6365424196650797,2273.0,16.07843137254902,-0.0785044945264678,E,3
27.0,1.4108356280054442,1742.5,14.117647058823527,0.00976206225494436,C,3
19.0,2.5649702432605346,946.5,12.941176470588236,0.000740473518251239,I,2
0.0,9.492533864224354,0.0,0.0,0.005949869305451827,H,1
0.0,9.052002606253382,0.0,0.0,-0.00908887670308367,A,1
26.0,1.8822356503699398,2547.0,15.68627450980392,2.208575128020406,A,3
0.0,9.469111404815777,0.0,0.0,0.004906714732296202,F,1
0.0,2.008109344023573,957.5,13.333333333333334,0.0008703021203020911,A,2
43.0,2.0749182161983293,1831.5,14.509803921568627,-0.009966777408637828,F,3
0.0,1.763946330634177,0.0,0.0,-0.002722753259666033,J,1
0.0,1.647959191022821,953.0,14.117647058823527,-0.003017110504868359,H,2
0.0,9.069674615672273,0.0,0.0,0.00920707070707083,F,1
24.0,3.6695538629378945,2401.5,18.431372549019606,0.5209821393445848,J,3
0.0,0.22698577019263216,946.0,12.549019607843135,0.706029656617892,C,2
0.0,9.495936911500861,0.0,0.0,-0.002340320263365725,H,1
0.0,1.6242574727147174,0.0,0.0,-0.0016621060099320517,F,1
27.0,4.057667243925587,2751.5,23.137254901960784,-0.04499921137201546,G,3
0.0,2.4337520498907352,953.5,13.72549019607843,-0.02427195543474625,B,2
22.0,4.089809922418161,956.0,12.15686274509804,-0.5006868686868691,C,2
0.0,0.9368538944704412,948.5,13.72549019607843,-0.005834712263283692,C,2
38.0,0.7664392545717932,1624.0,34.509803921568626,-0.20667158931082985,B,3
0.0,2.226347132267615,949.5,13.72549019607843,0.0035353535353535026,H,2
2.0,5.239284972426917,1801.5,15.68627450980392,-0.6586303674787994,C,3
0.0,0.8596443870707364,955.5,12.15686274509804,-0.0030600660066006924,C,2
0.0,9.498819922755422,0.0,0.0,-0.0008805329402957751,E,1
51.0,3.025405788060851,3213.0,17.647058823529413,1.2643779307059972,G,3
0.0,9.52551265410808,0.0,0.0,0.7023060344827585,F,1
0.0,0.563029962143761,949.5,12.941176470588236,0.000852114060963638,J,2
0.0,9.49542390029034,0.0,0.0,-0.001959830611010238,A,1
23.0,6.882236598850342,1460.0,19.607843137254903,-1.4422679335504975,D,2
0.0,1.7667205664539953,946.0,12.549019607843135,0.0036179666076572303,A,2
26.0,0.7299364632700445,1657.0,17.647058823529413,0.03613948059527283,G,3
0.0,1.1606855907232008,948.5,12.549019607843135,-0.725228585599253,H,2
0.0,0.4189636933914583,952.5,13.72549019607843,0.00012402940974381993,I,2
0.0,4.555857517702107,948.0,14.117647058823527,0.004363012964748503,H,2
0.0,1.2176606960943532,942.0,12.15686274509804,-0.0011040167169723558,D,2
0.0,1.9766930092717692,949.0,13.72549019607843,-0.006393870679584912,H,2
79.0,5.4328038279013136,4904.5,87.45098039215686,-3.26691107395908,A,3
5.0,1.5517089646522606,960.0,12.549019607843135,0.011423042812222728,D,2
0.0,9.457785278019374,0.0,0.0,-1.41307932870653,C,1
0.0,9.458186401759567,0.0,0.0,-0.7518087326046592,C,1
0.0,1.72572536921161,951.0,14.117647058823527,-0.002835184102863819,G,2
46.0,2.572129473160302,2869.0,18.03921568627451,0.6793932783018869,E,3
0.0,2.0013007668525673,939.5,14.117647058823527,0.0035063472563472975,B,2
0.0,9.085407095087225,0.0,0.0,-0.007037057141822789,E,1
0.0,1.607933476450486,954.0,14.117647058823527,0.22687510095299657,J,2
6.0,0.5246918288536916,1271.5,13.72549019607843,-0.5350969749601968,E,2
10.0,0.6682856936534282,957.0,12.941176470588236,0.009110133127956888,F,2
0.0,9.491830051376018,0.0,14.117647058823527,-0.004109060984061004,G,1
0.0,1.6076223154773333,952.5,12.941176470588236,-0.005635548079618746,I,2
0.0,1.6422316581070069,944.5,13.333333333333334,0.0410478070175439,A,2
23.0,2.3204299908191377,2386.0,19.215686274509803,-0.05408917938404545,I,3
0.0,0.7706585549248339,953.0,12.549019607843135,0.002285548213411759,C,2
0.0,2.325713515422513,950.0,12.549019607843135,0.0005598516781287755,I,2
0.0,9.069545795396632,0.0,0.0,-0.00014893731215126493,F,1
0.0,0.6743420826586789,953.0,13.72549019607843,0.02953333333333341,E,2
16.0,3.585880880375092,2952.0,16.07843137254902,-0.008184443352174942,A,3
0.0,1.9727522284899577,945.0,13.72549019607843,-0.013923051187688218,G,2
3.0,2.2689331767694263,931.5,24.31372549019608,-0.019113622664255425,H,2
13.0,0.5413703296642056,1253.0,9.803921568627452,-0.03593503701934564,C,2
26.0,2.7843305213921687,2679.0,16.07843137254902,-0.7514479116075763,I,3
11.0,3.896865846529112,955.0,12.549019607843135,-0.725312334685241,E,2
0.0,2.179886716494982,945.5,12.549019607843135,-0.0009018026891449704,J,2
0.0,1.6083054905266883,956.5,14.117647058823527,0.00023853398853401764,D,2
19.0,1.9324047840693246,2034.5,26.666666666666668,0.07179812225990567,C,3
0.0,0.5627302249522598,950.0,12.549019607843135,-0.014740015916249072,F,2
62.0,2.056917684582587,2631.0,47.84313725490196,-0.2659887282528792,F,3
0.0,9.459300383328726,0.0,0.0,-0.7736005978359703,G,1
0.0,1.641765352495111,953.0,13.72549019607843,-0.001117607459858408,E,2
6.0,1.9103816329377925,1454.0,20.0,0.11178955912508537,A,2
32.0,1.5834117047963698,1379.0,18.03921568627451,-0.0832741205154999,E,2
0.0,1.031283133438109,946.5,13.72549019607843,0.021867683457087395,C,2
23.0,0.6814216818210518,949.0,12.549019607843135,1.3485599514780304,I,2
0.0,9.537780088957765,0.0,0.0,0.7830936632435784,A,1
26.0,2.0387225500659585,2644.0,30.980392156862745,0.062230894687791194,H,3
0.0,1.612601544653962,947.5,12.549019607843135,0.0010334768053562593,I,2
0.0,1.896489350215181,947.0,14.117647058823527,-0.005993265993265995,B,2
0.0,1.9765626501160594,948.5,14.509803921568627,-0.003475748475748497,C,2
5.0,3.949136356346864,954.5,12.941176470588236,0.2584528669614712,H,2
0.0,1.8064710008908413,1198.0,13.72549019607843,-0.7912070268115813,J,2
0.0,2.0099657537085256,950.5,13.72549019607843,-0.0005235337378194926,J,2
48.0,1.756725192949701,2988.0,16.862745098039216,-0.15212650953443052,G,3
33.0,1.832755126689877,2058.0,18.823529411764707,0.1944646798560789,C,3
12.0,3.1338005049914295,904.0,21.96078431372549,0.0639715767409923,H,2
0.0,4.43779968681499,949.0,12.15686274509804,0.707687673464747,I,2
21.0,3.971760997426525,2103.5,14.901960784313726,1.1024805016057502,A,3
44.0,2.9395438713948683,2717.5,16.07843137254902,0.40729507947295285,J,3
35.0,1.779927227904093,2224.5,24.31372549019608,0.1213026315789474,A,3
0.0,9.497237797717261,0.0,0.0,-0.0018458498023714576,I,1
12.0,1.2682817879342136,946.5,13.333333333333334,0.15274366381871451,H,2
23.0,4.446230409978205,2246.5,14.901960784313726,-1.1320762340764339,B,3
0.0,1.4811050585550893,950.5,12.549019607843135,0.0033718892980694193,J,2
0.0,1.208653957257469,954.0,12.15686274509804,0.006292799453986975,J,2
0.0,1.0411459430228676,955.0,12.549019607843135,-0.002460905589917184,I,2
0.0,0.988731868191155,947.0,13.72549019607843,0.002945712954333435,J,2
32.0,0.9874755777482921,2087.5,19.215686274509803,0.1196494760632833,A,3
0.0,1.9925337135561147,950.0,14.509803921568627,0.00031575509836379023,C,2
0.0,2.065279319399296,949.5,14.901960784313726,-0.004989307489307482,I,2
61.0,1.1615357997330242,2595.0,15.68627450980392,0.3364077669902914,H,3
12.0,0.9378688141512799,988.5,19.607843137254903,0.1939668907144635,I,2
0.0,9.533936392042966,0.0,0.0,-0.0030701494746188107,A,1
105.0,4.1978028604678075,4476.5,19.607843137254903,-0.2090066475599076,F,3
56.0,1.6511985758423566,3516.0,87.84313725490196,0.12594589948427548,I,3
19.0,1.1978561375114318,1918.5,23.52941176470588,0.501708987245048,H,3
0.0,1.5333078843340846,951.5,13.72549019607843,0.002922579770405803,H,2
28.0,2.656860930516647,952.0,12.15686274509804,0.8874177026474621,A,2
2.0,1.6515992470453573,959.5,13.333333333333334,-0.0405161290322581,E,2
17.0,1.0396665345132396,1796.0,18.823529411764707,-0.0558052957864873,G,3
33.0,0.9578182331698278,962.0,12.941176470588236,-0.16153068210107058,G,2
0.0,2.0633374818285093,947.5,13.72549019607843,-0.000511795693999062,H,2
0.0,1.8801054422734145,0.0,0.0,-0.005236379375642475,J,1
34.0,0.66165979306878,2132.0,19.215686274509803,0.19420321904505505,J,3
0.0,1.7696881772048243,955.5,14.117647058823527,0.005128227921240902,H,2
0.0,9.116153574318062,0.0,0.0,-0.0010299003322256084,F,1
0.0,1.027987678794462,948.5,12.549019607843135,-0.0010741370021962737,H,2
36.0,2.404644575951614,2306.5,28.62745098039216,-0.26009154583435734,C,3
0.0,1.9762591184909324,951.5,14.117647058823527,0.0012473891456943054,C,2
0.0,9.459823840571545,0.0,0.0,-0.7480296484073625,G,1
0.0,1.7065011022978862,951.5,14.117647058823527,-0.004921322329040412,C,2
0.0,9.067805587052822,0.0,0.0,0.00974643284089538,H,1
0.0,8.322132133910149,0.0,0.0,0.0007338477044447345,A,1
0.0,9.46056263175243,0.0,0.0,-0.7477817277448611,D,1
0.0,0.9477057633353677,950.5,13.333333333333334,0.0003369251617415525,I,2
0.0,3.0629535073577747,945.0,12.549019607843135,-0.8470213145404859,B,2
19.0,0.9985087861696246,1211.0,13.72549019607843,-0.09100445189336412,G,2
0.0,0.521869999210627,942.0,12.549019607843135,-0.0013203634669152198,A,2
0.0,9.469622059634483,0.0,0.0,-0.003409090909091028,G,1
51.0,0.7146230867299271,2166.0,72.54901960784314,-0.092010963525195,A,3
0.0,1.027223165823083,951.5,12.549019607843135,7.07260933249243e-05,G,2
1.0,2.0323664216436685,1411.5,19.607843137254903,-0.06945958537153518,C,2
53.0,1.1898775795121495,2266.5,20.7843137254902,0.07861348968659032,G,3
35.0,1.524880696217023,2181.5,22.745098039215687,-0.24604910714285722,H,3
0.0,9.487231493347052,0.0,14.117647058823527,0.0027873041372726975,A,1
14.0,1.7632064067708426,1491.5,20.7843137254902,0.1061719833564494,J,2
0.0,9.460305072928112,0.0,0.0,0.7334953199367886,E,1
27.0,4.23055906990484,2750.5,21.176470588235293,0.437664592045123,G,3
66.0,3.161783293667515,2802.0,88.23529411764706,0.8063948725652195,H,3
45.0,0.9467739632906242,2842.5,16.470588235294116,0.1367347670250897,C,3
0.0,9.497528219772791,0.0,0.0,1.384231999754905,C,1
1.0,4.648567512646392,949.5,12.941176470588236,-2.845721565990016,B,2
0.0,9.48267085528053,0.0,0.0,0.7833846740789188,H,1
36.0,1.1120858329287808,1558.5,13.72549019607843,-0.11296094939922147,C,3
0.0,5.138528317819664,949.0,12.15686274509804,-0.6962318145787147,A,2
19.0,4.736622427557093,2006.5,20.7843137254902,-0.028718553459119,G,3
79.0,1.7552579125698777,2666.0,19.607843137254903,0.08228776504412427,G,3
5.0,2.693985052697667,1660.5,21.176470588235293,0.013658503401360655,F,3
46.0,2.9583587855358884,2994.0,85.09803921568627,0.23066890443644583,D,3
0.0,9.4685045897491,0.0,0.0,1.2594746543778803,A,1
0.0,1.610419454901622,1199.5,15.294117647058822,0.00424914694859313,F,2
17.0,4.021687779161141,1690.5,21.96078431372549,-0.11069330257684218,C,3
3.0,0.5897635455390697,1576.5,18.431372549019606,-0.03764272600104912,H,3
41.0,0.5296905942693925,2547.5,16.07843137254902,1.088201566951567,E,3
37.0,0.8276766827765779,2304.0,14.901960784313726,1.2532780305937827,F,3
7.0,1.992782271037392,949.0,14.509803921568627,0.20093917656278237,A,2
38.0,1.0560367915933873,2401.5,17.647058823529413,0.13079311211664146,D,3
0.0,9.531492331239795,0.0,0.0,0.7083850931677022,E,1
2.0,0.3939918043918443,1559.0,17.254901960784313,0.7821879635559779,B,3
0.0,0.8587827444865807,950.5,12.15686274509804,0.005580679689590529,F,2
0.0,9.475590463675445,0.0,0.0,0.69778264632695,J,1
0.0,2.2559785575584375,944.0,14.509803921568627,-0.0020930392358963212,F,2
49.0,0.5740880740047247,2090.0,15.294117647058822,-0.017058069319215774,D,3
24.0,4.278201326623388,2364.5,16.07843137254902,0.0989904907195518,D,3
0.0,3.632696041393134,954.0,12.15686274509804,0.8198659114427316,E,2
26.0,0.8271380652020601,2603.0,20.7843137254902,0.050032354055077666,C,3
0.0,9.070877373790841,0.0,0.0,0.00023602369492747854,E,1
0.0,0.7830546090868268,945.5,12.549019607843135,0.0016276439541251797,D,2
39.0,0.5008613177318341,2435.0,15.294117647058822,-0.034468038909154064,A,3
0.0,1.6840231105895793,0.0,0.0,0.0008876921483629008,A,1
0.0,9.530748037645557,0.0,0.0,0.691166220568888,E,1
9.0,1.8532092674301217,1798.5,23.52941176470588,0.017644086021505356,C,3
24.0,2.0651531259082994,2368.0,21.96078431372549,0.005503894080996885,G,3
0.0,1.702090329203822,0.0,0.0,9.475384475388093e-05,B,1
0.0,0.23242444595479286,949.5,12.549019607843135,-0.008937167486025901,C,2
17.0,1.0371512719792377,1683.0,23.52941176470588,-0.09759321795412979,J,3
0.0,8.290510222664684,0.0,0.0,-0.0031610661066112655,D,1
0.0,9.065979102046022,0.0,0.0,-0.0012683656811174338,G,1
46.0,4.19567053816,2836.5,87.84313725490196,0.7555852987421388,A,3
39.0,0.478385737278646,2459.5,22.352941176470587,0.5255879058188984,G,3
0.0,9.065536082223321,0.0,0.0,-0.0011875938674918984,F,1
0.0,9.496175271697412,0.0,0.0,-0.004440834424302764,D,1
46.0,2.0450014447794236,2881.5,18.823529411764707,-0.08440449915110304,I,3
0.0,0.9749862254191161,950.0,13.72549019607843,-0.0014347154321556754,G,2
23.0,1.1221711183095615,954.0,12.941176470588236,0.027880098689480604,G,2
0.0,0.5190872793299743,957.0,13.72549019607843,-0.001984997709573999,G,2
0.0,1.106718389430079,947.5,13.72549019607843,0.0012311067771818562,H,2
43.0,0.21315673986448025,1466.0,13.333333333333334,0.1008251362629875,F,2
24.0,5.2322773532489,2375.5,87.84313725490196,-0.2526766341465674,G,3
0.0,1.6653105334383593,0.0,0.0,0.0042436283913400985,J,1
21.0,1.7896017557276056,2159.0,23.137254901960784,0.006919335577027397,I,3
47.0,0.7983483398869244,2936.5,16.862745098039216,0.10917988862036349,E,3
51.0,1.815028144994081,1724.0,16.07843137254902,-0.0719704641350212,I,3
0.0,5.593279900938645,1096.5,16.470588235294116,-0.01111406654712166,F,2
33.0,4.50857341984336,1415.0,14.117647058823527,-0.15915178571428523,G,2
0.0,1.6767852111249844,951.0,13.72549019607843,-0.0004397657042709002,E,2
23.0,2.5148145487678226,2329.5,29.80392156862745,-0.08545364011701473,D,3
0.0,9.456145465973107,0.0,0.0,0.0011347517730496692,J,1
0.0,1.5580719036552106,953.0,13.72549019607843,0.0017735849056602915,J,2
0.0,9.475354405365975,0.0,0.0,-0.7081083216207047,A,1
0.0,9.472031329485345,0.0,0.0,0.0005303441124149266,J,1
32.0,0.873074648409596,2026.0,14.901960784313726,-0.006435862825325822,A,3
24.0,1.565451816898833,1515.5,25.49019607843137,0.034326805506251556,E,3
0.0,0.6915444471046391,951.0,13.72549019607843,0.0005615277455305323,A,2
28.0,2.802593701430092,2874.5,21.96078431372549,-0.14600501964207746,B,3
0.0,8.753203779973346,1173.25,17.647058823529413,-0.0035879732739419884,C,2
13.0,3.83760077506515,1349.0,18.03921568627451,0.15408832540514394,I,2
0.0,0.4833127059249165,952.0,12.15686274509804,0.002363797244343435,C,2
0.0,1.7162009354007959,0.0,0.0,0.003973063973064017,A,1
43.0,1.878222962912803,2693.5,16.470588235294116,0.5986787082649152,H,3
0.0,1.2762379433457323,954.0,12.15686274509804,0.0030430931657946525,D,2
0.0,9.525453350106291,0.0,0.0,0.7047670631421734,H,1
17.0,0.7759281117259155,1789.5,25.098039215686278,-0.2276325088339223,E,3
0.0,9.533215046136453,0.0,0.0,0.7141654946085325,C,1
42.0,0.8573237215713203,1779.0,14.117647058823527,-0.15172275009335712,A,3
0.0,2.009409668327505,951.0,14.117647058823527,-0.00408674313759072,F,2
26.0,3.3821538049868467,1636.5,13.72549019607843,1.2971985062893083,C,3
28.0,0.7404762800892273,1798.0,14.117647058823527,0.17957283410229108,E,3
34.0,2.325130488978469,2144.0,39.21568627450981,1.987137353186889,D,3
0.0,9.518119226598658,0.0,0.0,-1.4074133093359178,I,1
0.0,0.8579220250115379,947.5,12.549019607843135,-0.0059978522769219555,J,2
0.0,1.0268738527226988,948.5,12.549019607843135,-0.0048185532323961056,I,2
0.0,0.4825734809916229,949.0,12.549019607843135,0.0032919011161332,G,2
0.0,9.066086703182012,0.0,0.0,-0.0010190749934677612,J,1
0.0,8.761291675319248,0.0,0.0,-0.01099575018477461,B,1
31.0,0.5397765295315345,1932.5,18.823529411764707,1.0643806309891437,F,3
0.0,9.44160951719942,0.0,0.0,-1.4346157715162766,G,1
27.0,1.8616394211936107,1677.5,25.88235294117647,-0.028892032404894186,B,3
0.0,1.9723395855984658,948.0,13.72549019607843,0.0030303030303029943,B,2
0.0,2.2315330713090598,947.5,14.509803921568627,-0.0029409313587476227,I,2
0.0,1.0601133993856187,946.0,12.549019607843135,-0.0005413770979955101,H,2
0.0,2.0004139718077982,950.5,13.72549019607843,0.0010856588483706964,I,2
21.0,1.0757649397315177,1025.5,14.509803921568627,0.1474785087719299,A,2
0.0,1.0594406221903472,948.5,12.549019607843135,9.79450099894974e-05,H,2
41.0,2.0336813475722457,2599.5,15.68627450980392,0.20722097040709037,J,3
32.0,0.7637027229002997,1357.5,13.333333333333334,-0.04965875754961169,A,2
0.0,9.068849715969707,0.0,0.0,-0.000684223061481859,B,1
7.0,2.4747861255135826,949.0,14.509803921568627,0.7274466584376655,J,2
28.0,2.2676637720291035,2789.0,19.607843137254903,-0.3507447407020434,C,3
40.0,0.6453068573717005,2533.0,15.68627450980392,-0.02028657616892915,I,3
3.0,3.254280111189602,1452.0,24.31372549019608,-0.08651138258755453,F,2
36.0,0.8844023508710533,2255.5,15.294117647058822,-0.5637206587194298,J,3
0.0,9.486686572015861,0.0,0.0,0.7897926221154548,F,1
0.0,0.5501397152199845,952.0,12.549019607843135,-0.03247411187348437,B,2
18.0,4.200322150026114,997.0,12.941176470588236,-0.8067267976424359,G,2
38.0,1.040287035093976,2401.5,17.647058823529413,-0.24486544605554195,A,3
28.0,4.213266850881254,1036.5,12.941176470588236,0.5151679280983918,F,2
51.0,0.8214210341060812,2181.0,17.254901960784313,0.12662443765384945,A,3
0.0,0.41580247001170495,950.0,14.117647058823527,0.0033568345648882225,D,2
32.0,3.524306582703736,1056.0,13.72549019607843,-0.05609523809523809,C,2
0.0,1.9856131952184461,940.5,13.333333333333334,-0.003016301630163004,B,2
0.0,1.1641875892131874,947.0,13.333333333333334,-0.004044499044498995,C,2
44.0,1.1377356773601501,1479.5,13.72549019607843,-0.0894951677578181,E,2
13.0,2.2173600800293283,2549.0,23.52941176470588,-0.0786274509803922,B,3
0.0,2.237735815733799,943.5,13.72549019607843,-0.00042290918129839206,G,2
0.0,2.2328014481042238,952.5,13.72549019607843,0.0025945263445263933,G,2
0.0,1.8131626948768391,0.0,0.0,0.0021568627450980205,C,1
0.0,9.069011734542437,0.0,0.0,-0.0019205689444783403,I,1
44.0,1.6514622200647686,2900.5,16.07843137254902,0.19507351008109364,C,3
0.0,4.328322000289417,953.5,12.549019607843135,-0.020203369024074824,F,2
27.0,4.753197928788245,1968.0,14.901960784313726,-0.07874061006617428,D,3
40.0,3.9739830666047116,2521.5,15.68627450980392,0.024245647108108948,G,3
14.0,2.0463398241289488,1431.0,20.392156862745097,-0.0014268886695743,G,2
0.0,9.509461494911358,0.0,0.0,1.5010918497973118,I,1
0.0,1.6049725282181362,948.5,14.117647058823527,0.0023009250861600883,E,2
0.0,1.6929434988560232,954.5,13.72549019607843,-0.0008426979335964258,E,2
16.0,3.8941864543376314,2952.0,16.07843137254902,0.0007297683975000524,G,3
17.0,1.1340176154768031,1696.0,24.705882352941178,-0.0816295050961437,D,3
0.0,9.066894812752558,0.0,0.0,-0.0027727234554770774,D,1
16.0,1.6491401411084572,1597.5,44.70588235294117,-0.1554746835443038,H,3
51.0,1.6161731221957034,2166.0,72.54901960784314,-0.8966418641289305,B,3
0.0,2.016443029477655,0.0,0.0,-0.0005736334259824061,J,1
0.0,1.7335811098702845,950.0,14.117647058823527,0.0015136677509559049,A,2
24.0,3.4201651679098823,957.0,12.549019607843135,0.996941588094221,B,2
50.0,1.8082773061167516,1702.0,16.862745098039216,0.07466790058170289,B,3
8.0,4.486729146513549,1073.0,27.45098039215686,1.2117740771140095,B,2
41.0,1.7433857091067222,2552.0,22.745098039215687,0.0057392913802220835,C,3
36.0,0.9034160482307858,1536.5,18.431372549019606,0.10644541902397331,I,3
0.0,1.050995453678601,953.0,12.15686274509804,-0.0005031662995594877,I,2
0.0,1.6199046217337167,953.5,13.333333333333334,0.00038144306600679245,G,2
0.0,2.1852340360188887,931.0,14.117647058823527,-0.0002917308680021047,I,2
0.0,9.49503790843374,0.0,0.0,-0.0005651939576686305,J,1
43.0,4.134434772614941,2708.5,88.23529411764706,2.9103440389582227,C,3
0.0,1.1484460107984755,940.5,13.72549019607843,0.0007183483107723321,C,2
7.0,4.098638908896382,1666.5,17.647058823529413,0.08648427555038118,B,3
3.0,0.9836559952645078,1121.5,12.941176470588236,8.454054517403886e-05,I,2
0.0,0.5188751351680784,956.0,12.549019607843135,-0.0015255474452554596,F,2
52.0,4.793993902120792,2204.0,21.176470588235293,0.2198154856687906,G,3
6.0,1.8690916826140969,946.0,14.117647058823527,-0.016026322841300206,G,2
0.0,9.069698481554017,0.0,0.0,-0.00018924884762760996,B,1
0.0,2.002332898270033,951.0,14.901960784313726,0.0004136604136604216,C,2
0.0,1.9763957435995947,951.5,13.333333333333334,-0.004039075047853724,E,2
52.0,2.035001786601407,2227.0,34.90196078431372,1.0395796218159086,E,3
13.0,1.7161375321815795,1405.5,18.03921568627451,0.10533713080168766,A,2
0.0,1.2138434645937648,955.5,13.72549019607843,-0.0020306843267108854,B,2
37.0,1.7174753771014772,2272.0,15.294117647058822,-0.6544290674603174,C,3
0.0,1.6262104101437111,946.5,13.72549019607843,0.0034858827900065004,B,2
51.0,1.9250562256350678,1718.0,14.901960784313726,0.15367786518404614,I,3
30.0,4.024017053653159,3045.0,27.058823529411764,0.5005974842767296,J,3
0.0,2.008998351339495,947.0,14.117647058823527,-0.0054019260123912005,H,2
0.0,9.49471410535339,0.0,0.0,0.005684241405979118,J,1
35.0,1.920241048189134,2188.0,24.705882352941178,0.08535701526055228,H,3
44.0,3.882595108138773,2753.0,27.058823529411764,-0.7548510220125787,G,3
2.0,3.7265756470998963,1149.0,12.15686274509804,0.02136812106918229,A,2
0.0,4.830998225584194,947.5,12.549019607843135,-2.120833585019632,F,2
1.0,4.567578037932847,1640.5,21.56862745098039,-0.7201073717948718,J,3
7.0,1.068627917837962,944.5,14.117647058823527,-0.0007002087495229237,C,2
20.0,2.1363031540952457,1253.0,13.333333333333334,0.2689905362776026,E,2
3.0,0.7834595838136144,1121.5,12.941176470588236,0.034835347599512234,I,2
0.0,1.7759262182924849,948.5,14.117647058823527,-0.000171762671762693,I,2
45.0,3.023061034383331,944.5,12.549019607843135,1.4119533605680386,H,2
7.0,0.8410556807179101,991.0,14.117647058823527,0.016340433022355216,D,2
28.0,2.3074333042863486,2789.0,19.607843137254903,0.28101599042749936,F,3
24.0,2.513479692173429,2439.5,24.31372549019608,0.4188679245283018,F,3
0.0,0.5289805242550267,956.0,12.549019607843135,-0.0030403191478830527,B,2
0.0,1.6866849927705745,950.5,14.117647058823527,0.00017926089354658448,A,2
33.0,1.762346033259442,3335.5,21.96078431372549,-0.12384703431776939,C,3
29.0,1.9567456681478432,2882.5,15.68627450980392,-0.09348203246322906,A,3
50.0,1.9719353333584277,1694.0,16.862745098039216,-0.1384491041421826,A,3
0.0,8.373741030559813,0.0,0.0,-0.00550000000000006,E,1
18.0,4.6655610956116655,1856.5,26.666666666666668,-0.5580809293282014,G,3
0.0,9.49312227831405,0.0,0.0,0.0020432692307692513,J,1
38.0,1.1802121830270347,2400.0,20.392156862745097,-1.0447499063504269,C,3
22.0,1.907508850034959,2174.0,30.588235294117645,1.1144965644105396,D,3
29.0,4.126167245274958,1806.5,16.470588235294116,0.6954660035654188,I,3
0.0,9.113652650995546,0.0,0.0,0.00033895650617488116,H,1
31.0,0.7602656317263133,1947.5,16.862745098039216,1.7916005947477338,E,3
0.0,9.11490815260663,0.0,0.0,1.088328529625311,J,1
25.0,0.5853528766716588,2525.5,16.07843137254902,-0.4921085527285593,E,3
37.0,0.592978002233483,2272.0,15.294117647058822,-0.09026009012539182,B,3
0.0,1.05713891760262,941.0,12.941176470588236,0.0008313337812330124,I,2
44.0,0.6407630964554216,1856.5,14.509803921568627,-0.1651964439346143,C,3
0.0,1.053178633680678,951.5,12.549019607843135,-0.002039312039312069,G,2
20.0,1.4009527218624152,2079.0,20.7843137254902,0.017384879215802562,I,3
0.0,0.8885073164245918,941.0,14.117647058823527,-1.694915254235596e-05,I,2
27.0,1.4211773040488038,1742.5,14.117647058823527,0.01234161443781634,I,3
0.0,9.453731082391755,0.0,0.0,-1.5562845645790113,G,1
18.0,4.373647587202801,1818.0,18.823529411764707,0.17210969615199545,I,3
37.0,1.2622520944423652,2338.5,15.294117647058822,0.0790781124413047,F,3
19.0,4.787353459076837,1927.0,24.705882352941178,-1.4834700315457412,D,3
0.0,1.1375905860355513,947.5,13.72549019607843,0.00041947237339723387,I,2
0.0,9.492473470162777,0.0,0.0,-0.7236756452158233,E,1
5.0,2.441903591842234,1660.5,21.176470588235293,-0.21943866858434358,E,3
0.0,1.0421529407185042,944.0,12.549019607843135,-0.00031038912602054936,B,2
0.0,1.1263822313761094,952.0,12.941176470588236,-0.0034467494008640354,A,2
41.0,1.0177127308078047,1732.5,19.607843137254903,0.03862151572581496,E,3
19.0,1.8102070858604942,1209.0,15.68627450980392,-1.062690582061451,C,2
32.0,0.3017046347727781,1357.5,13.333333333333334,-0.1354098360655738,C,2
0.0,1.609131897901451,961.5,14.509803921568627,-0.007652427693854769,C,2
19.0,2.549034321768686,946.5,12.941176470588236,-3.3103856247102303,F,2
0.0,2.015153256666525,948.5,13.72549019607843,-0.009310039905677525,C,2
0.0,9.488364910227187,0.0,14.117647058823527,0.0016908212560387062,C,1
40.0,1.8482684691426878,2493.0,25.49019607843137,0.0367827817343947,A,3
4.0,0.37133946587784405,971.0,13.72549019607843,-0.06522603978300182,A,2
15.0,0.4263779651297654,964.0,14.509803921568627,0.0562171052631579,E,2
21.0,0.25960160239891533,2189.5,15.294117647058822,-0.0931207874951345,F,3
46.0,3.8948288803030984,2901.5,20.392156862745097,1.2164710845221658,A,3
82.0,1.2093390702358147,2741.5,16.07843137254902,-0.17586524618485455,D,3
52.0,4.429520699425048,2199.0,14.901960784313726,0.00979729729729728,A,3
6.0,1.722460970585228,960.0,23.52941176470588,0.1340516865684651,E,2
42.0,1.8909367435433742,1795.5,14.509803921568627,0.037459283387622166,I,3
27.0,1.8088997466538406,1756.0,20.7843137254902,0.28028918891064625,I,3
0.0,9.494586369521732,0.0,0.0,0.006654095187237141,B,1
0.0,1.5903364139720726,948.5,13.72549019607843,0.0008530979959550655,B,2
41.0,4.630062620001022,2542.0,21.96078431372549,-0.04693932022985514,E,3
0.0,9.528610576858682,0.0,0.0,0.022606123729786765,G,1
16.0,2.0806116262560876,1631.0,14.509803921568627,1.3204485756029132,E,3
11.0,0.485286511165141,1213.0,13.333333333333334,-0.14093548387096766,F,2
66.0,1.3784176773762264,956.0,12.941176470588236,-0.25327338836477975,H,2
26.0,4.748125213596244,2596.0,25.88235294117647,0.31306296665007505,B,3
49.0,1.5754992438120763,1643.5,14.509803921568627,0.10527412280701748,D,3
33.0,0.8989946153444491,1083.5,13.72549019607843,0.0363712720632989,J,2
30.0,4.736753810174268,1914.5,20.392156862745097,-0.6906452604515989,H,3
23.0,3.0005220870098994,2343.0,15.68627450980392,-0.18298975761689906,D,3
53.0,1.1059346767804672,3263.5,16.862745098039216,0.8860746424470195,H,3
0.0,2.9035126865765735,921.0,14.117647058823527,0.006988448844884587,F,2
0.0,9.486036714150472,0.0,0.0,0.0029882874327318287,C,1
0.0,1.507939483451953,0.0,0.0,-0.018541040137936504,J,1
0.0,9.46351470999256,0.0,0.0,1.4340889114266395,C,1
27.0,2.67136141675797,2687.0,30.980392156862745,0.08691491310187632,H,3
0.0,1.2061364978955171,949.5,13.72549019607843,0.003550546386988096,D,2
0.0,2.022116219263953,940.5,13.333333333333334,-0.0087219417305969,F,2
0.0,1.0151706706407388,962.0,12.941176470588236,-0.0011961194376669537,A,2
12.0,1.9018442309773949,2188.5,20.392156862745097,-0.6763920265780731,D,3
27.0,3.4879016280831014,2797.5,19.607843137254903,0.024312782014934253,G,3
4.0,0.6103979270419481,946.5,12.549019607843135,0.003000450450450387,G,2
0.0,1.969474591368023,950.0,13.333333333333334,0.0011651397159871124,A,2
0.0,0.4166886784570591,959.5,13.333333333333334,0.008456375838926111,J,2
21.0,0.9038001121295942,1085.0,13.333333333333334,-0.02509493670886076,D,2
0.0,1.1693541425003118,940.5,13.72549019607843,0.004222273998136017,H,2
0.0,9.46812635073149,0.0,0.0,0.6985035930099623,J,1
27.0,1.4318986733363013,1700.0,25.098039215686278,0.12347850845741759,G,3
0.0,8.159712712582623,0.0,0.0,-0.006594986408939629,E,1
85.0,0.46203617540200387,2848.0,16.470588235294116,0.7145901062910647,H,3
6.0,1.8115145595193987,948.0,14.117647058823527,0.03739999999999999,E,2
0.0,2.2265058386075784,947.0,13.72549019607843,0.0029512139257896752,G,2
28.0,3.5261338634827806,1036.5,12.941176470588236,-0.014329682539682143,C,2
0.0,1.464709583414422,950.0,14.509803921568627,1.1049379286888499,E,2
0.0,1.5110913772317947,0.0,0.0,0.006688079470198602,J,1
0.0,9.466053630005664,0.0,0.0,0.7042371799615212,F,1
0.0,1.6012478766339056,948.0,14.117647058823527,0.0029830508474575357,C,2
36.0,2.8707698990192414,2246.5,15.294117647058822,2.388850475643235,E,3
41.0,0.9321186027428183,943.5,13.333333333333334,0.021990842490842488,A,2
0.0,1.5532563443163383,953.5,13.72549019607843,-8.428807086530155e-05,D,2
0.0,9.496483112863679,0.0,0.0,-0.00373549790525296,G,1
0.0,1.4415949348613997,949.0,14.117647058823527,-4.868504868510426e-05,E,2
18.0,3.995444902906297,958.5,13.72549019607843,0.022481657663468546,H,2
0.0,0.5518412826516647,944.0,12.941176470588236,0.00011933443982414804,F,2
44.0,2.3392393580659485,1856.0,14.509803921568627,-0.38808156617271305,F,3
14.0,1.6357747395339457,1463.0,17.647058823529413,0.9916503041559794,F,2
13.0,4.20540922415545,1307.5,15.68627450980392,-0.14693821862348155,B,2
0.0,1.9764595503415272,951.5,13.333333333333334,0.0032770270270270074,I,2
0.0,9.489135739749731,0.0,14.117647058823527,0.0010668886198546973,I,1
0.0,1.623078200956925,945.0,14.117647058823527,0.0038383838383838076,I,2
35.0,0.7094865670143679,1484.0,13.72549019607843,0.24584829059829058,C,2
0.0,0.5480644346780621,954.0,12.549019607843135,0.00011226774798767103,D,2
27.0,0.9105892849723827,2715.0,25.098039215686278,-0.05374744072386228,F,3
16.0,0.8742402040876913,1032.5,12.941176470588236,0.02941648035771316,E,2
12.0,1.865606239843917,2349.5,19.215686274509803,0.44884207803246584,H,3
47.0,1.4896704143638906,2955.5,25.098039215686278,0.16156549520766778,B,3
16.0,1.8627602449183451,989.5,14.509803921568627,0.003064279937927572,F,2
58.0,0.9223462147062743,2472.5,16.07843137254902,0.16826431360616667,G,3
43.0,3.4649102285566156,2678.0,16.07843137254902,-0.010189992053071695,D,3
0.0,9.460403929923139,0.0,0.0,0.6761854913365062,B,1
22.0,0.36671880299335863,994.5,14.901960784313726,-0.017772008122171,E,2
0.0,7.524827917864466,0.0,0.0,1.0263026383269693,F,1
0.0,9.070528334739354,0.0,0.0,-0.0018838006230526005,F,1
58.0,3.0036375847023944,3561.5,17.647058823529413,-0.2834702318361624,H,3
33.0,0.6270755612815686,2046.0,20.7843137254902,0.1470058004280531,C,3
0.0,1.050921504284351,948.0,12.549019607843135,-0.0005006581541976418,J,2
0.0,2.0728325129750926,1562.0,15.294117647058822,-0.01714225922988799,C,3
0.0,1.0577390692658621,948.0,13.333333333333334,-0.002066413576480741,C,2
24.0,0.7955838543588026,2463.5,27.058823529411764,0.08755612223997389,E,3
0.0,9.442333986050173,880.25,17.254901960784313,-0.009765969280793999,B,2
25.0,0.5125117796297715,2525.5,16.07843137254902,-0.5087535973891114,F,3
36.0,5.299088587713044,2246.5,15.294117647058822,-0.5174186661855789,F,3
0.0,1.5616554591232652,951.5,13.72549019607843,3.435253435260521e-05,A,2
0.0,1.0363263460961991,952.5,12.549019607843135,0.0027612647371968446,E,2
0.0,2.1573713878677276,971.0,13.333333333333334,-0.0013558260247001908,A,2
50.0,1.8230126331069723,1702.0,16.862745098039216,-0.00629944645518421,F,3
13.0,1.4332437263427742,2410.5,22.745098039215687,-0.1599679487179489,B,3
3.0,2.189345542907743,931.5,24.31372549019608,0.002279761904761868,J,2
0.0,9.067948878409826,0.0,0.0,-0.001496139248790218,E,1
0.0,2.1087436337427965,949.5,13.72549019607843,0.003486025558518069,G,2
3.0,0.8596204686741811,1121.5,12.941176470588236,0.03147097337407223,J,2
0.0,1.5608834701265966,944.0,13.72549019607843,7.989499514929332e-05,A,2
20.0,1.1080697220231481,1285.5,11.372549019607844,-0.18172202001819837,E,2
18.0,4.642979798173798,3319.5,21.96078431372549,0.35314229559748433,F,3
0.0,9.492877737752124,0.0,0.0,-0.005724909377349374,I,1
0.0,2.2308569817036625,947.0,13.72549019607843,0.002631050859550621,D,2
0.0,9.53287151940651,0.0,0.0,1.5163741339491916,F,1
0.0,1.2813999902747495,947.5,14.509803921568627,0.0024782286138218534,F,2
0.0,9.493260871904951,0.0,0.0,0.0024582267689684523,H,1
0.0,9.49505493106791,0.0,0.0,0.0011931713452385528,D,1
0.0,2.006763878215293,948.5,13.72549019607843,-0.0006702156702156903,E,2
0.0,0.5922408302191652,952.5,12.549019607843135,0.0003913311534607944,J,2
0.0,1.616982591221557,1189.5,16.862745098039216,0.0006121257167127636,I,2
0.0,9.115415093934747,0.0,0.0,0.0050737488276917375,E,1
0.0,9.487266810763646,0.0,0.0,0.0006504913391828238,H,1
6.0,0.7763763264990036,1584.5,21.96078431372549,0.002219256203361053,E,3
0.0,9.49862373822741,0.0,0.0,-0.0001655017273237691,E,1
51.0,1.8131951837320248,2182.0,53.72549019607843,-0.05196795770849039,A,3
0.0,1.7107189539109935,955.5,13.72549019607843,0.002076213536262028,J,2
26.0,0.5204218435049182,1620.0,14.509803921568627,0.2534770031539637,J,3
33.0,0.8473780752520967,2070.0,14.901960784313726,-1.0485512636120813,F,3
0.0,2.91580188403888,951.5,12.549019607843135,-0.011696695294996395,F,2
0.0,9.470583455032159,0.0,0.0,-0.7049284539246949,J,1
31.0,0.43853650461580074,3071.5,16.862745098039216,0.029267313874518253,H,3
0.0,9.48544543154411,0.0,0.0,1.5608937827903615,J,1
0.0,8.900622060380284,0.0,0.0,-1.0354792445735057,B,1
0.0,9.06915485932872,0.0,0.0,0.008417508417509545,I,1
0.0,1.4256998125676932,948.0,13.72549019607843,0.0011342251950945403,J,2
26.0,1.7625058777808025,2647.5,16.862745098039216,0.10345434007397719,C,3
0.0,2.0120956125096465,948.5,13.72549019607843,0.0024547274547275233,A,2
45.0,4.325496516823395,1930.0,18.431372549019606,0.28083524950099825,B,3
0.0,4.096809962191338,947.5,12.549019607843135,0.016822388000867328,I,2
0.0,1.1605541928381646,948.0,13.333333333333334,0.0036211211211210625,C,2
31.0,0.8295488937943464,1919.5,14.509803921568627,-0.06160904827247221,D,3
0.0,0.5700417977582773,939.5,13.333333333333334,0.0005526181135936392,E,2
0.0,0.9214776603337336,950.5,12.549019607843135,0.003457334785766264,D,2
21.0,4.550402565038202,1351.0,59.2156862745098,0.18496875000000013,A,2
1.0,0.8631464935430395,947.0,13.333333333333334,-0.006225412541254083,I,2
0.0,1.6642736287670359,0.0,0.0,-0.001864829072299179,A,1
0.0,1.5390619115931639,954.0,12.549019607843135,-0.002258628841607546,I,2
13.0,2.540280319324393,968.0,14.509803921568627,1.6136958234830578,G,2
0.0,1.8246186322492648,947.0,14.117647058823527,0.012363591767565296,G,2
0.0,9.469284681666755,0.0,0.0,0.03752090508863748,G,1
37.0,1.279937795197209,2301.5,16.07843137254902,-0.0992144293614881,C,3
0.0,1.240386616812359,951.5,12.15686274509804,-0.4022971166309336,A,2
7.0,1.6727162889254181,1188.0,9.803921568627452,-0.09742198838896957,J,2
3.0,1.95358499520694,1245.5,23.92156862745098,0.021730975348338705,B,2
18.0,1.7411383209185263,1838.0,20.0,1.0424127480586713,H,3
1.0,1.686531488787414,949.5,12.941176470588236,2.325583855568434,C,2
37.0,1.1167289017194375,2291.0,19.215686274509803,0.14607436760395176,B,3
0.0,0.8604145299026128,956.0,12.549019607843135,-0.001083294644839583,G,2
6.0,1.0501130505869525,953.0,13.333333333333334,-0.03629130966952271,J,2
6.0,1.9634727645384247,946.0,14.117647058823527,0.12066006600660073,E,2
0.0,1.6507358238385224,0.0,0.0,0.009090909090909101,F,1
0.0,2.682034849268523,946.0,12.941176470588236,2.1466321017776226,G,2
31.0,1.1307274550937894,1499.0,14.509803921568627,0.0017012944183362189,E,2
30.0,4.680132632685954,3049.5,25.49019607843137,-0.06777230850760319,I,3
0.0,1.9513504705893845,962.0,13.72549019607843,-0.004942182115000915,J,2
23.0,4.125223920346415,1512.5,14.509803921568627,-0.008055955896433264,H,3
0.0,1.662909383130176,0.0,0.0,-0.0021545385831099884,J,1
16.0,1.7928318155474101,1640.0,18.823529411764707,-1.0882566496580175,I,3
0.0,1.4331922210597696,950.0,13.72549019607843,-0.0014066030913856276,H,2
0.0,1.2503052282234932,952.0,14.509803921568627,0.0003933747412007138,F,2
6.0,4.657676481407542,955.5,12.941176470588236,0.8471751753478207,G,2
0.0,1.5865827043610987,0.0,0.0,-0.0470710526315789,D,1
2.0,1.8965417665377744,956.5,14.509803921568627,0.06968896247240619,G,2
0.0,1.6463442748359507,0.0,0.0,0.0005354844640559908,A,1
38.0,0.2695427981493806,2415.5,25.49019607843137,0.1560499551451984,E,3
0.0,9.08479496534748,0.0,0.0,-0.002681124342466923,I,1
0.0,9.474863343206223,0.0,0.0,0.0004947246173567788,A,1
0.0,2.0026354573582044,952.5,13.72549019607843,-0.0002693602693603081,H,2
0.0,3.897236894241565,953.5,12.549019607843135,-1.4134168112589158,A,2
0.0,9.46252239237596,907.0,16.862745098039216,-0.013673502194263304,I,2
0.0,5.716078266567364,1096.5,16.470588235294116,-0.05729551753967854,B,2
0.0,0.6146253877542442,1341.5,18.823529411764707,0.04220806794055204,C,2
18.0,4.269037701395755,997.0,12.941176470588236,0.05520973909131843,C,2
28.0,4.322847427616775,1788.5,14.509803921568627,-0.8560893775573177,D,3
24.0,2.1481107611064703,938.5,13.72549019607843,-0.31625245172378924,E,2
0.0,1.6457701993679559,0.0,0.0,-0.07467572062084257,B,1
50.0,4.870105108381568,5020.5,87.84313725490196,-0.1434111362235464,G,3
0.0,9.494147497362519,0.0,0.0,0.004251099364811384,A,1
32.0,4.6196529316168995,3182.0,37.64705882352941,0.6739635766532318,H,3
0.0,2.010795378881479,948.5,13.72549019607843,-0.00014655024824522522,F,2
0.0,1.056257789548504,950.0,12.549019607843135,-0.0004662441861567057,F,2
43.0,4.487844724116947,2718.0,24.705882352941178,-1.1158660121054396,F,3
25.0,4.306123250750568,2608.0,23.92156862745098,-0.1501548668204491,H,3
24.0,1.7768064747403765,2463.5,27.058823529411764,-0.01132930581193714,A,3
0.0,1.147883964781836,950.0,13.72549019607843,-0.0008525926927062111,C,2
52.0,1.6543382162712401,2208.0,32.94117647058823,0.08445141065830719,D,3
50.0,4.922050610573705,2144.5,16.07843137254902,0.049631173481382795,I,3
32.0,1.6935834732433215,2013.0,18.03921568627451,2.439044477761119,H,3
1.0,0.9912414276755421,955.0,13.333333333333334,0.011457042665108108,F,2
0.0,9.068378898080484,0.0,0.0,-0.0004208235080720435,B,1
0.0,1.6118982578482202,939.5,14.509803921568627,-0.002405450752766214,B,2
0.0,9.115783908174262,0.0,0.0,-0.0033983943590172316,F,1
0.0,1.5924788769813047,952.0,13.72549019607843,-0.0015772874203106996,B,2
0.0,9.465911227636171,0.0,0.0,-0.7863862559241708,H,1
0.0,9.52263887702672,0.0,0.0,1.4505734027741968,A,1
0.0,9.498708506504338,0.0,0.0,0.016354357204486636,E,1
0.0,1.0116563371246405,953.5,13.72549019607843,0.0032067567567567457,I,2
0.0,1.6094325275874302,944.0,14.117647058823527,-0.007434150251946825,D,2
0.0,0.9823070347912624,954.0,13.72549019607843,0.006237288135592989,H,2
0.0,1.9658835095124467,941.0,13.72549019607843,0.021093486929552596,D,2
14.0,0.5297144381980757,1212.0,13.333333333333334,-0.6736615384615383,I,2
2.0,1.529304496504077,955.5,14.117647058823527,0.5549953522959659,H,2
14.0,0.4717125762116301,1212.0,13.333333333333334,-1.2835459207459208,J,2
32.0,5.1800993821226,3221.0,29.80392156862745,-0.8518718842825788,C,3
47.0,2.3147566528225667,2943.5,36.86274509803921,-0.09729359809571536,G,3
46.0,1.2204579018490838,2845.0,16.862745098039216,-0.034426322622525096,I,3
0.0,9.502862294933486,0.0,0.0,0.0059098655293153834,H,1
50.0,3.1690894579315243,3090.5,20.392156862745097,0.08936576180239619,J,3
0.0,2.011235001498046,945.0,13.72549019607843,-0.00016778523489929809,B,2
39.0,0.850761786536492,1684.5,16.07843137254902,-0.07539432176656158,A,3
0.0,2.009165495183095,954.5,13.72549019607843,-0.00092795867539891,F,2
0.0,1.6149980695112802,956.0,14.117647058823527,0.00242424242424244,J,2
0.0,1.1196291851363716,948.5,13.72549019607843,0.00047699757869246184,E,2
0.0,7.661730080171913,0.0,0.0,-0.1346228539262594,E,1
34.0,1.1991544413052317,1102.5,14.509803921568627,0.3340812710527854,I,2
0.0,9.444935484665201,0.0,0.0,0.7733126491646778,F,1
0.0,0.5427977474815707,955.5,12.549019607843135,0.0005610957587408594,H,2
0.0,1.2588098455215597,944.0,14.901960784313726,0.00046790933388873857,D,2
0.0,1.548383327381532,948.0,14.117647058823527,0.0037458193979932955,E,2
0.0,4.30672613729308,949.0,12.549019607843135,0.0006868967215760691,A,2
17.0,7.036463224233544,1774.5,19.607843137254903,-1.229509409206777,J,3
0.0,9.489219723512061,0.0,0.0,0.004054222111677719,J,1
0.0,9.116278312300082,0.0,0.0,-0.0010486744038646911,B,1
38.0,2.3942111868822264,2367.0,87.84313725490196,-0.38739485969826526,B,3
0.0,1.7498683899300351,949.5,12.549019607843135,-0.002194069069069049,B,2
0.0,1.9916117305482561,0.0,0.0,0.004228187919463104,A,1
0.0,1.0566087542543297,948.5,12.549019607843135,0.0001112480786497061,B,2
0.0,9.537430160073557,0.0,0.0,0.004903767286599692,D,1
0.0,9.488138786729023,0.0,14.117647058823527,-0.0006746987951807004,B,1
19.0,5.382855966951968,1862.5,87.84313725490196,-0.26348815112899615,G,3
0.0,9.461277036340588,0.0,0.0,-0.7118335390311635,E,1
18.0,2.3251357105688175,1877.0,23.92156862745098,0.05193270241850678,E,3
37.0,3.907334285950777,3770.0,31.764705882352946,0.05382582917443024,E,3
22.0,4.169429164070462,956.0,12.15686274509804,-0.10007467532467551,H,2
0.0,1.6657918286949813,0.0,0.0,0.005390172915596597,D,1
1.0,2.099148269111023,1188.0,12.549019607843135,-0.06021806853582534,F,2
0.0,9.068311828637539,0.0,0.0,0.002119103086779095,B,1
0.0,1.7239660508387176,1679.0,21.176470588235293,0.14033512092534178,E,3
0.0,2.017651764326212,0.0,0.0,0.0018558466016092984,E,1
58.0,0.3976638137787527,2474.0,29.41176470588235,0.751395032051282,I,3
0.0,1.6528284274220024,0.0,0.0,-0.0028334759275103205,A,1
19.0,1.9028142563378336,938.5,13.333333333333334,-0.3008171496291766,E,2
0.0,9.467347150899807,0.0,0.0,-0.7042938843750318,H,1
34.0,0.4169612625226046,1433.5,13.333333333333334,0.09945974025974019,C,2
0.0,2.442069220362895,949.5,13.333333333333334,2.1418697618171296,J,2
0.0,9.068623543514498,0.0,0.0,0.0015179754534595524,F,1
31.0,4.3790646371795745,1923.5,20.392156862745097,-0.5270823181949269,E,3
0.0,1.534722345414568,1213.0,16.862745098039216,1.2568549014162733,C,2
0.0,9.482366951157486,0.0,0.0,-1.3844357556537374,D,1
0.0,1.0310625247513308,945.5,12.941176470588236,0.0021292872876021995,E,2
10.0,0.9335884520224508,1009.5,12.941176470588236,0.052698269826982724,H,2
3.0,0.40128818239579617,1285.5,14.509803921568627,0.0189946615275563,D,2
0.0,9.498662371827225,0.0,0.0,-0.0009201923076923579,D,1
0.0,2.234638541126072,943.5,13.72549019607843,0.002537003141029892,G,2
49.0,1.8168254339231864,2070.5,19.607843137254903,-0.03449890362326413,B,3
27.0,1.9631410450204225,2756.0,20.0,-0.25145364794559827,I,3
50.0,2.9161853312654844,3098.0,17.254901960784313,-1.1042910070068892,C,3
31.0,4.161873324956575,1965.5,14.509803921568627,-0.9454746835443043,J,3
12.0,1.037372204394833,980.5,14.117647058823527,0.1340317460317461,H,2
64.0,0.8621509342569728,2167.0,15.294117647058822,0.04994933829611248,G,3
27.0,1.1607471183060574,1188.5,13.333333333333334,-0.019690867337926132,F,2
42.0,1.9544333091721717,1568.5,15.68627450980392,0.2659572105419011,I,3
38.0,1.5297515279356968,1009.5,14.117647058823527,0.15106828992985577,H,2
0.0,1.0602472233173554,950.5,12.549019607843135,-0.003188720173535775,E,2
0.0,1.1008477366664529,958.0,13.333333333333334,0.0017245158520327042,J,2
18.0,0.3163683053297128,2362.0,21.56862745098039,-1.2028181503739894,B,3
0.0,9.466832068691348,0.0,0.0,-0.7059896926536733,A,1
34.0,1.1003581195811287,2147.5,14.901960784313726,0.08782144635299982,F,3
0.0,9.468427299838256,0.0,0.0,0.7746058655467969,A,1
27.0,0.9683993505376746,1188.5,13.333333333333334,-0.008365596769493278,H,2
18.0,1.5192480345288808,956.0,12.941176470588236,-0.12357028394272969,E,2
18.0,1.2344774942313774,946.0,12.15686274509804,1.0165875122780006,H,2
35.0,1.1983480324961395,1495.5,18.03921568627451,-0.05487336198206799,H,2
21.0,0.9680946084180823,2107.0,17.254901960784313,-0.13417763157894735,E,3
0.0,4.609581270172827,1079.0,13.72549019607843,-0.4203366522082024,F,2
51.0,4.869841408676842,951.5,12.549019607843135,0.03431246466930382,H,2
31.0,0.9228617708383644,1943.5,14.901960784313726,-0.027781554449014922,D,3
0.0,9.503546092873814,0.0,0.0,1.5166255220417635,B,1
31.0,0.8780755006213022,1967.5,18.03921568627451,0.07858705265655672,D,3
15.0,1.764002858126147,2742.5,15.294117647058822,0.0055430397116348895,A,3
0.0,1.2990095976534148,948.0,12.15686274509804,0.0005759951039239208,B,2
0.0,9.068150769813277,0.0,0.0,0.00022916237201942025,J,1
0.0,1.0445134460067467,947.5,13.72549019607843,-0.0018301801801802187,E,2
36.0,2.2617583890261264,2306.5,28.62745098039216,-0.9374501026488411,H,3
0.0,9.54474509683078,0.0,0.0,-0.005920502092050306,C,1
21.0,1.7146070559732356,2098.5,18.823529411764707,0.4095648982183247,A,3
49.0,1.995299323789645,2058.5,88.23529411764706,0.0732193967951087,H,3
0.0,2.120391149290106,946.5,12.549019607843135,-0.0003481202597261923,E,2
28.0,1.0185494214997428,2839.5,19.607843137254903,0.05691088574819292,E,3
33.0,1.352173142032994,2047.0,14.901960784313726,-0.023566628877666695,I,3
0.0,9.086697610531381,0.0,0.0,-0.009020270270270192,J,1
0.0,2.2337697411897905,947.5,13.72549019607843,0.002188552188552295,H,2
0.0,1.3074555616923718,947.5,14.509803921568627,-0.0036051150777178798,F,2
27.0,1.7128211215263345,1742.5,14.117647058823527,-0.34864116773586207,J,3
0.0,9.11934006657926,0.0,0.0,0.004921778382389608,D,1
0.0,0.5887443516528841,949.0,12.549019607843135,0.0012830151737641682,G,2
0.0,1.604801205954402,0.0,0.0,0.008080808080808077,D,1
30.0,1.5575805703477026,1905.0,28.235294117647054,0.24489560537055666,B,3
35.0,3.0207972335587163,2206.0,15.294117647058822,-0.5296192190528939,D,3
0.0,9.4952165049376,0.0,0.0,0.0549500004557843,C,1
24.0,1.7159635260254142,2368.0,21.96078431372549,0.057780753002272006,F,3
0.0,0.3635332863684044,951.0,13.72549019607843,-0.003785625774473292,E,2
17.0,4.633722711025692,3025.0,29.01960784313725,-0.060606327681352434,E,3
15.0,1.5617116882597857,1546.0,22.352941176470587,0.04801172011153709,H,3
0.0,1.554318001290511,953.5,14.117647058823527,-5.025353132920296e-05,G,2
34.0,3.5461339114084143,2098.0,26.666666666666668,1.160883280757098,E,3
0.0,9.47233348284162,0.0,0.0,-0.004554917798357039,E,1
31.0,4.762068362163214,3089.5,34.11764705882353,0.008424362290176957,H,3
0.0,1.6182403772275296,1213.5,16.470588235294116,-0.036270346477549564,A,2
32.0,5.171097799771341,1986.0,22.745098039215687,-2.775486933867736,B,3
0.0,9.497708813387385,0.0,0.0,-2.113596176821983,G,1
0.0,1.717437935679448,951.0,14.117647058823527,-0.0019932432432432368,E,2
1.0,1.732266648242073,948.0,14.117647058823527,-0.0237226171025382,D,2
39.0,1.7758557993593802,2446.5,36.86274509803921,-0.3547203505355404,D,3
0.0,2.757119598867179,954.0,12.549019607843135,0.03790898009329435,D,2
31.0,1.7789374578392352,1948.0,20.392156862745097,0.09637287250704818,I,3
0.0,9.11367945685155,0.0,0.0,-0.0014617940199337376,D,1
0.0,9.110495125890358,0.0,0.0,0.0020386848811462244,A,1
13.0,1.595145113217103,955.0,13.72549019607843,0.970270961524205,D,2
0.0,1.6085206048344771,948.0,13.72549019607843,-0.0066367371074664006,F,2
56.0,2.684865421357612,2357.5,27.84313725490196,-1.355983046212743,H,3
52.0,2.0387955470110897,1752.5,12.549019607843135,0.00481366459627329,E,3
18.0,4.220172626362012,3319.5,21.96078431372549,-0.5351082484326017,A,3
0.0,9.529648570120795,0.0,0.0,0.0013071460018074799,F,1
1.0,5.177986505641046,1643.5,19.607843137254903,-0.1397241689128479,C,3
47.0,0.8567947258886905,2936.5,16.862745098039216,-0.04391390867197309,D,3
0.0,9.526906357105842,0.0,0.0,1.4573220679192436,B,1
0.0,1.050153868794202,1192.5,13.72549019607843,0.6870075500230118,J,2
0.0,1.9810235370748235,947.5,13.72549019607843,-0.0003666666666666263,F,2
36.0,1.8356673141171453,2268.5,22.352941176470587,0.08702940029305417,J,3
0.0,0.5215396077247477,946.0,12.549019607843135,-0.002087542087542138,E,2
0.0,9.486536293880867,0.0,0.0,-2.1293176268176266,J,1
27.0,2.477971195638868,2687.0,30.980392156862745,0.178081388065311,J,3
41.0,1.390918087954081,2563.5,18.823529411764707,0.046472582144223895,B,3
0.0,0.5723693812932128,948.0,12.549019607843135,-0.0024989087301586776,B,2
0.0,9.47277521313419,0.0,0.0,0.0023598836152026736,G,1
60.0,0.38137769115492,2567.5,16.07843137254902,-0.1592120927318296,I,3
35.0,2.257129968738938,3590.0,43.13725490196078,0.1950418619556944,A,3
0.0,2.234555996390661,947.0,13.72549019607843,0.0008227210261106954,H,2
1.0,1.6221673137101074,956.0,13.72549019607843,0.02057969584333849,H,2
0.0,9.451041130534488,0.0,0.0,-0.7660640732265447,A,1
0.0,2.0635777661393515,953.0,13.72549019607843,0.003096538319141251,H,2
0.0,9.513916992908769,0.0,0.0,1.3849250103901267,A,1
0.0,0.7973038210974537,945.5,12.549019607843135,0.00194808745886077,D,2
69.0,0.6060226610017156,2907.5,16.470588235294116,0.03235015772870661,J,3
0.0,2.2389512875399653,951.5,13.72549019607843,0.002326015210216692,F,2
0.0,0.5400670735857918,953.5,12.941176470588236,0.0019211731147226185,C,2
28.0,1.0420974673429475,1784.5,14.509803921568627,-0.8201823899371071,E,3
0.0,8.054784250881571,0.0,0.0,-0.00035749653396699443,G,1
0.0,9.466340720441428,0.0,0.0,0.7734412433231048,E,1
0.0,9.49780710735793,0.0,0.0,0.0038411885953233416,E,1
54.0,1.9020724651643939,1965.5,14.509803921568627,-0.1554188002164773,J,3
0.0,2.0337520530081603,955.0,13.72549019607843,0.015797278911564572,I,2
0.0,1.2269984443424715,945.5,12.941176470588236,2.286429302700288e-05,A,2
0.0,0.5412353360782821,951.5,12.941176470588236,-0.005286816733779842,I,2
7.0,2.0564861936131953,1708.5,26.274509803921568,2.402065327189451e-05,G,3
0.0,1.7762049005713314,939.5,14.509803921568627,-0.007557216307216175,I,2
0.0,9.496817747565041,0.0,0.0,0.00631325137231753,H,1
49.0,0.5359054335015999,2090.0,15.294117647058822,0.003462105022925821,H,3
0.0,9.069960892173766,0.0,0.0,-0.00013991043117256297,C,1
15.0,1.9515611648024183,1254.0,13.72549019607843,-0.06467574908751383,D,2
6.0,1.9032135801726835,952.5,14.901960784313726,0.10647640948534254,D,2
0.0,1.6779041640263597,0.0,0.0,0.0005634646238673047,E,1
3.0,0.2785517550646726,1001.5,14.117647058823527,-0.05732568863748158,I,2
0.0,1.5283267893564636,950.5,13.72549019607843,0.0034958397534669006,F,2
0.0,1.2163554091260529,949.0,14.117647058823527,0.002318397749285106,G,2
0.0,4.305953164142758,949.5,12.549019607843135,0.0016174821704284525,F,2
30.0,1.7108472639815766,1894.0,20.0,-0.12506251776072735,E,3
0.0,1.040486587794113,948.5,12.549019607843135,0.0009437239930514263,J,2
19.0,0.3143223956858771,1072.0,14.509803921568627,0.06460982282438771,E,2
0.0,1.0411766477568123,952.0,12.549019607843135,-0.0021463426441400424,E,2
25.0,2.702489889516094,1591.5,14.117647058823527,-0.028501464016027045,I,3
35.0,1.0966257333423781,1378.5,14.117647058823527,-0.050107577914887014,H,2
0.0,4.132363146386232,950.5,13.72549019607843,0.15180501460564733,H,2
0.0,9.117222284737116,0.0,0.0,0.002029784406218038,I,1
0.0,0.9904914498705125,949.5,13.72549019607843,-0.0009100657212036678,E,2
0.0,0.684043950973843,1318.5,15.68627450980392,-0.05765090566925429,H,2
0.0,7.99058305967619,0.0,0.0,-0.0011761731391586316,A,1
37.0,2.4735347845320907,2314.0,15.294117647058822,-0.019367492998652036,A,3
35.0,1.7888400411143859,953.5,13.333333333333334,0.1918798484217209,F,2
50.0,1.127474525661126,950.0,13.333333333333334,-0.13896591970121389,J,2
0.0,2.0090350314061336,954.5,13.72549019607843,-0.0013044313379882988,E,2
45.0,1.2209777122263383,1931.0,14.509803921568627,-0.1257830237358102,F,3
0.0,1.3886127147605398,953.0,12.549019607843135,-0.0038951742090508334,E,2
31.0,0.4928830125066752,948.5,12.15686274509804,0.18213442945039043,J,2
0.0,0.9874566344901246,959.5,14.117647058823527,0.003821232249198392,I,2
0.0,9.524710569003446,0.0,0.0,0.002903225806452081,I,1
0.0,9.066859300150677,0.0,0.0,0.0001296163037585174,H,1
5.0,0.5651388501106485,993.5,13.333333333333334,-0.10308170945434952,J,2
23.0,1.283903140841451,2357.0,87.84313725490196,0.22235703585339062,E,3
17.0,0.7579796733420416,944.5,13.72549019607843,0.03749705134447867,C,2
51.0,1.7895750156891947,2180.5,23.52941176470588,0.12493126879572108,D,3
85.0,2.482599485017125,2855.5,16.470588235294116,0.1588788365771876,C,3
18.0,4.581811080923192,1877.0,23.92156862745098,0.35131430736462677,G,3
0.0,2.0090904136611587,954.5,13.72549019607843,0.00592592592592589,D,2
61.0,1.560919485970722,2059.5,22.745098039215687,-0.9563365282215122,G,3
21.0,1.2884619090571405,1123.5,12.941176470588236,-0.3483102064449146,I,2
0.0,9.498112295208774,0.0,0.0,0.007045261346436904,I,1
27.0,1.9225200946447738,2732.5,21.176470588235293,-0.2780095978946555,C,3
42.0,1.769736552867562,2621.0,29.41176470588235,-0.050042884405086085,B,3
12.0,0.7242845162703235,2332.5,20.7843137254902,0.1020127795527156,B,3
0.0,1.0623906943196115,943.5,12.941176470588236,0.0013979505016221694,C,2
0.0,2.0024947270598847,942.5,13.72549019607843,0.002595891345891388,D,2
0.0,9.071234783141689,0.0,0.0,0.009843279284068363,E,1
37.0,0.5380937951343824,1571.5,13.72549019607843,-0.20442864599645058,J,3
1.0,1.8592849910053533,949.0,14.117647058823527,-0.009196688741721859,A,2
0.0,9.473864916319904,0.0,0.0,-0.7617367639782286,E,1
26.0,0.8807469861146826,1651.0,17.647058823529413,0.2680575713594582,H,3
48.0,1.3817357811924103,2923.5,16.07843137254902,-0.5069083568112376,I,3
31.0,1.8792348564972465,1942.0,21.96078431372549,-0.2388192701093384,C,3
0.0,1.065850625550589,944.0,12.15686274509804,0.0005194805194804752,D,2
37.0,0.411188930606559,1571.5,13.72549019607843,0.04842843165715141,I,3
0.0,9.49601531796306,0.0,0.0,-0.00262627573485108,A,1
0.0,9.462920832218837,0.0,0.0,-0.7052892220923035,H,1
34.0,4.315382762765886,2098.0,26.666666666666668,1.3692883240825777,C,3
0.0,9.463359429814433,0.0,0.0,-0.11902995600719402,I,1
1.0,1.555796264764566,956.0,13.72549019607843,0.011714423097938902,A,2
0.0,9.54482741536082,0.0,0.0,0.009879575963242182,C,1
74.0,1.1397434214224877,953.5,12.941176470588236,-0.1811288242530058,E,2
0.0,0.5253507835331861,952.0,12.549019607843135,0.0008844879108937942,I,2
10.0,1.0593205902688059,956.0,12.15686274509804,0.03896622807017551,D,2
0.0,2.009332530263457,949.0,13.72549019607843,0.0020790286873904607,C,2
0.0,0.9876358685396481,942.5,13.72549019607843,0.004030718863192839,H,2
0.0,1.5221071343000372,944.0,14.117647058823527,-0.0005587318087317966,A,2
0.0,9.533674824260638,0.0,0.0,0.7902736559325749,E,1
0.0,9.48722611971196,0.0,14.117647058823527,0.0012074972129320002,I,1
26.0,0.6824960000690008,2231.5,14.901960784313726,-0.07829508196721319,J,3
0.0,2.080503434784406,941.5,13.333333333333334,0.001125827814569491,C,2
0.0,2.2294395882583524,947.0,13.72549019607843,0.003004716125521556,J,2
19.0,1.9646912342888156,1889.0,16.07843137254902,-0.7636603673090959,E,3
20.0,2.166076928593625,2033.0,27.058823529411764,-1.4562616822429906,B,3
21.0,4.2221932401104825,2102.5,25.49019607843137,0.893651640673369,A,3
0.0,2.0107658366424888,948.0,13.72549019607843,-0.0012794612794612137,H,2
40.0,4.032850452831366,2501.5,21.56862745098039,0.11764991873365904,G,3
27.0,3.764245066944244,2791.5,24.705882352941178,0.18179245283018863,B,3
0.0,1.5705577610998342,0.0,17.647058823529413,-1.202849450386215,E,1
47.0,2.4887910165986145,2023.5,14.901960784313726,0.1533212821999168,G,3
51.0,0.6713809171965738,2181.0,17.254901960784313,0.1387976402682285,D,3
48.0,0.7830921417782156,3023.0,17.254901960784313,0.10039835164835167,F,3
39.0,1.7919637145126168,2468.0,15.68627450980392,-0.0511198392400437,G,3
0.0,2.1004117305993133,949.5,14.901960784313726,0.005595368095368092,I,2
0.0,8.066652134220648,0.0,0.0,0.011401700087183997,B,1
6.0,2.2714438949752247,952.0,87.05882352941177,-0.02290332225913616,E,2
38.0,1.5255421966391163,2390.0,19.607843137254903,0.20617424963512898,F,3
18.0,0.17641152425421283,964.5,14.117647058823527,0.0794750546483219,G,2
0.0,8.072198819533062,0.0,0.0,0.011846277342966172,H,1
0.0,9.498350273027205,0.0,0.0,0.008212338140856978,C,1
56.0,2.5268340833044833,2414.5,15.294117647058822,0.11374350560568747,C,3
43.0,4.839599727730923,2655.5,18.823529411764707,-0.6766958225597941,E,3
0.0,1.84697001129281,944.0,14.117647058823527,0.14179954345171736,A,2
0.0,9.515532753304255,0.0,0.0,1.4562167186564576,H,1
39.0,1.7388130035150753,2448.0,15.68627450980392,0.028981456757157575,F,3
28.0,0.8046311307456705,1759.5,14.117647058823527,-0.12276033023989508,C,3
44.0,1.8075116086724807,1892.5,19.607843137254903,0.0257216056425682,I,3
33.0,4.668957756682476,2055.0,14.901960784313726,0.11292950292950277,D,3
0.0,1.632371691107496,950.0,13.72549019607843,0.004367300974443794,F,2
23.0,2.4607926578579296,1486.5,19.215686274509803,0.7681560169772013,A,2
0.0,0.8652627573466073,950.5,12.15686274509804,-0.004950495049504955,H,2
24.0,1.5718646988954599,2397.5,22.352941176470587,-0.29812170550524075,E,3
27.0,2.1633514062263544,1756.0,20.7843137254902,-0.17488360025233518,H,3
6.0,1.7564382316319758,963.0,18.823529411764707,-0.3279228327228326,G,2
0.0,1.6418474568251664,0.0,0.0,-0.0017403025821862705,A,1
33.0,0.9400451784701821,962.0,12.941176470588236,0.025189205955335026,E,2
52.0,1.7218235435407552,2208.0,32.94117647058823,-0.11862475695408925,D,3
0.0,9.476232425487378,0.0,0.0,-0.7109737893865686,C,1
19.0,0.6022405224256053,1922.5,21.96078431372549,-0.20365773467039291,J,3
18.0,5.454829534178172,3319.5,21.96078431372549,-0.9785466214412155,B,3
46.0,4.306079134959464,2901.0,16.470588235294116,0.0061805841217603685,G,3
0.0,9.493924777933799,0.0,0.0,0.007183770883054774,D,1
37.0,0.3277975938485106,1564.5,15.294117647058822,-0.05665773596888149,F,3
0.0,9.480166546174928,842.75,16.862745098039216,-0.0097956672488856,D,2
0.0,1.6066975986572725,1198.5,16.07843137254902,-0.014123901204438072,B,2
0.0,9.44813726837357,0.0,0.0,-1.5581001640539553,A,1
0.0,1.9440889532425734,944.5,13.333333333333334,-0.0013814703838804232,C,2
0.0,0.41901714846654614,952.5,13.72549019607843,0.000998985333456326,H,2
0.0,0.8960094739635173,952.5,12.549019607843135,0.0035990338164251234,E,2
0.0,2.235549996044402,944.0,13.72549019607843,0.002301703324694815,B,2
17.0,2.9679745406711984,1858.0,28.62745098039216,0.37680099262563527,B,3
16.0,1.2632630345050126,951.0,12.549019607843135,1.5259444131983504,I,2
42.0,0.8483972453172243,2620.5,20.7843137254902,-0.0730160381263732,I,3
49.0,0.9108650662668497,2086.5,14.901960784313726,1.7851493055555558,D,3
0.0,1.6233156087328044,952.0,13.333333333333334,0.002699999999999994,B,2
0.0,9.459048695659188,0.0,0.0,-0.6758277902943174,D,1
0.0,9.459193711603184,0.0,0.0,0.7626876429260228,E,1
2.0,0.8025194215847116,934.5,14.901960784313726,-0.10664573197700122,C,2
0.0,1.631132129537006,949.5,13.72549019607843,-0.0011744966442951976,F,2
1.0,1.5649280951615854,930.0,14.509803921568627,0.0563707685756866,C,2
59.0,2.990174483145983,3676.5,18.431372549019606,0.47450793650793643,G,3
0.0,0.5546707643862407,950.5,14.117647058823527,0.001376101156589038,A,2
35.0,0.8878334343510701,2181.5,18.431372549019606,-0.5150856918238994,B,3
26.0,3.70644528527914,2679.5,22.745098039215687,-0.246435331230284,I,3
16.0,4.020260521504798,1897.0,61.17647058823529,-0.1775208698340719,E,3
0.0,9.498251020890484,0.0,0.0,0.0017866755041375804,E,1
3.0,1.8663323014426683,963.0,14.117647058823527,0.010574746008708336,I,2
14.0,2.529129963740264,2522.0,24.31372549019608,0.020063362965765053,G,3
0.0,9.550618697704175,0.0,0.0,-1.3845677888989991,A,1
49.0,2.0911355675988776,2058.5,88.23529411764706,-0.05837593565854449,H,3
0.0,9.491193337983324,0.0,0.0,0.0008992315715532495,J,1
46.0,4.7524269265602985,2868.0,23.92156862745098,-0.20269110804980084,B,3
27.0,1.5985781051523615,2717.0,33.333333333333336,-0.1100287856261665,J,3
24.0,1.7743386984224105,2463.5,27.058823529411764,-0.04682891777741216,F,3
0.0,9.438704133358012,0.0,0.0,0.6992873293269785,G,1
18.0,5.071975982609151,2138.5,28.62745098039216,1.754033190993789,J,3
10.0,1.7393360642328348,942.5,14.509803921568627,0.007491421327563308,G,2
0.0,9.486721388368961,0.0,14.117647058823527,0.00011960463212070532,D,1
0.0,9.069899436179098,0.0,0.0,0.0010917986952474479,H,1
0.0,2.0083243173429786,928.0,13.333333333333334,0.0031864406779661403,I,2
0.0,8.17404452932424,0.0,0.0,5.186754213114139,G,1
34.0,1.340826485840308,3283.0,16.862745098039216,0.0793646318274212,J,3
30.0,4.022628386942289,3049.5,25.49019607843137,-0.014752310256020973,I,3
32.0,3.677267460345581,3235.0,22.352941176470587,0.208207268631055,I,3
0.0,9.529849025330918,0.0,0.0,1.4103539794235815,I,1
23.0,5.772306218165616,1460.0,19.607843137254903,1.0933269868240396,I,2
0.0,1.6302642463715935,0.0,0.0,0.0009590272090272967,A,1
21.0,4.476483724874078,2102.5,25.49019607843137,0.024580023364485948,G,3
13.0,4.314370227533452,1253.0,9.803921568627452,0.08505594905065172,H,2
40.0,1.654050578586486,2487.5,18.431372549019606,0.23109021481662984,J,3
50.0,2.944144413076274,949.0,12.941176470588236,-0.7573781579470857,E,2
0.0,2.255839596601328,944.0,14.509803921568627,-0.0022222222222222365,E,2
17.0,2.2733354936131676,1696.0,24.705882352941178,-0.06900342764684597,A,3
40.0,3.234548878052725,948.5,12.941176470588236,0.1839665688503409,J,2
56.0,1.7868386287554796,2357.5,27.84313725490196,0.0012287038299032549,A,3
0.0,2.0647511633322497,950.5,13.72549019607843,-7.59002453918356e-05,J,2
34.0,3.305089397294496,1564.5,14.509803921568627,-0.13654251019458918,B,3
0.0,3.0521828642468263,947.0,12.549019607843135,0.7870318334578044,D,2
6.0,0.7519119837334112,947.0,12.941176470588236,0.006893119068162146,G,2
0.0,1.4505494577765377,950.0,13.72549019607843,-0.0011620261200798732,I,2
3.0,3.2304828841172735,951.0,12.15686274509804,-0.5749365500545109,D,2
0.0,2.0097050030940578,947.0,13.72549019607843,-0.0015540540540540104,E,2
0.0,0.6428131741666295,0.0,0.0,0.0038047138047138107,H,1
0.0,0.7328420530115355,952.0,13.72549019607843,0.00101351351351342,D,2
0.0,0.4833586160664896,948.5,12.549019607843135,0.0014323398741207805,B,2
2.0,0.8239511545990023,1346.5,16.862745098039216,-0.24099858557284298,A,2
0.0,0.614543885434522,1042.0,16.862745098039216,-0.25647270815409623,J,2
0.0,9.44647951648683,0.0,0.0,-0.6879347764572721,G,1
31.0,4.242715941127168,1961.5,36.47058823529412,-0.362609799005136,A,3
1.0,1.4025169890169538,1138.5,14.901960784313726,-0.0203466894003978,G,2
0.0,3.023805646662822,970.5,14.509803921568627,0.019897613791653557,G,2
16.0,2.8249572778034784,1607.5,14.509803921568627,-0.3082532252193957,J,3
0.0,1.9528973559812455,962.0,13.72549019607843,0.0012653458543289142,F,2
0.0,3.6487337199479444,949.0,12.549019607843135,-1.4288761244377808,F,2
0.0,9.452301086611309,0.0,0.0,0.8463657580379353,E,1
48.0,1.9007577176338495,2032.5,18.823529411764707,-0.13777841028884674,J,3
0.0,9.467045274384866,0.0,0.0,0.001755508173418574,J,1
0.0,0.5965275339590509,951.0,12.549019607843135,0.0026267565783268942,D,2
29.0,1.6920954208876644,2943.0,12.549019607843135,0.0747941306425261,C,3
0.0,9.06810467509508,0.0,0.0,0.0014144106786719846,B,1
17.0,4.265026827426283,3022.0,16.862745098039216,-0.7798860245721815,E,3
0.0,9.493370143465334,0.0,14.117647058823527,0.0013809523809524063,G,1
47.0,1.2944691737984737,2936.5,25.49019607843137,-0.1433714906157903,A,3
0.0,9.456851437843014,0.0,0.0,-0.03474936243153992,D,1
89.0,2.0617225122431737,2988.0,16.862745098039216,0.05836330336330331,C,3
24.0,1.6143700550280853,1525.0,88.23529411764706,0.1223954189270644,D,3
37.0,4.344793867249084,2316.0,15.68627450980392,-0.7489815838573701,E,3
10.0,1.244208271144079,946.5,13.72549019607843,0.004195855651138905,B,2
0.0,9.446871256160764,0.0,0.0,-0.6984671945701356,D,1
10.0,0.8540062376509335,1739.5,20.392156862745097,0.25188571013650884,I,3
40.0,0.8472328361503761,2530.0,18.03921568627451,0.46697570870733823,B,3
0.0,2.006847329592617,951.5,13.72549019607843,0.0008695652173912882,F,2
0.0,9.457513451768174,0.0,0.0,-0.7846735053421231,A,1
0.0,9.527775406866878,0.0,0.0,-2.5183927560901154e-05,A,1
11.0,1.6258640727404972,1171.5,19.607843137254903,2.9498109441149807,D,2
0.0,1.4876742986051248,951.5,14.117647058823527,0.059908087817085565,F,2
9.0,1.8386959219535237,1179.0,16.862745098039216,-0.0707265443811933,A,2
34.0,0.5797748291039139,1433.5,13.333333333333334,0.024590758079130304,F,2
2.0,3.316802629849717,950.5,12.941176470588236,0.6424290780141848,B,2
38.0,2.224290327755235,2399.0,76.47058823529412,0.8540698781794375,F,3
13.0,5.802230673469598,1326.5,13.72549019607843,-0.1590434951834192,H,2
0.0,1.5609095401109834,1489.0,16.862745098039216,0.06634409781238004,G,2
24.0,1.5728943238029902,2397.5,22.352941176470587,-1.1826401511031122,B,3
9.0,1.2075070314411385,952.5,12.549019607843135,0.021443721795967874,B,2
0.0,8.288626640809843,0.0,0.0,0.00023800230928117116,I,1
44.0,0.6220138823124635,1872.0,17.254901960784313,-0.03587579353553799,C,3
26.0,0.9140923792619475,1651.0,17.647058823529413,0.11991745182921654,J,3
49.0,0.4572830590164533,2060.0,14.901960784313726,0.05516266779197809,E,3
24.0,0.9175481350022037,1532.0,13.72549019607843,-0.1643534091845989,I,3
52.0,4.926794453883815,2204.0,21.176470588235293,-3.427367848746082,D,3
46.0,1.8567166334937775,2863.5,88.23529411764706,0.03318046709129509,C,3
0.0,1.2401434528212403,948.0,12.15686274509804,-0.0027159697378452696,C,2
38.0,1.8421290332971365,2402.5,25.49019607843137,0.11102938727938733,D,3
0.0,9.494214993937062,0.0,0.0,-0.004643129239059629,H,1
55.0,0.3670688679291311,2340.0,18.823529411764707,0.44488485280151935,F,3
0.0,1.0373858727171432,960.5,12.15686274509804,0.0011533040950081341,E,2
16.0,2.5616540166708437,2287.5,23.92156862745098,0.031851573430223934,I,3
48.0,1.0709019922491143,2961.0,16.470588235294116,-0.14339503246418628,C,3
0.0,9.49443679726022,0.0,0.0,-0.0031412545819863302,G,1
0.0,9.237535207614316,0.0,0.0,-3.217565003709199,C,1
23.0,1.1461046088587519,2330.0,28.62745098039216,-0.1848048011142518,F,3
27.0,1.3817685297499598,2843.5,24.31372549019608,0.0884310888741536,H,3
0.0,1.550955554167503,0.0,0.0,0.08235077624579307,H,1
30.0,1.8101807178949372,1905.0,28.235294117647054,-0.11292788667033038,C,3
0.0,9.469698285503664,0.0,0.0,-1.389218200100553,D,1
0.0,2.068725599758489,960.5,13.72549019607843,-0.0031771449162754095,E,2
0.0,1.7764734522206505,0.0,0.0,0.005600841769992093,G,1
0.0,1.6037428714730122,1213.5,16.470588235294116,0.03528048118290816,F,2
0.0,5.135164182935361,949.0,12.15686274509804,-0.018097675373024202,F,2
43.0,1.8566883860534265,2706.5,37.64705882352941,0.29063071195999474,A,3
0.0,5.619109890289751,0.0,0.0,-1.7359270888050558,F,1
1.0,1.0609933904010918,1283.0,16.470588235294116,0.023830887763493958,C,2
0.0,0.4271101475544143,951.0,13.72549019607843,-0.0034886077604524,G,2
36.0,1.2309554780287093,2264.5,15.294117647058822,-0.14337272727272726,H,3
16.0,1.9703469846407056,1631.5,16.862745098039216,0.08729813664596264,C,3
4.0,0.4227080336556005,944.5,13.333333333333334,-0.0006682271217154923,F,2
0.0,9.482736917530326,0.0,0.0,-0.6919131299734749,B,1
44.0,2.0835953699010203,2749.5,15.68627450980392,-0.2551765153956589,B,3
0.0,1.616806398652554,1199.5,15.294117647058822,-0.016672016340822826,F,2
0.0,0.4589205494541269,952.5,12.549019607843135,0.0017963224893917107,G,2
0.0,5.1497430000066595,949.0,12.549019607843135,-0.0020478902381464437,I,2
0.0,9.492451928664067,0.0,0.0,0.0027929182414958564,F,1
0.0,9.068573103913502,0.0,0.0,0.0016789892047626154,J,1
2.0,2.0167158103147047,1643.0,21.56862745098039,0.008092825893885158,H,3
0.0,2.0670586969184725,941.5,12.941176470588236,-0.006193567934900224,G,2
38.0,2.1219643043036305,3819.5,26.666666666666668,2.1303628800917958,D,3
9.0,0.8331088691326224,996.0,13.72549019607843,0.2764628857381151,G,2
0.0,9.069837347262206,0.0,0.0,0.0016038192762750647,F,1
0.0,9.114888648440406,0.0,0.0,-0.0013542281380458654,I,1
13.0,1.3984830672545543,1342.0,16.862745098039216,-0.04887167113317442,G,2
0.0,0.967256639876271,954.0,13.72549019607843,0.0011766311766311377,A,2
28.0,0.8774171250670612,1763.0,14.117647058823527,0.7112260723699977,F,3
0.0,2.010774376946513,948.5,13.72549019607843,-0.0028527281951939987,I,2
44.0,5.394813908881377,2740.5,49.01960784313725,-0.03029499603241348,C,3
0.0,9.76335582910656,0.0,0.0,-2.813614139544863,J,1
0.0,0.6012569087941889,946.0,12.549019607843135,-0.7125097565596287,I,2
0.0,9.470022160452654,0.0,0.0,-0.7087258977335097,H,1
29.0,0.24624630127585245,2998.0,26.274509803921568,0.6498151886151318,F,3
52.0,0.5538978110081639,2219.0,17.647058823529413,-0.12426535329077698,E,3
0.0,9.497160490447389,878.75,16.862745098039216,0.014827972027971995,C,2
12.0,2.186347820018959,2207.5,24.31372549019608,-0.05629256290181761,I,3
22.0,1.584423065003222,2257.5,14.509803921568627,1.3142710120068608,C,3
0.0,0.8602823785168849,953.5,12.941176470588236,-0.0015015728317391286,G,2
19.0,1.352338877017424,1964.0,22.352941176470587,0.00900780125729006,B,3
0.0,9.037253232823176,0.0,0.0,0.0001165210153977192,I,1
17.0,1.8670702368311523,2029.0,25.098039215686278,-0.02880467933077724,I,3
3.0,1.2457587757088164,952.0,13.333333333333334,0.12815719515383953,H,2
27.0,4.406362839823328,1056.0,13.333333333333334,-0.26571395775941253,C,2
0.0,1.0206879868286103,952.0,12.549019607843135,-0.0013899784131056192,G,2
38.0,0.8819795035622977,2380.0,17.647058823529413,-0.00996108196439327,G,3
12.0,1.973139176138588,2332.5,20.7843137254902,0.0461222437542555,B,3
2.0,5.498513510781323,1492.5,18.431372549019606,-0.14963221478866995,E,2
37.0,0.40657490705036003,1564.5,15.294117647058822,-0.04004165645675081,C,3
0.0,1.2808833604234906,1267.5,15.68627450980392,0.11823195647111129,I,2
7.0,3.0521551343380553,955.0,13.72549019607843,0.07999662671431426,H,2
45.0,2.2988215922273363,2804.5,22.745098039215687,-1.295150960031348,G,3
39.0,0.5282064944670529,1638.0,15.294117647058822,-0.13297288951358718,B,3
0.0,9.070964197020151,0.0,0.0,0.0005770239552367329,I,1
0.0,0.8180545684942379,1318.5,15.68627450980392,0.0869473036473484,F,2
0.0,1.2647345332796676,943.0,14.509803921568627,-0.002496115819209055,F,2
0.0,2.0069181655614083,0.0,0.0,-0.0011445559271646977,F,1
0.0,9.494398209729715,0.0,0.0,0.00265292441763032,D,1
0.0,3.356194657451955,1406.0,18.823529411764707,-0.2739426523297491,H,2
0.0,1.7127763576131394,0.0,0.0,0.1093321554027051,B,1
13.0,1.8586017929897571,955.0,13.72549019607843,1.0022445656290238,I,2
3.0,1.4481599460106798,1542.5,22.352941176470587,-0.38853516694033946,E,3
0.0,4.63287014562162,949.5,12.549019607843135,0.01893290787783375,I,2
0.0,9.491750160288149,0.0,0.0,-2.1154362519201233,E,1
0.0,9.48582988939195,0.0,14.117647058823527,-0.0018247695101508976,F,1
23.0,0.836126142250708,954.0,12.941176470588236,1.072040570966402,G,2
76.0,1.2326414579870293,2553.5,15.68627450980392,0.08048763536782699,B,3
57.0,0.4593450635856839,1929.0,14.509803921568627,-0.28536419482229036,C,3
22.0,1.797129930013844,2263.5,22.352941176470587,0.30660384615384617,J,3
2.0,3.9064178006373176,1801.5,15.68627450980392,0.08582987532345321,D,3
0.0,9.522846015787099,915.5,17.254901960784313,0.001336249751441601,A,2
18.0,1.1839553006765078,2362.0,21.56862745098039,-0.0836820469083156,B,3
0.0,1.0107659240725235,956.0,12.549019607843135,0.0009072847682118912,J,2
0.0,1.9279279781792238,948.5,14.901960784313726,7.146292860582548e-05,J,2
0.0,2.239661945516311,947.5,14.117647058823527,-0.04025182990589049,H,2
0.0,9.418186488120536,0.0,0.0,-0.04903583208818474,H,1
18.0,4.0326721820227895,1818.0,18.823529411764707,0.030020202020200948,D,3
8.0,1.2874764716122937,1499.5,18.431372549019606,0.05610495103259619,E,2
0.0,9.460559270594084,0.0,0.0,2.7496238300848512,H,1
17.0,1.8940137508560213,1753.0,18.823529411764707,-0.03092195378941831,B,3
29.0,1.2437543819102974,2949.5,24.705882352941178,0.1195248302965345,A,3
0.0,3.2887416463797368,952.0,12.549019607843135,0.820767164852287,I,2
0.0,2.063460678128965,954.5,13.72549019607843,-0.004008554008553933,H,2
2.0,1.4313239849547745,1347.5,13.72549019607843,0.2258528207338757,G,2
46.0,1.7771875758219804,1977.5,14.901960784313726,-0.11470528940527341,I,3
51.0,1.6558008839781468,2174.0,15.294117647058822,-0.023062499999999986,B,3
0.0,1.623451061577853,1194.0,16.470588235294116,0.029401315789473692,C,2
24.0,1.9889979120235115,1532.0,13.72549019607843,0.1578309291143167,E,3
13.0,3.848712475675725,1303.5,18.431372549019606,0.49664485981308426,H,2
47.0,1.1923631862749957,1582.5,14.117647058823527,0.021589403973510002,F,3
0.0,1.6105402242249636,998.5,14.901960784313726,-0.002236945728471218,D,2
14.0,1.8224235303607936,2663.5,26.274509803921568,0.13340801552958303,F,3
32.0,1.4552067776287958,1379.0,18.03921568627451,-0.05052069666589881,A,2
62.0,0.5854862863021891,2094.5,16.470588235294116,-0.6624255058369668,D,3
8.0,4.8775025781042975,944.0,24.31372549019608,-2.35556424689441,C,2
16.0,0.9008148866603455,1619.5,18.431372549019606,-0.2006958852091018,H,3
0.0,1.9335430788771393,0.0,0.0,-0.0013294013965155019,B,1
0.0,1.4786959505545811,949.0,12.549019607843135,-0.0011542473250936158,C,2
43.0,3.4922313176902393,2714.5,27.45098039215686,1.6140188594044673,H,3
34.0,0.5164859487660417,2127.0,15.294117647058822,-0.0656973120373977,H,3
0.0,1.0342317632854876,947.0,12.549019607843135,0.001322948192985618,B,2
36.0,1.8635221220244178,2264.5,21.56862745098039,-0.06357194899817853,F,3
23.0,3.7075999860084687,1100.0,13.333333333333334,-0.326181551724138,E,2
35.0,1.1559499818125492,2204.0,18.431372549019606,-0.30909516133817233,E,3
0.0,9.038273830165833,0.0,0.0,-0.017261904761904923,F,1
42.0,4.9478107961374,2675.0,26.274509803921568,0.18473823671109635,B,3
0.0,9.4920523421663,0.0,0.0,-0.0005708548479632647,C,1
21.0,5.576962360144844,2143.0,23.52941176470588,0.0828325735243709,E,3
0.0,1.0628839417159508,958.5,12.549019607843135,-0.7463453191279471,D,2
0.0,9.48904746784774,0.0,14.117647058823527,-0.0002657004830917964,H,1
3.0,1.6435464048384036,1141.5,14.117647058823527,-0.9932019481254956,F,2
24.0,1.696367329074741,1484.5,87.84313725490196,0.5773839522546418,A,2
0.0,9.068333246807825,0.0,0.0,0.0012888575679270708,B,1
18.0,1.0832603208158629,949.5,14.117647058823527,-0.008500566399442189,C,2
33.0,5.006273066023249,3426.0,82.3529411764706,-0.06428571428571428,I,3
0.0,1.7083756132220358,948.0,13.72549019607843,0.0010508474576271243,G,2
20.0,3.24412999941349,953.0,12.941176470588236,0.7285221725502291,D,2
0.0,0.7519969955079636,1012.5,13.72549019607843,-0.96306345553181,F,2
0.0,9.096198009350315,0.0,0.0,0.0455031055900621,E,1
0.0,2.0669928818662444,949.0,13.72549019607843,-7.12322491983608e-05,D,2
69.0,1.1959644261379503,2907.5,16.470588235294116,-0.16795460760185943,F,3
50.0,1.0549110525651637,2121.0,24.705882352941178,-0.09482507377633054,H,3
30.0,1.7904561537152426,1898.5,20.0,-0.083158990372105,F,3
0.0,1.6489480440018374,0.0,0.0,0.004362416107382583,H,1
44.0,0.9283510366464055,2743.5,16.862745098039216,-0.014665110356536393,J,3
47.0,1.6277012681979834,2099.5,20.0,0.2168474142345109,D,3
0.0,1.9779342489243368,951.5,13.72549019607843,0.0022483221476509996,E,2
0.0,9.502151465395842,0.0,0.0,-0.7782953023156332,F,1
15.0,0.9214268203120958,970.0,13.333333333333334,0.00324028331646925,J,2
0.0,2.8475472084649462,949.0,12.549019607843135,-1.4404422901162033,B,2
0.0,0.5967083785928361,945.5,12.549019607843135,7.586302895323804e-05,C,2
0.0,0.5359274363123521,948.5,12.549019607843135,0.0016845612736023918,J,2
0.0,9.494019822865484,0.0,0.0,0.005954055321143903,B,1
5.0,0.5200580179178996,1100.0,12.941176470588236,-0.4169373373601535,G,2
42.0,3.911688293532987,1799.0,14.509803921568627,-0.7796341189674529,D,3
79.0,6.129296397046105,4904.5,87.45098039215686,-0.26813348615764365,C,3
41.0,4.607755882377815,2584.0,88.23529411764706,-0.14704402515723292,A,3
38.0,2.111521386501674,2379.5,15.68627450980392,0.20851735015772876,G,3
32.0,4.4420781538365315,3182.0,37.64705882352941,0.20307803368175392,A,3
0.0,1.6195859458590434,944.0,14.117647058823527,0.0012525480038290127,F,2
0.0,1.0523533553151923,941.5,13.333333333333334,0.0006504065040651152,G,2
0.0,1.0073535871248318,951.5,14.117647058823527,-0.06355127602274191,G,2
2.0,1.908811987801581,950.5,12.941176470588236,0.014101626016260208,J,2
52.0,4.14596426802815,3260.5,57.64705882352941,-0.3644207090936067,B,3
18.0,1.3670132202579506,1872.0,14.509803921568627,-1.2919111720826546,D,3
0.0,1.9398954710347043,0.0,0.0,0.0016972399581095046,G,1
28.0,4.574590118102171,2848.5,88.23529411764706,-0.21317365506329122,D,3
0.0,9.068271891378785,0.0,0.0,0.0017232084000378123,G,1
13.0,1.8643935963163432,1303.5,18.823529411764707,-0.09036601307189518,G,2
48.0,3.171409441029119,2923.5,16.07843137254902,-0.7305057320277049,B,3
16.0,2.1280412458898783,2287.5,23.92156862745098,0.21572530198446938,F,3
24.0,0.6903032174935347,2456.5,23.137254901960784,-0.12631815585130013,A,3
34.0,5.254324696315576,947.5,12.549019607843135,-0.2778990078144741,A,2
30.0,1.7369921720606183,1901.5,83.52941176470588,-0.9610857885877289,A,3
20.0,0.18206288619938443,2076.5,14.901960784313726,0.42990931372549024,E,3
14.0,1.9492077543548816,1491.5,20.7843137254902,-0.05720779220779221,I,2
28.0,0.7112160356708248,1730.0,19.215686274509803,-0.02434039540330052,I,3
0.0,9.497870184031422,0.0,0.0,0.010132663343710047,A,1
59.0,2.0806461573653636,2499.0,87.84313725490196,-0.5330434782608694,A,3
0.0,9.47027823342041,0.0,0.0,-0.6879958697959874,A,1
1.0,0.8687601400005234,948.0,14.117647058823527,0.014609100254287688,G,2
0.0,0.8762186505819565,1042.0,16.862745098039216,0.19041329044761973,B,2
35.0,1.8826039368561436,953.5,13.333333333333334,-0.08641289107879657,G,2
52.0,4.0673020142094085,3224.5,25.49019607843137,0.19815379920659115,I,3
33.0,4.080019116750373,2055.0,14.901960784313726,0.6298789336138739,B,3
0.0,1.9782961433404513,949.0,13.72549019607843,-0.0009746736532451061,G,2
50.0,1.9174676109552673,1696.5,17.254901960784313,-0.014592672413793112,I,3
0.0,1.6334182366926733,949.5,13.72549019607843,0.004024082346086588,H,2
26.0,4.419086183128853,2679.5,22.745098039215687,0.7604745568896513,B,3
0.0,4.1852391967986,1722.5,22.745098039215687,-2.125022032404583,H,3
18.0,3.3714581918655004,948.5,12.549019607843135,1.4511528006384364,E,2
19.0,0.8186976128278377,1010.5,12.15686274509804,-0.11877115384615383,D,2
0.0,1.160373391648,934.5,10.980392156862743,0.0019148273714800212,B,2
34.0,1.9682103027408018,3461.5,25.49019607843137,-0.7039834300919207,F,3
32.0,1.455103527078953,2034.5,17.254901960784313,0.09816403785488959,E,3
52.0,2.1777332063000396,3260.5,57.64705882352941,-0.07758539882830107,E,3
44.0,1.6000933729699094,2742.5,88.23529411764706,0.11589078242229359,F,3
0.0,1.6858530881591829,0.0,0.0,0.0004954304954304933,C,1
31.0,3.861108007767081,1923.5,20.392156862745097,1.19534845814978,E,3
24.0,1.9286554309225403,2397.5,22.352941176470587,-0.2846153305203939,E,3
0.0,1.7187710316490243,0.0,0.0,-0.0012720424584832246,I,1
16.0,2.385932978415794,1897.0,61.17647058823529,0.03704334995420788,A,3
0.0,0.41829308392522635,959.5,13.333333333333334,0.00051590098101717,D,2
4.0,1.0328296861512736,1574.5,13.72549019607843,0.05307617781155016,E,3
52.0,4.916578717115064,950.5,12.941176470588236,0.00468689671814726,J,2
42.0,1.5755312790802696,2615.0,82.74509803921569,-0.31639335476956054,G,3
0.0,0.5377742542973781,943.0,12.549019607843135,0.0023051286997148868,A,2
17.0,2.1732503691573237,1683.0,23.52941176470588,0.07746391135070385,C,3
0.0,0.9023163516575852,959.5,12.15686274509804,0.0016704699194639572,F,2
0.0,1.5840124953046384,950.0,14.117647058823527,-0.002260066188637666,D,2
0.0,9.488356819927207,0.0,14.117647058823527,0.0011528114070487039,D,1
0.0,1.038438388133256,946.0,12.941176470588236,-0.0005517591845275449,H,2
0.0,0.5490484163825975,949.0,12.549019607843135,-0.0011214140828745833,I,2
10.0,5.313705645052356,1094.5,76.86274509803921,-1.5632381926185601,D,2
6.0,1.8011201894944586,974.5,13.72549019607843,0.03126433013240831,G,2
7.0,5.077951783101904,1389.0,16.862745098039216,-0.7217014345346273,G,2
0.0,9.5111222715714,0.0,0.0,0.6712164358394573,B,1
0.0,1.4739904833920452,958.0,13.333333333333334,-0.003541867954911501,D,2
21.0,0.7710666674575308,1123.5,12.941176470588236,-0.1702720125786164,F,2
60.0,2.322478577010687,2560.5,87.84313725490196,0.28261751399432544,E,3
0.0,1.6523979803773512,0.0,0.0,-0.004696400946401003,A,1
0.0,2.2300148894247256,953.0,13.72549019607843,0.0014936840440193944,J,2
9.0,3.7832771170870383,1809.0,16.470588235294116,0.6388901167315177,B,3
38.0,1.0164266133636004,2367.0,15.68627450980392,-0.09359020310633193,C,3
29.0,1.0906382906359797,1385.5,13.72549019607843,-0.7808730158730159,F,2
0.0,9.457373834704576,0.0,0.0,0.6071216896882049,J,1
56.0,1.7010688202166964,1868.0,14.901960784313726,0.0035703060380479767,B,3
0.0,2.058041720997481,951.5,13.72549019607843,0.006807947778286971,D,2
45.0,1.7705908985626353,1750.5,17.647058823529413,-0.016032874460653407,D,3
0.0,8.295965486265237,0.0,0.0,-0.0004042904290435523,C,1
29.0,2.40470241682025,2903.0,17.254901960784313,0.04062507591232789,C,3
0.0,1.5348236917298392,948.5,13.72549019607843,0.0009090909090909011,A,2
40.0,2.651522728831557,1536.5,13.72549019607843,0.1700983606557378,C,3
36.0,2.1407573476355903,2263.0,25.098039215686278,0.003821435542360474,F,3
24.0,1.077002980065324,1086.0,14.117647058823527,0.18189552792725927,B,2
40.0,2.9359587007258843,2487.5,18.431372549019606,0.21524421230942958,F,3
0.0,0.6938390492447243,949.5,14.117647058823527,-1.1099644874899113,A,2
0.0,2.010458573795805,945.5,13.72549019607843,-0.004767153517153511,B,2
18.0,1.7155324825443123,993.0,14.117647058823527,-0.08918357487922701,C,2
23.0,2.228079520830408,2348.5,16.07843137254902,-0.5645069751751234,J,3
0.0,9.490495669967592,0.0,0.0,-1.399230633131907,F,1
1.0,2.091405854737614,956.0,12.941176470588236,-0.12435183946488304,H,2
0.0,9.06898945512771,0.0,0.0,0.00989725069897407,B,1
0.0,9.064617072344062,0.0,0.0,0.00042437578944909404,E,1
0.0,9.503674109020906,0.0,0.0,-0.001400126995645845,H,1
0.0,9.508589673189608,0.0,0.0,-1.3499285714285714,G,1
0.0,9.604885707317909,0.0,0.0,-2.7370020920502096,I,1
35.0,5.005750429046157,3320.0,17.254901960784313,-0.19874837685406188,B,3
7.0,1.3801498898277786,1441.5,13.333333333333334,0.042746181594903676,B,2
0.0,1.030251197882588,946.5,12.549019607843135,0.0023382344245816977,B,2
0.0,9.11432333135258,0.0,0.0,0.006140572853632786,D,1
21.0,0.16983431861877654,2189.5,15.294117647058822,0.0877213648742457,F,3
0.0,1.6570324822648739,945.0,14.117647058823527,-0.0015630709828661216,J,2
0.0,0.8952696399758273,952.0,12.549019607843135,-0.0013757580658203539,I,2
105.0,3.1161576011928096,4476.5,19.607843137254903,0.7529050671550674,H,3
0.0,9.451639038822451,0.0,0.0,-0.7551704855050378,E,1
10.0,1.64164362420377,1365.5,26.666666666666668,0.21581025641025642,G,2
45.0,0.7149887823012847,1933.5,22.745098039215687,0.05558460700438972,E,3
12.0,0.9739714338511519,1248.0,16.470588235294116,0.4056675231291941,E,2
0.0,9.07086769982533,0.0,0.0,-0.001775790693823609,C,1
43.0,1.001843823808956,1826.5,14.509803921568627,0.17059934251078693,B,3
15.0,2.787230269096735,2793.5,14.509803921568627,0.7941342397249571,J,3
0.0,9.460922717967712,0.0,0.0,-0.6930133712788544,G,1
0.0,9.470676809142894,0.0,0.0,0.007077924409731706,G,1
50.0,0.7900830130034475,2122.5,18.03921568627451,1.2437321125061682,A,3
0.0,9.498863203775457,0.0,0.0,0.007220632530120508,B,1
22.0,0.6494436951149724,2240.5,29.80392156862745,-0.19864177489177487,D,3
0.0,0.5764452484859132,954.5,12.15686274509804,-0.0025960545432268667,A,2
49.0,1.6283392500691938,3063.5,24.31372549019608,0.03158044975159069,A,3
17.0,1.4905218579010162,1719.5,19.215686274509803,0.026194096601073524,G,3
0.0,9.45044292772294,0.0,0.0,-0.016721094376699802,D,1
42.0,1.7888785575602595,1568.5,15.68627450980392,-0.0004129698684153804,G,3
1.0,0.5703902313456489,953.0,13.72549019607843,0.05159310735447897,B,2
0.0,9.52722488983485,0.0,0.0,1.377745323936026,J,1
37.0,3.4847235077291527,3770.0,31.764705882352946,-0.12020781482793819,E,3
0.0,0.6065026101575192,943.5,12.941176470588236,-0.00667713081620358,J,2
0.0,9.071524099869393,0.0,0.0,-0.00040342244092750335,G,1
19.0,1.9098578586903778,1956.5,20.392156862745097,0.13539546004722508,D,3
0.0,9.527340518975544,0.0,0.0,0.7934614279398763,B,1
20.0,1.007996643079281,2024.0,14.901960784313726,-0.1186238761238761,G,3
0.0,9.500850078661454,0.0,14.117647058823527,0.0030203721638075026,D,1
0.0,2.010277328724814,945.0,13.72549019607843,-0.000369574119574112,E,2
2.0,2.1131006943337654,1170.5,10.196078431372548,-0.0444609584227621,H,2
0.0,9.492919788214117,0.0,14.117647058823527,0.010020670698185803,F,1
24.0,1.1194800486388778,2421.5,19.607843137254903,-0.06857129035379106,A,3
25.0,4.1945901928482385,2608.0,23.92156862745098,-0.12070334510535319,J,3
0.0,9.441484606641911,0.0,0.0,-0.014871794871794908,D,1
0.0,1.0333643746314451,952.5,12.549019607843135,-0.00015652929857290498,E,2
2.0,0.3557462479386377,1559.0,17.254901960784313,-0.003597777777777811,I,3
0.0,9.451189477245082,0.0,0.0,-0.7562947549561888,B,1
26.0,2.747577628035904,2679.0,16.07843137254902,-0.025855130784707914,H,3
29.0,1.7848913565400288,2950.5,24.31372549019608,0.05380615152531015,B,3
0.0,2.2662409413926943,951.0,14.117647058823527,0.004432432432432409,H,2
6.0,3.5242042161576257,967.0,25.098039215686278,0.15158825428783068,I,2
0.0,8.060722812956454,918.75,29.80392156862745,0.0137614956895898,C,2
33.0,1.6880859077387633,2047.0,14.901960784313726,0.020521194544270094,A,3
2.0,1.0919777843958838,1671.0,20.7843137254902,-0.09504021275913999,B,3
0.0,8.765883198370195,1381.25,18.431372549019606,0.0027529106356199012,B,2
19.0,4.073886242296204,1934.5,28.62745098039216,0.7298526730266115,B,3
12.0,1.6412561645402663,2349.5,19.215686274509803,0.1964530910449669,C,3
0.0,1.0128357066016935,952.5,13.333333333333334,0.0018068473514017969,A,2
48.0,0.8624168600435839,3023.0,17.254901960784313,0.025680163785259336,H,3
0.0,0.9325485086331459,952.5,13.333333333333334,-0.0015574437313568001,E,2
23.0,1.8008409290035652,949.0,12.549019607843135,-0.40360490449409725,B,2
0.0,9.112560066038506,0.0,0.0,-0.001895670995670784,J,1
36.0,1.8480061782176054,2264.5,21.56862745098039,-1.162015657839428,D,3
0.0,1.9787405231446147,951.5,13.333333333333334,0.0010011452130096188,C,2
0.0,2.586593807706229,1679.0,21.176470588235293,0.0033117438127979737,A,3
0.0,9.069857660885507,0.0,0.0,0.001477212506624248,E,1
29.0,1.457441929607048,1822.5,14.509803921568627,-0.6898556757138105,H,3
8.0,4.419932774936296,1073.0,27.45098039215686,1.5709388566399336,C,2
0.0,0.553195683192251,960.5,12.15686274509804,0.0032673740450105404,D,2
31.0,0.4778000213056218,954.5,12.941176470588236,-0.09686952655686179,B,2
0.0,1.0327665557218004,959.0,12.549019607843135,-0.0011892280809949751,J,2
18.0,2.080421312528791,1839.0,87.84313725490196,-0.6708425927786373,I,3
39.0,2.3993522053660636,2448.0,15.68627450980392,-1.154240489183018,I,3
12.0,2.9734928137415735,2251.0,25.49019607843137,-0.2557871075964533,B,3
15.0,3.06415972252992,2793.5,14.509803921568627,0.17186915887850462,H,3
7.0,4.339938665666503,1032.0,12.941176470588236,0.11516528925619918,E,2
0.0,8.184544471257112,0.0,0.0,-0.005085289004780336,E,1
0.0,1.7151130420784042,0.0,0.0,-0.0003710437710436887,A,1
42.0,4.156447404335772,4147.0,19.215686274509803,0.11036089341692845,A,3
18.0,2.5513348960913533,1045.0,13.72549019607843,1.0477307692307691,I,2
0.0,9.438228322239087,0.0,0.0,-1.4625000710732055,I,1
3.0,2.3252005264349553,1452.0,24.31372549019608,-0.06465031009051292,I,2
25.0,1.6659668713011946,1051.5,14.117647058823527,-0.21394833213916087,I,2
50.0,0.45427875381877125,2128.5,18.431372549019606,-0.0908267526674302,C,3
29.0,3.7909236229889625,1820.0,16.07843137254902,-1.341066812355089,I,3
21.0,4.017370542269985,2102.5,25.49019607843137,-3.2152768684403705,A,3
0.0,0.529226696628321,958.0,12.549019607843135,0.002946011986410757,E,2
23.0,0.8630582810462901,1453.0,13.72549019607843,-0.13935391363022948,C,2
18.0,1.7407281614708963,1838.0,20.0,0.18115501337699164,G,3
23.0,2.398873191254545,2329.5,29.80392156862745,-0.16126631325711616,C,3
0.0,9.493947734942095,0.0,0.0,-0.0009090909090908594,J,1
0.0,0.5375449168871685,948.5,12.549019607843135,-0.001047364755049962,G,2
0.0,1.0485754882117777,952.0,13.72549019607843,0.006129979888369164,E,2
0.0,2.2354546405950626,953.0,13.72549019607843,-0.005455825215383792,I,2
0.0,0.5286910197054443,948.5,13.72549019607843,-0.007134954992097792,J,2
0.0,2.3840835047463824,1682.0,18.431372549019606,-0.05323625215558536,E,3
44.0,0.4441859704619894,1885.0,14.901960784313726,-0.035354025534132416,C,3
0.0,1.6603378502113395,947.5,14.509803921568627,-0.003240945026659281,J,2
41.0,2.057114006915346,2605.0,17.647058823529413,-0.07763261949198097,H,3
0.0,1.26716043178624,942.0,12.15686274509804,0.001963657946400077,I,2
16.0,2.5513925187113653,1675.0,16.862745098039216,-1.1002329445033587,C,3
0.0,9.593592775339742,0.0,0.0,-2.8354991929066724,C,1
0.0,1.652924074882691,949.0,12.549019607843135,0.006131992847498435,F,2
29.0,2.1216099468147496,2932.0,16.862745098039216,-0.5204784014510753,B,3
1.0,2.2141287851215585,1105.0,13.333333333333334,0.0764625019513494,H,2
31.0,1.8834186977779526,3133.5,20.392156862745097,-0.2951610417629836,E,3
0.0,1.0255327989574285,951.0,12.549019607843135,-0.0019493835941204463,D,2
0.0,1.6007940672287486,953.0,13.72549019607843,0.0017902954539750077,E,2
0.0,1.6488788389725484,946.5,13.72549019607843,-0.0036140159200874072,C,2
18.0,1.5062837455604872,1066.5,14.117647058823527,0.06634115125900347,F,2
0.0,1.565212549586381,1158.0,13.72549019607843,0.0012094823415577105,E,2
0.0,1.6921556462906613,951.5,14.117647058823527,0.0007739881347779143,H,2
9.0,4.320801786335495,1809.0,16.470588235294116,-0.13008313111546066,D,3
0.0,9.065338439977582,0.0,0.0,0.0006482787192183537,J,1
0.0,2.008840835830812,951.5,13.72549019607843,-0.0018855218855218792,D,2
50.0,1.5888236827003652,3078.5,16.862745098039216,-0.8128322279289847,F,3
4.0,2.3398354033590425,1768.5,22.352941176470587,0.023416025721851003,C,3
52.0,2.7865933511808887,3260.5,57.64705882352941,-0.38470031545741323,E,3
2.0,1.4690690296019766,956.5,14.901960784313726,0.05537749243136031,E,2
15.0,0.5095535279551723,1197.5,14.117647058823527,-0.5519999999999999,B,2
0.0,9.114266552879542,0.0,0.0,0.004516642298099338,I,1
0.0,8.749803303369493,0.0,0.0,-0.007702366351634099,G,1
33.0,4.8699751858617875,3426.0,82.3529411764706,0.26873220027560873,C,3
10.0,2.072920361598103,1830.0,20.0,-0.4685670198921732,I,3
12.0,3.303112994381871,2251.0,25.49019607843137,-0.24754750778816204,C,3
0.0,2.023262600895478,0.0,0.0,0.004267168327571,G,1
102.0,4.871861053174143,6079.0,40.0,0.0012540920183323756,B,3
0.0,1.4887240214330466,0.0,17.647058823529413,1.2009619183494293,F,1
24.0,2.064151347115371,1515.5,25.49019607843137,0.24037218591140186,B,3
44.0,1.9608625345296333,1856.0,14.509803921568627,0.10130545628867749,H,3
0.0,2.354533813015666,956.0,12.549019607843135,-0.0022135033999440834,B,2
0.0,1.6609804196292899,952.5,14.117647058823527,-0.0024741520043533582,C,2
0.0,1.036300246234671,946.5,12.941176470588236,0.0008632337758779363,I,2
23.0,0.6330522668686634,1473.0,13.72549019607843,-0.9187524801587301,F,2
40.0,1.733183044639352,2512.0,22.352941176470587,-0.21050538689606202,F,3
0.0,0.5710445797272141,953.0,12.549019607843135,-0.0025688350353414435,D,2
15.0,3.8861457506719264,1369.0,13.72549019607843,2.169265576195956,A,2
19.0,1.929389498631447,1955.0,16.862745098039216,-0.213608706406134,H,3
3.0,0.6513318464295963,1569.0,15.294117647058822,0.013971415206075366,J,3
0.0,9.116975717752217,0.0,0.0,0.004996773360867568,C,1
0.0,9.532305539559982,0.0,0.0,2.0655138248847926,C,1
0.0,9.500175423422112,867.75,16.862745098039216,0.0020591833291149983,D,2
20.0,2.45495040936726,2016.0,87.84313725490196,0.044639374386602426,D,3
0.0,9.474746998138505,0.0,0.0,0.01832635983263614,E,1
46.0,0.8894980836442465,1948.0,18.823529411764707,0.134453991374758,D,3
0.0,2.009284525025964,954.0,13.72549019607843,0.0016835016835016758,F,2
5.0,1.9757272141628162,957.0,21.96078431372549,0.2273131179165661,J,2
0.0,9.064405075777328,0.0,0.0,0.002582432432431947,G,1
40.0,0.7891752380617832,2512.0,15.68627450980392,-0.0303805583198029,F,3
51.0,1.6846840854406797,1720.5,14.117647058823527,-0.12016138030369122,E,3
0.0,9.116634196413067,0.0,0.0,0.014940690663255651,E,1
0.0,4.837060275394114,948.5,12.549019607843135,-0.7063573917828316,E,2
0.0,1.62863689396689,954.5,14.117647058823527,-0.010453872053871993,B,2
54.0,1.8200089739522838,2326.5,23.52941176470588,0.03408254468980021,F,3
43.0,2.83622668412428,2644.5,16.07843137254902,-0.32766375443109474,A,3
0.0,1.1962146655171373,939.0,12.941176470588236,0.047106143363928266,J,2
34.0,1.9293217878125857,2157.5,32.549019607843135,0.1818957642046618,J,3
10.0,0.7234740013249489,953.0,13.72549019607843,0.01720548806032679,B,2
0.0,2.0015326038389696,956.0,13.72549019607843,-0.0003319548957133045,I,2
47.0,0.9386864468154235,2936.5,16.862745098039216,-0.0645263257119516,J,3
0.0,0.5609561989225084,950.0,12.549019607843135,0.011614208980601282,D,2
0.0,1.5985106244541938,1195.5,16.07843137254902,0.005744258099279365,G,2
0.0,9.493392450529516,0.0,0.0,0.00330272743379445,J,1
17.0,1.7645216330780429,1378.5,13.333333333333334,0.48643533304560493,D,2
46.0,4.793064253518624,2883.5,16.470588235294116,-1.3100924597981396,I,3
0.0,1.63009981063196,0.0,0.0,-0.002782100282100297,E,1
52.0,0.4753184176537772,2198.0,19.607843137254903,-0.1365561299541882,J,3
17.0,1.7371821875135776,1785.5,19.215686274509803,-0.05260287605115191,B,3
4.0,0.5291900967280774,949.5,12.549019607843135,-0.03785507343646882,G,2
22.0,0.38563252140938464,966.5,13.72549019607843,-0.0508243097497843,G,2
0.0,9.53185246714483,0.0,0.0,0.7064884065030188,D,1
55.0,1.2758961912451399,1865.5,21.96078431372549,-0.122746414822962,G,3
0.0,9.471659679655,0.0,0.0,0.7606294364229156,F,1
14.0,3.695274393499599,949.0,12.549019607843135,-0.17112286583020575,I,2
0.0,9.539885189638001,0.0,0.0,1.3668151260504202,I,1
0.0,1.6294455840563142,950.0,13.72549019607843,-0.003945590327169297,F,2
0.0,1.8522250099138367,943.5,13.72549019607843,0.12746421070678504,I,2
0.0,9.500752026408612,0.0,0.0,-0.0030584002593334603,I,1
3.0,0.7605735032574347,950.5,12.941176470588236,0.008994286456304401,I,2
45.0,1.6318322604508404,2800.5,38.431372549019606,-0.7386503645449334,J,3
9.0,3.7816123843465737,959.5,12.549019607843135,-0.3127859400873101,I,2
41.0,1.8227023298865659,2576.0,21.96078431372549,-0.15383435122682948,I,3
46.0,1.859246092179583,2915.0,28.62745098039216,0.0038311424862058074,G,3
0.0,1.063039638123726,958.0,13.333333333333334,-0.006269819819819777,J,2
8.0,2.923370587971059,1706.5,16.862745098039216,-0.6876785986290934,J,3
0.0,1.6000711019105383,949.0,13.72549019607843,0.0015111085661932977,D,2
40.0,1.3552366441181583,2494.0,25.49019607843137,1.1963450913289078,A,3
0.0,9.06971566956466,0.0,0.0,0.000180950610398245,E,1
12.0,1.6336330679825979,2146.0,24.705882352941178,-0.007878331660533089,B,3
0.0,1.6025721360697296,952.0,14.509803921568627,0.0083451256967354,C,2
0.0,9.493455892506796,0.0,0.0,0.0004322055945795711,J,1
0.0,0.8476979240101644,947.5,12.941176470588236,0.0029785757654609,F,2
29.0,1.8998983625064028,1793.0,21.176470588235293,0.037346544926333325,A,3
12.0,0.9792977159729734,1057.5,12.941176470588236,0.06003224646759564,C,2
50.0,0.8408536429237192,2122.5,18.03921568627451,0.4620589116624715,H,3
0.0,1.6094589814633662,945.0,14.117647058823527,0.0015480786909357613,D,2
34.0,0.9307005378073836,2127.0,15.294117647058822,-0.0781802193030073,E,3
0.0,9.070490407527645,0.0,0.0,-0.0019089553629667577,G,1
63.0,1.7255147903916324,2123.0,87.84313725490196,0.1432281514134348,E,3
0.0,1.6093514528805974,1159.5,13.333333333333334,-0.0020009009009008816,F,2
23.0,0.6711547925543153,2399.0,26.274509803921568,-0.09459163773520207,H,3
60.0,1.8456176594183336,2555.5,23.92156862745098,-0.1057682563669497,E,3
0.0,9.495162093838692,0.0,0.0,0.0006265060240964182,E,1
0.0,1.5270227386795667,956.0,14.117647058823527,-0.015084684684684685,D,2
19.0,1.5701607642384272,1951.5,20.0,0.03202525797012179,E,3
6.0,3.015226034922731,967.0,25.098039215686278,-1.5313931888544892,C,2
0.0,4.308373178857009,950.0,12.15686274509804,-0.001131038280418828,G,2
48.0,5.458911862639612,2064.5,20.0,-0.0423992793464425,C,3
0.0,1.4729894351313697,950.0,12.15686274509804,0.3676465753424657,H,2
0.0,0.8586049405703159,952.5,13.333333333333334,-0.04658591843848031,F,2
0.0,0.7766862150268643,942.0,12.549019607843135,0.00454412555292516,F,2
0.0,9.718594505821297,0.0,0.0,-2.092381850307959,J,1
0.0,9.11708613264578,0.0,0.0,-0.05638286318557251,F,1
0.0,2.0128931857665404,951.5,13.72549019607843,0.003694915254237374,D,2
36.0,2.0529465095743804,958.0,13.333333333333334,-0.34151859053212175,C,2
0.0,9.416304477471868,0.0,0.0,-0.0027371436517868997,J,1
0.0,7.729551230922526,0.0,0.0,-0.01680722891566258,D,1
14.0,1.9419675964494796,1463.0,17.647058823529413,0.13184275027852932,F,2
0.0,0.5687103793983046,943.5,12.941176470588236,2.5073385518492586e-05,F,2
0.0,9.066498681567081,0.0,0.0,0.0022166367327818293,D,1
0.0,9.068752087032616,0.0,0.0,-0.0005585047555851652,H,1
0.0,9.492373936036946,0.0,0.0,-0.8164162679425837,G,1
15.0,0.5334780926332703,2742.5,15.294117647058822,-0.11998256493777676,I,3
0.0,9.114816528084367,0.0,0.0,1.0938015873015874,E,1
0.0,9.071870594720409,0.0,0.0,0.002244014769523961,H,1
0.0,1.3953347818997615,955.0,13.72549019607843,-0.0025815391662848963,F,2
0.0,9.156097375267295,0.0,0.0,0.009116544156812623,J,1
53.0,4.823011631236598,2243.5,21.56862745098039,0.07018569690209375,G,3
27.0,0.34781600256723616,1159.0,16.470588235294116,-0.0435031847133758,H,2
0.0,1.7300325985993927,949.5,14.117647058823527,-0.0010173680391801776,A,2
13.0,3.7398225078134013,1349.0,18.03921568627451,-0.4428731711326648,H,2
0.0,9.064054305300864,0.0,0.0,-0.0023724963646203356,D,1
79.0,1.8719909658579565,4904.5,87.45098039215686,-1.3489556962025315,I,3
3.0,1.7460582863963499,1225.5,23.92156862745098,-0.1328075057980181,C,2
41.0,4.407074254915545,2588.5,21.96078431372549,0.11756207364223314,I,3
2.0,0.8973796002382624,950.5,12.941176470588236,-0.09084848484848489,I,2
29.0,2.3860553138583622,2934.0,23.92156862745098,0.001341891945853213,H,3
6.0,1.94049584302381,948.0,14.117647058823527,0.05383904955516211,F,2
18.0,1.7522260391027134,1990.5,18.03921568627451,-0.3838097397476339,F,3
0.0,1.1077855968405528,948.5,13.72549019607843,0.0007113225543259327,D,2
0.0,0.7913648158567141,946.0,12.941176470588236,0.0038054919908467877,E,2
58.0,1.1661113596956754,3561.5,17.647058823529413,0.7258588679700213,G,3
43.0,0.6423589406867632,1845.0,21.56862745098039,0.04906609779222537,G,3
0.0,9.068302066692183,0.0,0.0,-0.0011163847308428565,G,1
38.0,2.0586013311496285,2405.0,34.509803921568626,0.0687462768191096,C,3
5.0,0.5965906797567576,950.0,12.549019607843135,0.060890773790754915,E,2
26.0,1.6747030587247473,2496.0,28.62745098039216,-0.1736942675159236,F,3
0.0,1.6328278298035859,881.0,18.431372549019606,0.005038865728678205,G,2
27.0,1.7201054495417176,1666.5,34.509803921568626,0.26992698291026673,C,3
0.0,9.493574774446538,0.0,0.0,0.008979160402030173,C,1
15.0,5.224987146443666,1447.5,32.94117647058823,-0.8351573328862063,J,2
9.0,1.969213149905481,1777.5,17.647058823529413,0.13160461118414407,A,3
43.0,0.5400097175278016,1872.0,15.68627450980392,-0.04157870791628748,G,3
0.0,1.0437365693448797,948.0,12.549019607843135,-2.1728824273203884e-06,B,2
13.0,0.7909052682597634,937.0,14.509803921568627,0.035992294652488876,J,2
1.0,1.4097721456719512,1100.0,14.117647058823527,-0.0003106701185568994,F,2
0.0,1.8681771486524668,0.0,0.0,0.0066647329147329,D,1
2.0,1.831363670756406,1330.5,18.03921568627451,-0.2801234567901234,A,2
0.0,0.8758040039186834,950.5,12.549019607843135,-0.005433225795015373,B,2
51.0,1.7738758547585163,2162.0,88.23529411764706,-0.1265001516530179,D,3
0.0,9.472014607856483,0.0,0.0,-0.7742377155430651,I,1
11.0,1.6808998373328827,1213.0,13.333333333333334,-0.1623757763975155,D,2
38.0,1.2095793131293973,2382.0,22.745098039215687,-0.3683218799606164,H,3
45.0,0.8983214053893018,1919.5,18.823529411764707,0.009263206247129119,E,3
34.0,0.935450085359463,2130.0,20.7843137254902,0.056359724975745595,H,3
35.0,0.6682398533168117,2181.0,14.901960784313726,-0.39148334899258797,E,3
0.0,4.022392169366097,950.0,12.549019607843135,0.7037574271432616,B,2
6.0,1.9300398429411696,990.0,13.333333333333334,0.05602132895816242,D,2
0.0,9.058661271425214,0.0,0.0,0.08980597590060313,H,1
0.0,2.027261052087474,951.5,13.72549019607843,-0.017548952013237806,D,2
0.0,1.577704114208108,953.0,13.72549019607843,-5.5088531048852474e-05,B,2
32.0,0.6628929761113612,2025.0,14.509803921568627,-0.04174177215189867,B,3
0.0,2.052969722978209,946.5,14.117647058823527,0.003600876592247615,B,2
0.0,9.490132444689763,0.0,0.0,-1.3943928073833725,D,1
9.0,1.517036090922767,941.5,14.117647058823527,0.004466433365080069,E,2
0.0,4.298055400456304,950.0,12.15686274509804,0.007158486410107301,B,2
0.0,0.45768773575673705,942.5,12.549019607843135,0.005596026490066297,D,2
0.0,9.530804338079257,0.0,0.0,-0.004384372666011771,J,1
18.0,2.749148861027768,1841.0,87.84313725490196,-0.12726882763975178,I,3
3.0,0.975212779958969,1222.5,13.333333333333334,0.1356478578892371,F,2
0.0,0.5856290574220191,947.0,12.549019607843135,0.002012328524124918,B,2
19.0,1.2205866168123438,1933.0,14.509803921568627,-0.010246465489268997,D,3
0.0,2.009054435711381,948.0,13.72549019607843,0.0008128262490678106,C,2
25.0,3.991604226338121,949.5,12.941176470588236,-1.9997987985516796,C,2
52.0,2.0211255354966227,1752.5,12.549019607843135,0.07645855916561681,C,3
17.0,1.886717169195903,1716.5,14.901960784313726,0.0673668831851339,G,3
19.0,1.3237215143961951,1885.5,22.352941176470587,-0.029552221878544227,G,3
0.0,0.8938787652854153,941.0,14.117647058823527,-0.024093615341600594,E,2
0.0,9.151406545471918,0.0,0.0,-0.04693773184381511,B,1
0.0,9.499856362899381,0.0,0.0,0.005550904494566522,D,1
50.0,1.6171711631502297,2123.5,15.294117647058822,-0.18775368754146898,J,3
0.0,1.7820595807331825,945.5,22.745098039215687,-0.04275007574773848,B,2
0.0,0.5208786768685003,942.0,12.549019607843135,-0.0005521198378340975,J,2
0.0,2.0701863879785107,949.0,13.72549019607843,-0.003284699954191561,E,2
25.0,2.182035250421284,1567.0,14.509803921568627,-0.07309750091578815,J,3
0.0,9.06640768156387,0.0,0.0,-0.0009637819290886362,C,1
40.0,1.7728179940305144,2487.5,18.431372549019606,-0.3363891255832827,D,3
36.0,1.1376393209654687,2299.5,15.294117647058822,0.6264715437832056,H,3
45.0,5.3008590566611105,1930.0,18.431372549019606,-0.7722632915173238,H,3
13.0,1.2473113024756242,1303.5,18.823529411764707,0.06633609854198086,E,2
24.0,1.8826894327356207,2471.0,22.745098039215687,-0.10399486098977337,J,3
0.0,2.1542964863068703,1562.0,15.294117647058822,-0.6253222776769509,D,3
2.0,1.9539570090245444,1643.0,21.56862745098039,-0.050911281917665585,D,3
0.0,9.546585736880248,0.0,0.0,1.5477151629953254,D,1
0.0,0.5336352285485056,946.5,12.549019607843135,0.00330039303761942,G,2
0.0,1.0669739782135967,950.0,12.549019607843135,-0.00252445652173916,H,2
10.0,1.0942014105300353,2015.0,22.352941176470587,-1.0733709303017678,I,3
16.0,1.6818108981299076,1628.0,56.47058823529412,0.002870967741935404,C,3
0.0,9.445740655331294,0.0,0.0,-0.7191155779824151,E,1
0.0,1.0659284260596509,950.5,12.549019607843135,0.0005765961709069956,F,2
24.0,5.165812613883279,2375.5,87.84313725490196,-0.16591514190920442,I,3
5.0,6.5452218142210015,1100.0,12.941176470588236,-0.5006985834361959,D,2
28.0,2.0209796251940415,1523.5,14.509803921568627,0.11923748286704827,G,3
0.0,9.542193523819288,0.0,0.0,0.0028566797818116996,I,1
60.0,0.3953538755397929,2567.5,16.07843137254902,0.1043281471004244,J,3
0.0,0.9883852724068258,945.0,14.117647058823527,0.0008651639582969439,B,2
33.0,0.5243319262714585,1411.5,13.333333333333334,0.003557131407817715,B,2
45.0,1.4425577329349784,2840.0,22.352941176470587,-0.38401898734177214,A,3
0.0,9.49851214298415,0.0,0.0,-0.011915981786392082,D,1
50.0,0.6486727939054193,2138.5,14.901960784313726,0.938006592626401,H,3
0.0,0.5877588644682756,948.5,12.549019607843135,-0.0025149888143176646,J,2
0.0,0.8581962203699585,950.5,12.15686274509804,0.001529943502824871,A,2
0.0,1.2152926267549407,955.5,13.72549019607843,0.002567453817453824,H,2
10.0,0.7853787648954832,1009.5,12.941176470588236,0.007682003494467182,I,2
15.0,1.7009252001445647,1244.0,14.901960784313726,0.2428568251320545,J,2
0.0,9.06562262342764,0.0,0.0,0.0007148330932156277,D,1
0.0,1.713485299625065,0.0,0.0,0.0034171717171717006,J,1
0.0,9.503974363176997,0.0,0.0,-2.2136630941286115,G,1
22.0,1.9763691587704149,2257.5,14.509803921568627,0.9593929983060423,J,3
0.0,9.529571234822411,0.0,0.0,0.7945953817349698,E,1
0.0,1.0627247916585925,946.5,12.549019607843135,0.0003083700440528192,F,2
3.0,3.78337222463168,1673.5,23.137254901960784,0.07438588324905332,E,3
0.0,1.114221318147866,950.0,13.333333333333334,0.0033575858250276536,F,2
50.0,4.857967478417327,2144.5,16.07843137254902,-6.408677626623671e-05,J,3
0.0,9.11096449655702,0.0,0.0,1.1157903627311525,C,1
0.0,1.4489074719411459,949.5,12.549019607843135,2.6973169953148357e-06,G,2
0.0,1.6066207649057902,1207.5,16.07843137254902,0.005059373046939264,G,2
0.0,9.49587959780732,0.0,0.0,-0.005233184105372213,E,1
61.0,0.5262127527573893,2595.0,15.68627450980392,1.1009864204581508,H,3
44.0,3.0728416454998926,1888.0,14.901960784313726,0.012704635159430655,F,3
46.0,0.929095063697255,1948.0,18.823529411764707,-0.047466828425907714,J,3
0.0,0.9685035417593639,945.0,13.72549019607843,0.0008050301674463189,I,2
0.0,0.9922188100673981,973.0,12.941176470588236,0.004071644902454374,B,2
16.0,0.5015276526056415,1619.5,18.431372549019606,-0.2282665556426332,F,3
0.0,9.498805169265221,0.0,0.0,0.009267836446457012,I,1
18.0,1.3815874586007,1174.5,14.509803921568627,-0.011368894048847666,B,2
23.0,2.5937686822688617,2349.5,87.84313725490196,-0.08594687456046934,E,3
0.0,9.447433521382095,0.0,0.0,-0.7007748790171073,G,1
0.0,9.116267330259204,0.0,0.0,0.0035953205271384014,B,1
0.0,9.496172386348096,0.0,14.117647058823527,0.005471427269413104,I,1
0.0,0.5788928669343149,947.5,12.549019607843135,-0.0013494830164725302,J,2
1.0,0.6244852760663137,954.0,12.941176470588236,0.01017958157493043,C,2
0.0,0.5220985347613992,952.5,12.549019607843135,-0.007640677966101683,E,2
20.0,1.33692215238049,1305.0,13.72549019607843,0.628546371574827,J,2
0.0,9.49172019687075,0.0,0.0,0.009425287356321865,J,1
28.0,5.144477701032927,1771.0,14.509803921568627,-1.4272790056628084,G,3
34.0,1.8039478653138055,2127.0,21.96078431372549,-0.0034440532511827993,E,3
0.0,3.0350628412897014,945.0,12.549019607843135,-0.007175255769688249,F,2
0.0,0.48673820964722203,951.5,12.15686274509804,-0.0004976851851852815,A,2
33.0,0.805686699091802,2043.0,14.901960784313726,0.1645115577573657,G,3
0.0,0.7346694263602899,942.0,14.117647058823527,-0.0008016662809534614,B,2
31.0,1.9630453709051532,1961.5,14.509803921568627,0.5329602179628854,I,3
15.0,2.5480147930702213,1369.0,13.72549019607843,0.2856723190828755,H,2
34.0,2.01951397909462,2114.5,21.176470588235293,1.097032051282051,E,3
0.0,0.8976350643397679,960.0,14.117647058823527,0.005691040864883867,G,2
49.0,0.7121188949181728,2086.5,14.901960784313726,0.013507831137848869,I,3
43.0,0.41280302394077917,1466.0,13.333333333333334,0.0625431180991853,B,2
2.0,3.960739197463107,950.5,12.941176470588236,0.6906742588575554,J,2
30.0,4.684922285483402,2964.0,23.52941176470588,0.10661705170783708,A,3
0.0,9.069827912305412,0.0,0.0,-0.0012053376906320246,G,1
9.0,1.2613799060670663,1798.5,23.52941176470588,-0.003934845097413042,B,3
39.0,1.1632288075146682,2429.5,16.07843137254902,1.7824260138838142,A,3
0.0,1.0711852025513362,949.5,13.72549019607843,-0.0010391347723561761,A,2
0.0,2.027122955218858,961.5,13.72549019607843,-0.0087162162162161,A,2
0.0,1.0398088337437077,947.0,12.549019607843135,0.0006873479318734166,D,2
16.0,0.7841353656073148,954.5,14.509803921568627,-0.1379365673150807,F,2
44.0,1.321201137711084,2717.5,16.07843137254902,-0.07653571428571415,E,3
43.0,0.786012995723796,2660.0,16.07843137254902,0.05395456564502821,C,3
0.0,9.49035400230284,0.0,0.0,0.01171812928855176,A,1
33.0,4.562424064718395,3149.5,16.862745098039216,0.1333460791925467,D,3
0.0,9.46996810948573,0.0,0.0,-0.6816415856286557,J,1
56.0,1.0748722292845327,2370.5,15.68627450980392,-0.11643420712476082,H,3
27.0,1.985786745679531,2698.5,32.549019607843135,0.0966379084967321,A,3
0.0,1.7689497038687538,951.5,14.117647058823527,0.17879530201342297,I,2
0.0,1.9777451055139468,951.5,13.72549019607843,-0.0016949152542372892,I,2
0.0,9.46106451843189,0.0,0.0,2.137362238133121,F,1
0.0,4.027646543589625,947.5,12.549019607843135,0.0065902721793529295,G,2
33.0,1.6726104376488777,2075.5,87.84313725490196,-0.0906607260726071,C,3
0.0,1.9790723971564637,946.0,13.72549019607843,-0.0006345625286303114,G,2
6.0,1.8578186405878876,952.5,14.901960784313726,1.2958320882039862,B,2
16.0,1.8101221299801258,972.0,14.117647058823527,0.16461271731364618,F,2
0.0,9.472030555407713,0.0,0.0,-0.7355494266464395,E,1
12.0,1.9860066591292111,1199.0,16.862745098039216,0.10095786831847064,G,2
0.0,9.039202389024013,0.0,0.0,0.0026311814483599427,F,1
6.0,0.6206495059138271,1545.0,11.76470588235294,0.023545399348677998,G,3
27.0,1.9587578930575629,2732.5,21.176470588235293,-0.1801649936540902,F,3
0.0,1.5299620729656322,952.0,13.72549019607843,-0.0012976147288227963,E,2
18.0,1.718268570540686,1838.0,20.0,-1.122027398401066,C,3
0.0,9.1129782212823,0.0,0.0,-0.0027326803346947592,I,1
48.0,2.0990927540634865,2988.0,16.862745098039216,0.37533034403396703,C,3
20.0,3.9093984244193254,953.0,12.941176470588236,-1.3004232770706436,G,2
0.0,3.1360173241871663,948.0,12.549019607843135,-0.004919309339664779,C,2
38.0,0.7181098556824742,2396.0,15.68627450980392,-0.1007950902820045,G,3
30.0,1.8269510097256718,1894.0,20.0,0.08022594668203004,J,3
41.0,0.6540296503773269,2612.0,15.68627450980392,0.3130438014868394,J,3
48.0,1.2042652269739764,1611.5,14.117647058823527,0.04598413537810689,J,3
34.0,0.7958867622353641,2141.0,15.294117647058822,-0.11745283018867919,B,3
14.0,3.135460011807001,949.0,12.549019607843135,-0.08386322412305658,E,2
18.0,3.451539422469152,948.5,12.549019607843135,-0.20577026361172734,I,2
0.0,6.485639647480647,1838.0,23.52941176470588,-0.11861767168363868,G,3
41.0,1.3430225498588435,2563.5,18.823529411764707,-0.22841763628528333,J,3
0.0,0.5202921815262727,956.0,12.941176470588236,-0.006713863334432135,C,2
0.0,9.064841033340775,0.0,0.0,3.311258278193563e-05,C,1
35.0,1.743975727186273,2180.0,20.7843137254902,0.038283936590380374,F,3
0.0,1.7449683542894008,0.0,0.0,-0.002323232323232338,B,1
45.0,0.8105853599585215,1904.0,14.509803921568627,0.8536513157894737,I,3
32.0,0.7982121190184605,2025.0,14.509803921568627,-6.786440233419455e-05,I,3
20.0,1.9272189536363757,2058.5,18.431372549019606,0.02031360332294918,J,3
48.0,0.5802318550052195,2042.5,14.901960784313726,-0.02072998817034699,C,3
0.0,9.49340976203839,0.0,0.0,0.0003148025346302319,F,1
0.0,1.9371463644079832,0.0,0.0,0.004039726120262998,A,1
0.0,1.5210205016290366,952.0,13.72549019607843,0.0008531270178027961,I,2
0.0,9.067603782482381,0.0,0.0,-0.00013031757217740747,A,1
1.0,5.141249655693797,1643.5,19.607843137254903,0.07119047379083088,E,3
23.0,1.1641407310416503,2325.0,15.294117647058822,0.010556823141938732,F,3
0.0,2.2341022485503403,1562.0,15.294117647058822,-0.6095492925863049,B,3
0.0,1.0115420331344551,950.5,14.509803921568627,0.014421108777544392,D,2
49.0,4.838219343895467,4918.0,88.23529411764706,0.22601542721518975,H,3
34.0,2.751678742231152,2144.0,39.21568627450981,0.7898148274750709,B,3
14.0,2.0683414343791444,1431.0,20.392156862745097,-0.1415487545241645,G,2
25.0,0.22727132086206472,958.0,12.15686274509804,-0.317371208054665,H,2
36.0,0.9271359314267515,1536.5,18.431372549019606,-0.0325542200964829,C,3
0.0,1.4350151630489283,953.5,12.941176470588236,0.0020367221526161883,H,2
0.0,1.3874648713501794,947.5,12.549019607843135,0.0028598290598290665,B,2
21.0,1.5171433188868175,2157.0,21.176470588235293,0.009035369774919588,I,3
0.0,1.5644835432732231,0.0,0.0,0.0076970074540407,G,1
0.0,1.976880613181953,943.0,14.509803921568627,0.004805829720505417,C,2
49.0,4.2211538973246645,2099.5,14.901960784313726,0.3978243934829786,H,3
0.0,1.6422423813290703,0.0,0.0,-0.014735099337748414,J,1
0.0,9.069553029546647,0.0,0.0,0.001919078932501428,E,1
0.0,1.5646585654110858,953.0,14.117647058823527,-0.0004289928848266733,B,2
0.0,1.5908212113246605,943.0,14.117647058823527,-0.0011389602237059648,H,2
0.0,1.7781716324629169,952.5,14.509803921568627,-0.0021533983906864562,H,2
17.0,1.7277102422013828,1785.5,19.215686274509803,-0.2591602564102564,B,3
33.0,1.7860800536392014,2102.5,18.431372549019606,0.3772676282051282,B,3
0.0,3.038390610679269,948.5,12.549019607843135,-0.00879360424521769,D,2
1.0,1.846096887632443,956.0,13.72549019607843,-0.0794366416285168,C,2
0.0,1.9792123489645175,948.0,13.72549019607843,-0.0003355589796268099,B,2
0.0,9.538032507844981,0.0,0.0,0.0019372914349276016,B,1
36.0,4.282187850425138,1541.0,13.72549019607843,1.0056801809348297,E,3
0.0,1.235924481413626,948.0,14.509803921568627,-0.0039268390115848595,G,2
0.0,0.8006122297921501,1160.5,10.588235294117649,0.011368078175895802,C,2
51.0,4.909273995279372,951.5,12.549019607843135,-0.2503655204584829,I,2
0.0,9.527438127056303,0.0,0.0,0.7100348071931775,J,1
24.0,1.8630696610698954,951.0,12.549019607843135,-0.9386363636363637,B,2
35.0,1.748356658292596,2180.0,14.901960784313726,0.004221401601593344,G,3
1.0,3.467394645115535,956.0,12.941176470588236,1.885096088319477,B,2
76.0,0.9644088173929382,2553.5,15.68627450980392,0.13069452286843586,H,3
46.0,3.080399993986639,2659.5,27.058823529411764,0.3898834325396825,F,3
0.0,9.467858289204644,0.0,0.0,-1.3688910314717118,G,1
17.0,7.379617120961539,1746.5,14.117647058823527,-0.8212857926768429,I,3
16.0,0.764318073194931,1641.5,18.431372549019606,0.008383326840670058,J,3
0.0,1.6343135424940045,948.5,13.72549019607843,0.0014990166557404816,F,2
0.0,9.480349680840275,0.0,0.0,-0.7354482983379113,A,1
0.0,1.2909292718805994,1205.5,14.117647058823527,0.7889500948316739,E,2
53.0,1.2560468750386882,2230.5,14.901960784313726,-0.17541985143139704,F,3
0.0,9.459725178426593,0.0,0.0,-0.7551849155365216,G,1
0.0,1.0248043929354307,955.5,12.549019607843135,0.0006730659523277449,H,2
0.0,9.469231800576871,0.0,0.0,-0.022796240906908904,E,1
35.0,0.9793280791494227,2181.5,18.431372549019606,0.4972267523758506,C,3
0.0,9.463638581503941,0.0,0.0,-0.0186377246867315,F,1
113.0,4.1414716872110935,4746.5,88.23529411764706,-0.014700814598890055,H,3
0.0,3.079518746257597,947.5,12.549019607843135,-0.006836283185840841,G,2
0.0,1.0289949323977705,954.5,13.72549019607843,-0.000940940940940993,G,2
26.0,4.178167270235495,1537.0,14.901960784313726,-0.006917540291034641,I,3
0.0,1.6094203005018288,1208.5,15.68627450980392,-0.008664349878696465,G,2
0.0,1.4322521977539944,949.5,13.333333333333334,-0.0018144754924416806,D,2
0.0,9.45413244370114,0.0,0.0,-0.8312576551179166,B,1
0.0,1.019985579881283,953.0,12.549019607843135,-0.0013822692324030328,F,2
0.0,1.59594120746583,950.5,14.117647058823527,-0.0012416107382550168,H,2
0.0,9.457632237564408,0.0,0.0,-0.7856076447253412,B,1
50.0,1.2836762545923237,2122.5,18.03921568627451,-0.025091063715934725,J,3
0.0,9.508679446626559,0.0,0.0,-0.003076459963877065,G,1
46.0,0.3953264062431971,1945.0,14.509803921568627,0.1928646479688923,B,3
16.0,0.9092232037737227,972.0,14.117647058823527,0.168944099378882,B,2
0.0,9.04110708230732,0.0,0.0,-0.0060839428770465,B,1
4.0,4.348663347637374,947.5,14.117647058823527,0.04170681782396457,C,2
0.0,9.537631994976792,0.0,0.0,0.7840677299308878,C,1
53.0,0.8548157949643177,954.5,13.333333333333334,0.15950531783329208,C,2
0.0,9.532634726331729,0.0,0.0,2.067365413533835,A,1
65.0,0.5561125744137408,2184.0,14.901960784313726,0.23730859308465338,G,3
0.0,9.448597077531941,0.0,0.0,-0.1137352278028301,E,1
55.0,1.6999191975227848,2353.5,24.705882352941178,0.12385336538461544,C,3
32.0,0.9621459877558274,2087.5,19.215686274509803,-0.29102236421725236,E,3
0.0,1.5722885052609228,959.5,12.15686274509804,-0.0023634303566321124,B,2
21.0,4.528278521567567,2063.0,20.0,1.0266622948614472,G,3
30.0,1.2988172345942657,1898.5,22.352941176470587,-0.15986877631973695,H,3
41.0,0.5465259053284971,1745.5,14.117647058823527,0.04644141113140443,C,3
44.0,5.197984728854886,1862.5,14.509803921568627,0.052644917257683055,B,3
0.0,9.048496178064347,0.0,0.0,0.09574663517096083,F,1
42.0,1.7560732196967568,1568.5,15.68627450980392,0.12640380012442137,D,3
0.0,9.492476776876572,0.0,0.0,-0.72988374664909,E,1
4.0,4.578360030648898,947.5,14.117647058823527,-0.06558780736214143,I,2
0.0,9.442943960063308,0.0,0.0,0.046685344827586184,J,1
29.0,1.756146560297473,2950.5,24.31372549019608,0.1893895460519664,J,3
0.0,1.7172645127202593,0.0,0.0,0.0015436241610737866,H,1
36.0,1.3471424059135746,2258.5,19.607843137254903,0.17938281657793098,D,3
0.0,1.0277944191085737,946.5,12.549019607843135,-0.00035194009530303827,F,2
0.0,7.446596978691513,0.0,0.0,0.0007257935201834265,H,1
21.0,0.34398011134027934,2185.0,21.56862745098039,-0.1629128882647864,D,3
40.0,1.5881645156599722,2523.0,23.52941176470588,0.10948114009005178,J,3
0.0,0.9107186715407891,961.0,12.549019607843135,-0.0011027997694663672,G,2
14.0,0.46677303498226724,1156.5,13.72549019607843,0.09390981538814358,B,2
0.0,0.421649354451941,949.0,13.333333333333334,-0.0027795483979953794,C,2
0.0,9.436411468195914,0.0,0.0,-0.8353378371585688,F,1
18.0,2.316640496048578,1836.0,23.137254901960784,-0.11176417433699015,G,3
10.0,0.6078316619036699,1777.0,14.509803921568627,0.005013255423903018,D,3
0.0,9.493912615514192,0.0,0.0,-0.006899296699899526,G,1
0.0,9.621465187601997,0.0,0.0,-0.7062069973730613,B,1
0.0,0.5405531760417387,953.0,12.549019607843135,0.0017291199922910838,J,2
0.0,2.2345702363767344,952.5,13.72549019607843,0.0009506097006097836,D,2
4.0,0.2483973321811152,971.0,13.72549019607843,0.03134694719471939,J,2
0.0,9.49538369719232,0.0,0.0,-0.00534338043141247,D,1
45.0,4.4910717984010455,944.5,12.549019607843135,0.025429035482258833,J,2
0.0,1.1693803007782881,947.0,13.333333333333334,0.0008813559322033981,E,2
0.0,9.497507179115315,0.0,0.0,-0.003636645962732943,G,1
0.0,9.492615562948988,842.75,16.862745098039216,0.006282575511123406,B,2
3.0,4.228692869553745,1622.5,22.352941176470587,0.7343316199690912,B,3
0.0,1.3810950976087972,0.0,0.0,-0.009543726235741498,E,1
34.0,1.0055251505774498,2104.0,14.901960784313726,0.12137914883651613,A,3
16.0,0.7025938931447427,1032.5,12.941176470588236,0.07460579551667584,I,2
0.0,1.2528851587475451,953.5,12.15686274509804,-0.0029375582479029827,C,2
0.0,0.4838474038947337,948.5,12.549019607843135,0.0004397648804428944,H,2
0.0,9.492446787965351,0.0,0.0,-0.0015019185090444642,C,1
0.0,0.48448115761810107,948.0,12.549019607843135,-0.006178114478114505,E,2
0.0,9.115968770667097,0.0,0.0,0.0008935483870966543,A,1
21.0,0.2158697554098961,1085.0,13.333333333333334,0.501502654144549,A,2
0.0,0.5743738130698873,950.0,12.941176470588236,-0.0027617601696549032,H,2
0.0,0.4744750000893975,974.0,12.549019607843135,0.0026377264883519214,F,2
46.0,1.7927483615464164,2994.0,85.09803921568627,-0.21341970556723933,C,3
1.0,1.932300139924706,949.0,14.117647058823527,0.0028030860481191855,A,2
70.0,2.440667773143299,2970.0,88.23529411764706,-0.9699229197254077,H,3
0.0,9.50958036091191,0.0,0.0,1.3924243218715338,C,1
13.0,2.167427937406093,2425.5,32.94117647058823,0.6971934588582958,H,3
0.0,2.9109370662347156,921.0,14.117647058823527,-1.637821782178218,E,2
0.0,0.7889180755164272,947.0,12.549019607843135,-0.0024063913470993015,I,2
15.0,2.1718036609225257,1547.5,11.76470588235294,0.03978036395685389,C,3
17.0,0.8227775213086609,1796.0,18.823529411764707,0.11095952789349028,G,3
0.0,5.694078613088172,1096.5,16.470588235294116,-8.292679785330948,J,2
0.0,9.533277637736468,0.0,0.0,-0.0028105630728938458,C,1
0.0,1.9688428114143912,941.0,13.72549019607843,0.0023906048906049138,D,2
32.0,0.960645485227367,2087.5,19.215686274509803,-0.05824281150159749,I,3
29.0,5.411631682431564,2310.5,27.058823529411764,0.07782592896198004,G,3
0.0,2.23730847224282,951.5,13.72549019607843,-0.0008498623948773876,B,2
0.0,2.2541247379881884,951.0,14.117647058823527,-0.0020204295204294676,J,2
0.0,9.067387645340244,0.0,0.0,-0.0020801455769268173,J,1
0.0,0.5222329133828243,1267.5,15.68627450980392,0.20853513198757762,B,2
47.0,3.136379581683446,2938.0,84.31372549019608,0.20184753688623713,C,3
0.0,9.459863443980968,0.0,0.0,0.6950577498864469,D,1
0.0,0.5704533732577657,952.0,12.549019607843135,-0.004533837176754263,F,2
0.0,0.2269886388236412,950.5,12.549019607843135,0.7141944069731245,H,2
0.0,0.5659429957935652,953.0,12.15686274509804,0.002063072160874535,J,2
0.0,0.7540256253910476,944.5,12.549019607843135,-0.778645080829235,E,2
34.0,1.3543352580533534,3461.5,25.49019607843137,0.1682155448717949,C,3
0.0,1.0070244606510024,961.5,14.117647058823527,-0.012829751655255003,H,2
0.0,9.538569052249057,0.0,0.0,1.3670821043967352,B,1
56.0,2.630004695131232,2414.5,15.294117647058822,-0.3410726981522716,C,3
0.0,1.214995692475388,955.5,13.72549019607843,-0.004587655837655913,I,2
32.0,0.8787167604073841,1991.0,22.745098039215687,-0.0647951498422713,H,3
20.0,1.8318647026283845,2000.5,14.901960784313726,0.19630562853276012,E,3
0.0,9.535190582801638,0.0,0.0,1.3760251597122046,B,1
0.0,1.6188433939005402,1213.0,16.862745098039216,-2.4112705982655496,F,2
0.0,8.25642335106444,0.0,0.0,1.080156359898285,A,1
24.0,0.7373477282700885,951.0,12.549019607843135,0.7432583773714795,J,2
0.0,4.227997073887911,2089.0,20.0,-0.5825316503929507,F,3
0.0,2.008425892087277,958.0,13.72549019607843,-0.003337769587769601,F,2
21.0,1.753059210709639,2081.5,24.31372549019608,0.2659092296733489,C,3
48.0,1.2725951468928591,3158.5,17.647058823529413,-0.9440010747551946,F,3
41.0,1.5754808206697728,1224.0,14.117647058823527,-0.44958246532944457,J,2
0.0,3.1068362619250807,952.5,12.549019607843135,-0.015326301482089022,D,2
0.0,1.0418268886495237,947.5,12.549019607843135,-4.8780487804989114e-05,I,2
20.0,0.7336045965384509,2076.5,14.901960784313726,0.2915842319856724,A,3
39.0,1.030733386895294,2411.0,15.68627450980392,-0.04850318471337567,G,3
26.0,1.7024189933650495,2647.5,16.862745098039216,0.021231529218888212,J,3
0.0,1.7100081013391277,946.0,12.549019607843135,0.0005366161616160436,A,2
0.0,3.2974299733376817,950.5,12.549019607843135,1.5408235294117651,F,2
24.0,1.56864044745728,2421.5,19.607843137254903,0.021020808331904672,C,3
21.0,0.15264683813707924,1085.0,13.333333333333334,0.016590373783922086,C,2
24.0,1.9307859803583174,2528.0,28.235294117647054,0.0608199933381664,F,3
24.0,2.4106237417827354,957.0,12.549019607843135,0.9901767755694877,I,2
0.0,1.578047260945558,950.0,13.72549019607843,0.003951700680272188,B,2
0.0,9.064352661060779,0.0,0.0,0.003209459459459385,A,1
0.0,2.1917462889130643,945.5,12.549019607843135,0.0019756281925006336,E,2
0.0,9.500047138304573,0.0,14.117647058823527,-0.0019285366874412999,G,1
0.0,2.0101442364323865,950.5,13.72549019607843,0.0031752206752205803,B,2
28.0,2.0793590821100842,1741.0,14.117647058823527,0.43764286687824927,A,3
23.0,4.4438491490782495,2332.0,23.137254901960784,-0.03288897590810702,J,3
42.0,0.621552269427938,1779.0,14.117647058823527,0.08616988874317863,J,3
0.0,1.955503138181745,950.0,14.509803921568627,-0.0026010382532122844,A,2
0.0,1.0541593101410287,950.5,12.549019607843135,-0.0034743670223896794,F,2
0.0,0.7812661952754789,952.5,12.15686274509804,-0.001234644792141415,C,2
0.0,0.4880523529856715,948.0,12.15686274509804,-0.0018141801422841275,F,2
0.0,1.6788388544179178,950.0,13.72549019607843,0.005067683639112197,E,2
0.0,9.066626077982733,0.0,0.0,0.000713736992806524,D,1
52.0,1.8045452381704947,3234.5,17.254901960784313,0.23755727523659298,I,3
41.0,0.5641282357201249,1741.0,13.333333333333334,-0.09007162004119179,E,3
0.0,9.524743160467054,0.0,0.0,-0.001141888733052987,I,1
0.0,2.2355767207850574,952.5,13.72549019607843,0.00144803894803891,E,2
0.0,1.6270562435068483,947.0,14.117647058823527,0.002831546177793187,C,2
0.0,1.609080208113682,942.0,13.333333333333334,0.004645155359441211,E,2
0.0,9.532221721931537,0.0,0.0,-0.006257435434078529,G,1
0.0,1.210151988240351,944.5,14.117647058823527,0.0022841974627688666,J,2
0.0,2.060235366681108,943.5,14.117647058823527,0.0011998361998362128,F,2
24.0,2.396938212220829,2439.5,24.31372549019608,-0.16006289308176092,H,3
0.0,1.1442293531562497,949.0,13.72549019607843,-0.004644217687074792,D,2
0.0,9.602088175838146,0.0,0.0,-2.1181791352093344,F,1
0.0,2.084474863224555,954.5,14.117647058823527,0.004631885868999541,F,2
0.0,1.5407578073228922,958.0,13.333333333333334,0.0018622507603920924,J,2
31.0,1.7705388289264072,1330.0,13.72549019607843,-0.0019789567040231493,D,2
29.0,0.8274389488074168,2934.0,23.92156862745098,0.2064191242439153,D,3
37.0,3.595634568228698,2316.0,15.68627450980392,0.5074928849295226,B,3
0.0,0.5367885716412293,947.0,12.941176470588236,0.0001013513513513642,F,2
0.0,1.3618354182156782,947.5,12.549019607843135,0.008276963873259047,G,2
32.0,4.458746947843749,3221.0,29.80392156862745,0.4815098282902577,D,3
0.0,8.102298147901356,0.0,0.0,-0.07940232699332128,F,1
0.0,1.9393551085712322,955.5,14.509803921568627,0.03311300709358961,D,2
25.0,1.6381054875124625,1488.5,9.803921568627452,-0.07426293825644437,E,2
0.0,1.0581682635559402,951.0,12.549019607843135,0.0008220004641447121,E,2
0.0,1.6200244210587909,962.5,14.509803921568627,0.04069078947368421,I,2
49.0,1.7712460074324012,2092.5,21.96078431372549,0.03194206693919269,D,3
6.0,2.847079635606965,955.5,12.549019607843135,0.0411300221975579,H,2
0.0,0.7656450252875772,953.0,12.549019607843135,-0.0004963220832350235,D,2
0.0,9.488871074749872,1347.5,18.431372549019606,-0.013800794136820699,B,2
0.0,1.6678909667397075,0.0,0.0,-0.0019954191479615857,B,1
0.0,1.9761740322035288,951.5,13.72549019607843,0.009105816554809909,F,2
0.0,1.5948372757824612,944.5,14.117647058823527,0.005183473149574888,H,2
20.0,1.06761697193383,2079.0,20.7843137254902,-0.16168468633559346,I,3
12.0,1.7791946598805137,2188.5,20.392156862745097,0.22778179930056042,E,3
41.0,0.850012975338059,1711.5,14.117647058823527,0.15880551382688357,I,3
24.0,1.126027446487839,1086.0,14.117647058823527,0.022119423821308604,J,2
0.0,9.114904458632576,0.0,0.0,-0.0003025236593057201,H,1
42.0,0.5795051967106529,1788.0,14.509803921568627,-0.11517143811731301,E,3
0.0,1.0132137504464134,990.5,13.72549019607843,-0.0022592705201400776,I,2
14.0,2.044231320236522,2522.0,24.31372549019608,0.15813671318119848,J,3
0.0,9.46237586941279,0.0,0.0,-0.03331173502196161,D,1
0.0,0.974263882675522,949.0,13.72549019607843,3.3219598437106423e-05,D,2
42.0,0.840767124951137,2631.0,26.274509803921568,0.2900787796832422,E,3
0.0,9.496049036638507,0.0,0.0,0.004806401249024206,E,1
33.0,1.696994131769045,3335.5,21.96078431372549,-0.0753171224630203,J,3
0.0,1.62835080817858,950.5,14.117647058823527,0.001826399589111516,B,2
70.0,1.0107626762237918,949.5,12.941176470588236,0.11272063669589183,C,2
18.0,1.7530274751780206,1990.5,18.03921568627451,0.1555215638238147,A,3
42.0,1.947727157062115,1795.5,14.509803921568627,-0.08410751052284615,E,3
0.0,1.0380998895943847,956.5,12.549019607843135,-0.0019372419162502208,A,2
35.0,1.812661544097454,2228.0,30.980392156862745,0.9114791111291998,G,3
28.0,1.7044709252380883,985.5,12.941176470588236,0.2038082416098317,F,2
0.0,1.0277400192505568,945.5,12.941176470588236,-0.00031308180615052805,C,2
1.0,0.7722765120547371,1336.0,25.88235294117647,0.028068531940872332,J,2
0.0,9.46700953819751,0.0,0.0,-1.5598449229767843,E,1
1.0,0.784062903946439,947.0,13.333333333333334,0.04537468452727611,H,2
17.0,3.6393722522422722,3132.5,20.392156862745097,0.2736130257211513,H,3
107.0,3.8170392216045923,3584.5,87.84313725490196,-1.6281423284596253,F,3
37.0,1.0398259393283082,2301.5,16.07843137254902,-0.1298912101963372,I,3
0.0,2.2287871540234265,947.0,14.117647058823527,0.0034928508899916277,B,2
0.0,9.116057593331396,0.0,0.0,0.02623326750054833,I,1
0.0,0.5975563569952484,943.5,12.549019607843135,-0.00017485904942826647,I,2
0.0,1.798183184424415,1267.5,15.68627450980392,-0.19782084627329188,F,2
0.0,9.066148846581234,0.0,0.0,0.005337281372049141,B,1
0.0,8.751035478040928,0.0,0.0,-0.0047259132709019935,F,1
17.0,1.7749665589546044,1716.5,14.901960784313726,-0.051111621593400824,E,3
0.0,2.068278388441689,952.5,13.72549019607843,0.00245746051115181,G,2
0.0,1.7948068634120693,0.0,0.0,-0.1476415094339623,G,1
0.0,4.833521069296929,949.0,12.549019607843135,-1.6282484068760317,J,2
31.0,1.1731899087206532,1330.0,13.72549019607843,0.04048802612481861,A,2
17.0,1.3137035896094191,1696.0,24.705882352941178,0.09453930056871235,D,3
0.0,9.527241148429576,0.0,0.0,0.7178242779766478,G,1
31.0,0.2883648508264802,954.5,12.941176470588236,-0.10497547049244521,G,2
49.0,1.4837190901938055,1682.5,14.117647058823527,0.023508523500898604,H,3
7.0,4.446704210365642,1032.0,12.941176470588236,0.02684851936218635,B,2
0.0,2.22857349479487,943.5,13.72549019607843,-0.007926421404682138,I,2
0.0,1.8733442116056118,951.5,14.117647058823527,0.16369571865443422,H,2
24.0,3.367217127937313,2401.5,22.745098039215687,2.2843775100401613,B,3
0.0,1.891427183824584,948.5,14.117647058823527,-0.0014669214669215114,J,2
0.0,0.6942380487082312,954.0,14.117647058823527,-0.0016835016835017313,C,2
0.0,9.07122167314379,0.0,0.0,0.001841891891891656,J,1
24.0,1.2658105430534645,1527.5,18.823529411764707,-0.0660681003584229,J,3
20.0,1.744609423640089,1918.5,25.88235294117647,-0.882102817310485,F,3
35.0,2.2345350713897627,2190.5,25.098039215686278,0.016865105862773955,F,3
0.0,1.9842475453360342,951.5,13.72549019607843,-0.004202095103578163,A,2
22.0,1.7427907162763938,2207.0,23.52941176470588,0.0004975068688307105,C,3
6.0,0.7317543399683394,1455.0,20.392156862745097,-0.8381110893416928,G,2
0.0,9.070874854979811,0.0,0.0,-2.018202385833945e-05,J,1
24.0,0.8833357587102392,1496.5,14.117647058823527,-0.24301455173264264,A,2
0.0,9.499429038275688,0.0,0.0,-0.006495038106202555,A,1
0.0,9.046840833157871,0.0,0.0,-0.00971412343809197,B,1
0.0,1.9815461737562376,0.0,0.0,-0.0074832214765101004,A,1
0.0,0.8548090765434846,946.5,12.15686274509804,-0.0023300709347220394,G,2
0.0,9.064010323821229,0.0,0.0,-0.0019391891891888946,E,1
27.0,1.635618336340336,1700.0,25.098039215686278,0.7235443037974683,E,3
26.0,2.293913883567835,1716.5,19.215686274509803,0.21248427672956005,B,3
0.0,9.449450417944668,918.75,29.80392156862745,-0.03030995496790259,E,2
49.0,4.161275423573449,3054.5,17.254901960784313,-0.24955527114049314,A,3
0.0,9.066015800474013,0.0,0.0,-3.520249221189431e-05,C,1
59.0,3.796454915846075,3676.5,18.431372549019606,0.03301797606529466,A,3
0.0,8.862363626832558,0.0,0.0,-1.0966960705693671,H,1
32.0,0.7485430877643733,2020.0,21.96078431372549,0.29290650022066717,C,3
17.0,0.528199505870728,945.0,12.941176470588236,-0.12002609875769915,F,2
37.0,3.0112488267600455,3724.5,43.13725490196078,0.07070862368468367,A,3
0.0,8.062452353539873,0.0,0.0,-0.0004595250590395672,B,1
32.0,3.352142501666552,3235.5,23.52941176470588,-1.0008499638292743,D,3
0.0,9.468423199436936,0.0,0.0,-0.06389472732722162,H,1
38.0,0.8058583747430473,2426.5,17.647058823529413,-0.008477603387348376,C,3
21.0,2.38481880806047,2103.5,14.901960784313726,1.6977222572509447,A,3
0.0,1.6360012668423916,952.0,14.117647058823527,0.0029602693602693853,G,2
28.0,1.9505875070716874,2438.0,16.07843137254902,0.0021753246753246636,I,3
23.0,1.2496009248865356,2356.5,19.607843137254903,0.06594395546981752,B,3
0.0,9.069364326920663,0.0,0.0,0.0008607266435984862,I,1
0.0,0.7144538758860578,951.0,13.72549019607843,0.012412083995833045,F,2
27.0,2.1738275853834876,2687.0,30.980392156862745,-0.13273728955174002,F,3
0.0,1.6541328622816565,951.0,14.117647058823527,-0.0012956091527520086,A,2
0.0,0.3099082200894303,2006.0,19.607843137254903,0.023954123530605775,H,3
0.0,1.6507664846173875,950.0,13.72549019607843,-0.0020644804206447903,E,2
50.0,5.072298852775331,2091.5,15.294117647058822,0.0334136982478519,J,3
51.0,1.9207222021358992,1724.0,16.07843137254902,-0.0178696109358569,J,3
0.0,2.098585467009633,945.5,12.549019607843135,0.0007637900255350605,B,2
0.0,9.528385080029318,0.0,0.0,-0.0023779447870009296,E,1
19.0,3.6423238611437028,1875.5,18.03921568627451,-0.1652617531088869,B,3
0.0,9.492737501368872,0.0,0.0,-0.0025745341614906714,F,1
0.0,2.1502743344547977,951.5,12.549019607843135,0.7134420846412435,B,2
42.0,3.9413269143098413,2651.0,23.137254901960784,0.8536758893280636,F,3
0.0,1.021027694700724,948.5,12.549019607843135,-0.008924124944616807,E,2
0.0,9.5164632649126,0.0,0.0,-2.087138847268005,B,1
17.0,2.583296665176103,1063.0,14.509803921568627,1.7001818535825546,B,2
17.0,0.7273270651570601,1063.0,14.509803921568627,-1.5526556646555463,C,2
0.0,9.498591293224706,0.0,0.0,0.005703463203463266,D,1
0.0,1.977822357970506,948.5,13.72549019607843,0.00344259370749439,D,2
0.0,1.6779914553288056,954.0,12.941176470588236,0.0592509167639769,A,2
25.0,4.80605203236617,2543.0,28.235294117647054,-0.4530591433049618,F,3
0.0,9.462513851425054,0.0,0.0,-0.6930803782505911,I,1
45.0,3.0162591295767456,1931.0,18.823529411764707,-0.8127741801105803,D,3
0.0,8.385484806161445,0.0,0.0,-0.0003673062254292425,D,1
0.0,9.496428374781114,0.0,0.0,-0.00023459800752378968,H,1
18.0,0.9991543720139635,964.5,14.117647058823527,0.09101736895234731,H,2
0.0,1.056156719135358,947.5,12.549019607843135,-0.001813411608061366,C,2
0.0,9.039414746100428,0.0,0.0,-0.00696662324975561,H,1
0.0,1.2021084571717,948.5,13.333333333333334,-0.000496481785273728,G,2
0.0,0.48422357900463386,948.5,12.549019607843135,0.005252525252525231,A,2
41.0,0.7729021461388212,948.0,14.117647058823527,0.041359223300970915,D,2
0.0,9.462531366738853,0.0,0.0,1.4025472132225196,I,1
54.0,4.204155263012566,3337.0,88.23529411764706,0.2836765746638357,D,3
0.0,2.008815499301429,954.5,13.72549019607843,-0.002044772044771992,B,2
0.0,9.069515152262008,0.0,0.0,-0.0009292004473016036,F,1
62.0,0.676499535329289,951.5,13.333333333333334,0.16748886539139352,G,2
22.0,1.7334340996351079,2207.0,23.52941176470588,0.1548895899053628,A,3
0.0,9.067040573414522,0.0,0.0,-0.002542087542086957,C,1
24.0,1.3405659526714424,1535.0,13.72549019607843,-0.2728480186480189,G,3
0.0,9.451918625088572,0.0,0.0,-0.8532306085674501,A,1
29.0,2.429148107878204,1867.5,15.294117647058822,0.2626717655695098,F,3
60.0,0.7826913848233776,946.5,12.941176470588236,0.004978283113032195,C,2
23.0,2.4329457145387545,2330.0,28.62745098039216,-0.187929214849628,F,3
0.0,3.3059364430224525,948.0,14.117647058823527,0.027461373620486285,A,2
0.0,9.439286302084607,0.0,0.0,-0.7187347073216638,G,1
22.0,4.647083863896572,2219.5,20.392156862745097,-0.002491242092376389,C,3
0.0,1.673045766143217,0.0,0.0,0.003939393939393909,D,1
0.0,1.168263206089074,934.5,10.980392156862743,-0.0043736776248436415,H,2
39.0,2.0183325078479712,2452.5,88.23529411764706,0.00891332125912514,D,3
0.0,1.5875113759971478,951.0,14.117647058823527,0.0007356591285161973,F,2
27.0,4.443844674367621,2751.5,23.137254901960784,-0.19765457643622208,I,3
0.0,1.0546338004426565,950.5,12.549019607843135,-0.0011801538553283253,H,2
53.0,0.8939690409638765,3263.5,16.862745098039216,0.18746318722537758,C,3
8.0,0.3991118766203015,1499.5,18.431372549019606,-0.004577054830506688,J,2
38.0,2.450529996883327,2399.0,76.47058823529412,0.9540696202531644,F,3
4.0,0.41773798645903176,944.5,13.333333333333334,-0.0007000474608447882,J,2
0.0,9.06563044280736,0.0,0.0,0.009505204872646722,B,1
0.0,9.49741968541814,0.0,0.0,-0.0034464075046619636,D,1
48.0,2.01839695923324,3005.5,88.23529411764706,0.081753947610953,J,3
0.0,9.49501057208019,0.0,14.117647058823527,-0.002068506760460505,G,1
0.0,0.6056842631589371,949.5,12.549019607843135,0.001619256017505566,I,2
0.0,9.496361910530192,0.0,0.0,-0.0002784721527846479,H,1
0.0,2.010349820335251,950.5,13.72549019607843,-0.0017682841885302003,G,2
0.0,1.7963999053978754,943.5,12.549019607843135,-0.0021499292786422014,H,2
0.0,1.969185948236651,0.0,0.0,0.0003678929765885963,F,1
19.0,1.3436055646119067,1173.0,14.901960784313726,-0.020991170778906665,C,2
26.0,2.0653452543195696,1716.5,19.215686274509803,-0.3386598253189017,A,3
27.0,2.0765995441982015,2772.0,23.137254901960784,-0.25291651644433766,B,3
0.0,2.0122833933372686,947.5,13.72549019607843,-0.0010515151515151366,J,2
3.0,0.4283653395123144,1222.5,13.333333333333334,-0.17327973546540318,D,2
2.0,0.770701270791738,1559.0,17.254901960784313,-0.04292439461883407,D,3
25.0,1.8493060647668889,2498.5,18.03921568627451,-0.9542412235440721,G,3
19.0,1.8654983787867143,947.5,13.72549019607843,-0.02210995649574239,H,2
3.0,4.712325033025868,1452.0,24.31372549019608,-0.2577196793841634,F,2
42.0,0.505016264480954,1788.0,14.509803921568627,-0.04025559105431309,H,3
30.0,1.8403769386709992,1898.5,20.0,0.003900793650793599,G,3
0.0,1.9774044081240085,949.0,13.72549019607843,0.005925925925925918,D,2
28.0,1.575877077970866,1123.5,14.901960784313726,-0.05753657122469,A,2
25.0,3.1143988031500824,1589.0,14.509803921568627,-0.2291022145656041,D,3
0.0,2.0103222943581387,939.5,14.117647058823527,-0.0026267191690920177,I,2
49.0,1.5751182698755268,1682.5,14.117647058823527,0.04570650449497621,J,3
0.0,0.9152616372627941,1558.0,21.56862745098039,0.49933173076923076,G,3
36.0,0.7076237993720862,958.0,13.333333333333334,-0.25700716810095237,B,2
0.0,1.7226787711391804,0.0,0.0,0.0029179550608122162,I,1
0.0,1.0460625532877534,945.0,12.549019607843135,-0.007210761192370629,D,2
26.0,1.0528131565682834,2632.5,27.058823529411764,-0.15604354975543838,D,3
35.0,1.7535372070412039,1481.5,21.176470588235293,0.0857025739948158,E,2
86.0,1.1828128322967042,2895.5,16.07843137254902,-0.014106121235922808,B,3
0.0,0.5382367978946434,952.0,12.941176470588236,0.001675557136083472,B,2
0.0,0.6551973388288332,953.0,13.72549019607843,0.009003278688524588,G,2
0.0,8.069282875743179,0.0,0.0,-0.0007223936640841089,D,1
43.0,0.9852966960459694,967.5,13.333333333333334,0.07130158730158731,I,2
0.0,9.071644696752045,0.0,0.0,-0.00045925925925915934,H,1
0.0,9.493701740516734,0.0,0.0,-0.7031100265395168,C,1
22.0,0.4186046716307775,1366.0,18.431372549019606,0.0744144736842105,H,2
61.0,1.8611268005345414,2605.0,24.31372549019608,-0.10557024687124969,E,3
0.0,1.7430663149537582,0.0,0.0,0.004494949494949496,B,1
0.0,0.6873178132001387,948.5,14.117647058823527,0.007793850897877694,H,2
3.0,1.8874912945931122,952.0,13.333333333333334,-0.07542040756670981,J,2
0.0,1.9765137245610969,950.0,13.333333333333334,0.0003713941213941141,G,2
0.0,9.461389641888553,0.0,0.0,-0.7004042553191488,C,1
0.0,1.151372180120742,948.5,13.72549019607843,0.0031864406779661403,F,2
0.0,0.4585912643932261,949.0,12.549019607843135,0.0010555924695458963,C,2
38.0,2.2397087785162593,1624.0,34.509803921568626,-0.5118965448610779,C,3
0.0,2.0641581129235154,0.0,0.0,-0.0004766447442257002,B,1
41.0,1.6409394736903062,2637.5,21.56862745098039,-0.6993380453855406,E,3
0.0,0.48545705587156635,949.0,12.549019607843135,-0.0027133680376000835,E,2
0.0,1.0609701353150776,953.0,13.333333333333334,-0.0031452911658303995,B,2
0.0,1.5890478660088232,965.0,13.72549019607843,-0.12831883525279758,J,2
28.0,0.9475149978632837,1763.0,14.117647058823527,-0.19346253101736977,D,3
21.0,3.7633933589446413,2079.0,17.254901960784313,0.34448171948747186,F,3
0.0,1.7242782737777103,0.0,0.0,0.003925175175175211,C,1
25.0,2.20666924253371,2504.0,24.705882352941178,-0.12001902796142805,E,3
0.0,1.6054958721017076,1198.5,16.07843137254902,0.00936454849498336,G,2
35.0,0.8925363089696989,951.0,12.15686274509804,-0.08254495073254947,I,2
12.0,2.235065651953974,1199.0,16.862745098039216,-1.1002066304302727,I,2
19.0,1.3094641802863967,981.0,17.254901960784313,0.8044859913793103,F,2
0.0,9.443744030404188,0.0,0.0,0.7995905339736031,I,1
20.0,2.2781553066113145,2051.5,26.274509803921568,-0.11837645054828058,A,3
14.0,1.4566501511787289,1510.0,17.647058823529413,0.5519550883484197,J,3
3.0,1.7636563114506443,1278.0,9.803921568627452,-0.09927332736630112,G,2
27.0,1.8849226266033636,2687.0,30.980392156862745,-0.029367036041352435,D,3
3.0,4.3137373760074835,1693.5,20.7843137254902,-0.738252259050715,F,3
0.0,1.723194268756547,0.0,0.0,0.0026674598186225973,G,1
6.0,1.789370198798693,1183.0,12.941176470588236,0.0008314582075626999,A,2
0.0,3.104847211766159,942.5,12.941176470588236,0.01802272513851122,J,2
45.0,0.4868688190361494,1911.0,14.509803921568627,-0.015241757185427196,C,3
21.0,4.58114226080743,2102.5,25.49019607843137,0.05579351265822785,B,3
0.0,9.506532916447801,0.0,0.0,-0.826204628639,J,1
46.0,1.9156654819040304,1947.0,14.509803921568627,-0.1549542040666787,J,3
0.0,0.5596068142131263,1341.5,18.823529411764707,0.04997238556987582,G,2
40.0,1.106918615555383,2512.0,15.68627450980392,-0.4287638632621074,A,3
0.0,9.511183472279754,0.0,0.0,0.691324432641236,C,1
66.0,0.7332305862495526,956.0,12.941176470588236,1.3464518157841345,H,2
0.0,0.4627158654956371,953.0,12.549019607843135,-0.0011380674491289766,J,2
0.0,9.497298682686964,0.0,0.0,-0.008326876400298722,H,1
33.0,1.7574278625760575,2986.5,16.862745098039216,0.1877122626924742,F,3
23.0,2.451033139691133,2306.5,88.23529411764706,-0.9559303769578975,D,3
53.0,4.969278225678392,2014.0,14.901960784313726,-0.020002390710382123,G,3
49.0,0.9364788376095852,3068.5,17.254901960784313,-0.019834515842941325,B,3
14.0,2.1917650352892943,2234.0,15.294117647058822,-0.21455605786618448,B,3
0.0,1.1344450034542073,952.0,12.941176470588236,0.0025250515767757387,D,2
0.0,9.463057206919865,0.0,0.0,-0.7022603121387817,F,1
0.0,9.460555348811301,0.0,0.0,0.7109323184152605,J,1
0.0,1.9538052490233282,952.5,13.333333333333334,-0.002565886287625496,B,2
10.0,0.2714862122810732,964.5,13.333333333333334,0.08601112723754228,A,2
9.0,1.4789644692513633,1059.0,12.941176470588236,-0.801912939569819,I,2
19.0,0.4984166698983121,1010.5,12.15686274509804,0.11674102157173921,H,2
0.0,4.7419991007139615,942.0,12.549019607843135,-1.5406976982097182,A,2
0.0,2.052210875103924,947.5,13.72549019607843,0.003510556010556054,D,2
48.0,1.823346691684512,3006.5,27.45098039215686,-0.012241990796377222,G,3
41.0,4.030049387101169,2574.5,87.84313725490196,2.3655162391127513,I,3
24.0,0.7223400075485161,1496.5,14.117647058823527,0.3148109902268117,G,2
8.0,0.26244934117598906,958.0,13.333333333333334,-0.014020497007074202,F,2
0.0,9.50871518995604,0.0,0.0,-0.6944097165028643,E,1
0.0,1.3216743683529553,944.0,14.901960784313726,-0.0038029959458532048,A,2
0.0,9.4751856415592,0.0,0.0,1.2998759919934064,B,1
22.0,0.4778068586088338,966.5,13.72549019607843,0.10891273461452183,D,2
0.0,1.6129678619346606,1189.5,16.862745098039216,0.0010748124753255928,D,2
0.0,1.1871315890785517,951.0,14.509803921568627,0.004581258890469453,A,2
27.0,4.179185102329928,2684.5,23.92156862745098,-1.1851910751722072,E,3
30.0,9.552183727252306,950.0,12.15686274509804,-9.291988672120834,G,2
40.0,0.8866663568023336,2512.5,18.03921568627451,-0.002437938918830651,E,3
50.0,0.30473906678072316,3138.5,17.254901960784313,0.15930328804065969,F,3
0.0,1.684459990086338,0.0,0.0,0.0024343792945488163,H,1
0.0,0.533280216422714,950.0,12.549019607843135,0.016464646464646404,J,2
0.0,9.541082707039449,0.0,0.0,0.6854130226259665,A,1
46.0,2.0065530198372215,1947.0,14.509803921568627,-0.06847187548158451,E,3
0.0,1.6474353567134963,958.0,13.72549019607843,0.0015499510841125996,A,2
46.0,2.0157897725094123,1959.0,14.509803921568627,-0.7912356239431189,D,3
50.0,1.433067053570647,2121.0,24.705882352941178,-0.19287015035437738,C,3
0.0,0.9471557664866531,990.5,13.72549019607843,-0.0010067114093960106,H,2
39.0,2.0186879853446826,2448.0,15.68627450980392,-0.21168339679243098,I,3
41.0,0.7051811916148106,948.0,14.117647058823527,0.07126398530012251,B,2
28.0,1.8852861003054093,2859.5,16.862745098039216,0.089414518977045,H,3
0.0,9.069681561418031,0.0,0.0,-0.0004528160488841415,H,1
0.0,1.2658626835595397,958.0,13.333333333333334,0.002702312307064969,G,2
25.0,1.8757044950938204,2538.5,15.68627450980392,-1.0494670846394984,J,3
20.0,1.7274435828514436,2076.5,16.07843137254902,-0.0027241752515332895,A,3
0.0,1.1054087619391793,955.0,13.333333333333334,-0.0011071107110711687,G,2
0.0,9.49334166326173,0.0,0.0,0.001118294748729598,G,1
0.0,9.471700559080796,0.0,0.0,0.01714204666335728,C,1
0.0,0.989395526820088,959.5,14.117647058823527,0.003677306616961973,F,2
34.0,6.260990655845565,3429.5,18.03921568627451,-1.0375938987832836,J,3
0.0,9.50988094420638,0.0,0.0,0.0016859460003588733,B,1
48.0,5.054655669458736,2973.0,28.235294117647054,-0.8415384458727404,C,3
14.0,1.738135864118025,1415.5,20.0,0.2319463528865321,D,2
0.0,9.08478802602338,0.0,0.0,-0.008289576547230837,H,1
0.0,1.055812911183267,950.5,12.549019607843135,0.001987995138527099,H,2
13.0,2.0207720774650713,2410.5,22.745098039215687,-0.3649823717948717,A,3
0.0,1.0654020682991066,959.5,12.15686274509804,0.0014457831325300763,J,2
8.0,1.7502502779516873,1586.0,20.0,-0.0611501524390244,B,3
0.0,4.765772767256624,949.5,13.333333333333334,-0.04947688188652144,B,2
26.0,1.722954379963597,1657.0,87.84313725490196,-0.1718853444290337,B,3
0.0,9.49422578750242,0.0,0.0,0.0007641503203222877,C,1
12.0,1.7279027208749458,946.5,13.333333333333334,0.12822960151802654,E,2
0.0,1.752119525751423,950.0,14.117647058823527,-0.006488272556069097,G,2
0.0,1.0429445559980701,947.5,12.549019607843135,-0.0005377590446083991,F,2
0.0,0.8739670906608933,950.0,13.333333333333334,-0.0036484792198746008,D,2
0.0,8.210561081707922,0.0,0.0,0.002490001302156042,E,1
52.0,0.7460315958811166,1751.5,14.901960784313726,0.13058943833943842,D,3
3.0,2.4308219363032966,931.5,24.31372549019608,-0.11826841692789958,H,2
0.0,1.60156280009449,943.0,14.117647058823527,0.001770660901095622,D,2
0.0,1.6486284671239997,1194.0,16.470588235294116,-0.008972111891670354,E,2
22.0,4.772390732884562,2219.5,20.392156862745097,1.0733744399227199,C,3
0.0,9.486845452959631,0.0,0.0,0.8079689532221295,C,1
4.0,3.1629811928045832,1574.5,9.803921568627452,1.1975176611550444,E,3
0.0,3.796647673601238,1040.5,12.941176470588236,-0.015224195196729573,C,2
0.0,1.6907732655530272,0.0,0.0,-0.002491582491582489,G,1
5.0,1.7686046520958072,988.5,16.862745098039216,0.11128158020179552,H,2
17.0,0.830101069328821,1731.5,23.137254901960784,0.00495786091661049,H,3
0.0,3.064126426647095,952.5,12.549019607843135,0.0008483931489440266,F,2
51.0,3.1589353721732856,3157.5,88.23529411764706,0.6896098446521042,B,3
21.0,1.3923969211586738,2154.0,14.509803921568627,0.0751074315593353,C,3
23.0,2.462047307628059,1241.0,13.72549019607843,0.5377165792634693,C,2
0.0,9.473251139161576,0.0,0.0,-0.6108073901197543,H,1
0.0,9.49756673902505,0.0,0.0,-0.0038706577482612303,F,1
18.0,4.5538122476251415,1877.0,23.92156862745098,0.37991926322622516,B,3
32.0,2.2892026476958285,3294.5,34.90196078431372,-0.08821202531645556,B,3
0.0,1.0450012739601584,952.5,12.15686274509804,-0.0007454416151398968,B,2
41.0,1.8990613632633255,2599.5,15.68627450980392,0.13402242813207677,A,3
43.0,0.8936406771006339,2660.0,16.07843137254902,0.06925475726108271,E,3
35.0,4.8438647475582846,2183.5,30.588235294117645,-1.9765362728669187,H,3
0.0,9.06810765782639,0.0,0.0,-7.462686567105692e-05,C,1
0.0,2.007853930716723,943.0,13.72549019607843,-0.003124828218048603,I,2
37.0,0.7577193704299978,1360.0,13.72549019607843,-0.02365363805566381,B,2
12.0,1.8475512621500356,1248.0,16.470588235294116,-0.8494320037986706,J,2
0.0,1.0299360285285304,953.0,12.549019607843135,-0.003139082641452351,H,2
0.0,2.705743401592483,954.0,12.549019607843135,0.001965442764578773,E,2
0.0,7.034346769791262,0.0,0.0,0.00380249632892804,F,1
10.0,4.537172050498009,2009.0,32.549019607843135,0.11745563880126197,E,3
52.0,2.631176097532236,2204.0,21.176470588235293,-0.39005836849507736,D,3
29.0,2.84329652042284,3001.0,88.23529411764706,-0.8294257405722376,I,3
61.0,0.7399229911970187,2058.5,19.607843137254903,-0.02143199459315548,J,3
32.0,1.0235777104422568,2638.0,28.62745098039216,-0.12416710478424381,D,3
0.0,2.040853896413924,1171.5,25.49019607843137,0.8376918633828556,D,2
0.0,9.11620519116543,0.0,0.0,0.0010051291753381264,D,1
0.0,0.6985624241325998,949.5,14.117647058823527,-1.1107071612428756,C,2
0.0,9.039830399860163,0.0,0.0,-0.01262108347285329,B,1
6.0,1.339096524934618,945.0,13.72549019607843,-0.0038741721854304023,A,2
8.0,1.6675385095133661,1499.5,18.431372549019606,-0.03048906365200288,C,2
40.0,1.1777581399044166,2530.0,18.03921568627451,-0.0970198374181025,E,3
0.0,9.449965268484071,0.0,0.0,-0.07536745675512524,C,1
33.0,1.4975202950366764,2047.0,14.901960784313726,-0.116966687750369,J,3
0.0,9.524778561015255,0.0,0.0,-0.6875689605851942,J,1
40.0,0.9112991760208834,2474.0,15.68627450980392,-0.15304456854064796,B,3
33.0,1.257222995877094,3400.0,27.058823529411764,-0.05566357926115184,C,3
46.0,1.3154904129336387,1959.0,14.509803921568627,0.5628239544113158,I,3
0.0,4.276947597202889,948.5,12.549019607843135,0.009694361615613545,E,2
31.0,0.7137075176575464,948.5,12.15686274509804,-0.8926299133743928,G,2
0.0,9.494461836373786,0.0,14.117647058823527,-0.009962464985994395,A,1
44.0,1.7760558712342132,2742.5,88.23529411764706,0.0775740061261377,C,3
0.0,9.494172892564313,0.0,0.0,-0.0018426562544209268,H,1
3.0,1.9290885544682028,1285.5,14.509803921568627,-0.053014136954534385,H,2
86.0,1.0022098178637167,2888.5,16.470588235294116,-0.059615440115440066,D,3
12.0,1.777925382409209,1048.0,14.117647058823527,0.10691461561272148,D,2
28.0,0.5165608344178179,961.0,12.941176470588236,-0.10363704281891178,H,2
44.0,1.7674576641571973,2766.5,25.098039215686278,-0.4561473005284414,B,3
0.0,9.070096552394466,0.0,0.0,0.0011441614509091202,C,1
21.0,2.0939474322935334,2108.5,87.84313725490196,0.0118582662124731,I,3
0.0,0.5522964850665592,953.0,12.549019607843135,0.0016037557402718283,F,2
10.0,1.4081131725630445,964.5,13.333333333333334,-0.05007122507122508,D,2
8.0,1.8222447615442732,1448.5,19.607843137254903,-0.13371919619249073,A,2
0.0,0.7791736469520368,952.5,12.549019607843135,0.00045809410532404726,H,2
19.0,1.0818485953640629,938.5,13.333333333333334,-0.5233461306835291,G,2
0.0,0.5974407306794698,956.0,12.941176470588236,-0.002344662241658746,J,2
0.0,9.472916067402005,0.0,0.0,-0.7167448625101096,G,1
0.0,8.263683720130583,0.0,0.0,0.0008329083367337731,G,1
52.0,0.5989688731194917,2213.5,19.607843137254903,-0.022267069701280284,A,3
0.0,1.063981794367476,948.5,12.549019607843135,0.00015118790496759793,G,2
0.0,0.4841625739822658,952.0,12.15686274509804,-0.0006126165334310318,F,2
0.0,0.3597391733916877,0.0,0.0,-0.0008609746109746047,J,1
0.0,1.6700940456242372,958.0,13.72549019607843,0.0008998356102261629,E,2
31.0,1.009231226248407,1919.5,14.509803921568627,-0.2372661381893817,E,3
54.0,0.6743037745777861,2326.5,23.52941176470588,-0.28018777400943007,E,3
0.0,0.6861052112349734,1293.0,9.803921568627452,0.001650832154167503,G,2
0.0,0.5035250742253287,973.5,13.333333333333334,-0.007553706648942449,C,2
43.0,4.355797538863078,2708.5,88.23529411764706,1.2784012539184948,G,3
0.0,0.46150402547304803,953.0,12.549019607843135,-0.00083109192414621,H,2
0.0,1.300265953368263,944.0,14.117647058823527,-0.005700956058098949,D,2
44.0,1.6811734434973034,2766.5,25.098039215686278,0.6490381151679838,G,3
0.0,9.461437330910147,0.0,0.0,0.047717070647029014,F,1
0.0,9.475529048518199,0.0,0.0,-0.7866031935447211,E,1
16.0,5.155163122349437,2157.5,23.92156862745098,0.10407877768432883,B,3
48.0,0.868518422646689,3023.0,17.254901960784313,0.018671860412041663,B,3
49.0,1.5812884211172942,1682.5,14.117647058823527,-0.00642814274997322,G,3
0.0,8.778685207091558,918.75,29.80392156862745,-0.0005436079137957905,A,2
23.0,1.4214008907647835,2348.5,16.07843137254902,0.3414074531240817,D,3
0.0,9.495069256601258,0.0,0.0,-0.0010984126984125986,B,1
46.0,2.456732191629763,2659.5,27.058823529411764,0.29795717280622924,F,3
12.0,1.9238808874649669,1178.0,13.72549019607843,-0.01233059746271209,F,2
0.0,9.067026399857241,0.0,0.0,0.020184173593868593,C,1
22.0,1.1234903593152163,2190.0,17.647058823529413,-0.1449055026292051,G,3
0.0,9.526005205157242,0.0,0.0,0.7744429184267547,D,1
14.0,1.9648898054044373,1463.0,17.647058823529413,0.9945722939366375,C,2
44.0,0.36706458172296436,2743.5,16.862745098039216,0.05376526251526248,I,3
31.0,1.4321164054133526,1330.0,13.72549019607843,-0.03633314520680486,F,2
0.0,0.5674942078762212,951.5,12.549019607843135,0.0011624610011184977,I,2
0.0,1.9698095815893282,0.0,0.0,0.003208716086306296,B,1
6.0,1.5225069611363133,1455.0,20.392156862745097,0.4321049836601307,D,2
33.0,1.0154404382841435,1083.5,13.72549019607843,0.1480984023608425,J,2
0.0,1.5940135622243918,945.5,12.549019607843135,0.0010609994457247973,B,2
15.0,4.665334654593443,1483.5,87.84313725490196,0.4143297358294029,J,2
0.0,9.461194962384136,0.0,0.0,-0.007722059937249837,H,1
37.0,2.599465708216606,2316.0,15.68627450980392,1.489564229769758,I,3
32.0,2.1353966993731,3235.5,23.52941176470588,0.04014643446811883,I,3
0.0,8.374951341107598,0.0,0.0,0.0015068062060890064,B,1
0.0,9.456834970985641,0.0,0.0,-0.07186488057493118,D,1
25.0,2.616779462691077,1591.5,14.117647058823527,-0.034736363166330664,A,3
0.0,0.5720144510627092,952.0,12.549019607843135,-0.003039843367596662,G,2
0.0,9.532500292723075,0.0,0.0,2.310140845070423,B,1
0.0,9.457395395556313,0.0,0.0,-0.7480005705840536,F,1
54.0,4.158843862497446,3337.0,88.23529411764706,-0.440056502979248,J,3
0.0,9.491143875923562,0.0,0.0,0.00104255470304071,B,1
0.0,9.13250169857165,0.0,0.0,-0.053247340425532474,G,1
29.0,4.260550952935333,2936.0,20.7843137254902,-0.4615565996268689,F,3
41.0,5.267766206744529,2595.0,13.72549019607843,0.03194688710514715,J,3
41.0,1.7593418390819164,2576.0,21.96078431372549,0.03989534280676277,D,3
52.0,2.270294645690135,2199.0,24.705882352941178,0.17588614106618916,D,3
0.0,9.46193785942159,0.0,0.0,-0.7711586921850082,G,1
0.0,1.619343615854499,945.5,22.745098039215687,0.08212418300653601,F,2
0.0,9.503558642765686,0.0,0.0,0.7134885620915031,B,1
0.0,1.6969528035769197,947.5,14.117647058823527,0.00033783783783780663,I,2
0.0,9.069624442947111,0.0,0.0,0.009448316811234925,E,1
0.0,9.487842695253624,860.75,16.862745098039216,-0.009478458049886694,F,2
0.0,1.6662989995214925,944.5,12.15686274509804,-0.002533708434712123,I,2
43.0,0.8248098973185098,2660.0,16.07843137254902,-0.10285081010208219,B,3
5.0,2.9166208104375584,936.5,14.117647058823527,0.09728320864665241,I,2
0.0,9.451576746203397,0.0,0.0,-0.022528063096111606,D,1
42.0,0.5090590577066435,1779.0,14.117647058823527,0.0936939788645859,B,3
26.0,4.033981317161474,1537.0,14.901960784313726,-2.5204446465241577,H,3
22.0,2.6239169765116492,951.0,12.549019607843135,-0.822784514221941,E,2
0.0,1.7872350605752647,0.0,0.0,0.003131991051454199,J,1
0.0,9.493154037488358,0.0,0.0,-0.006644014016636057,G,1
29.0,2.083062405460464,2903.0,17.254901960784313,0.07908439822934987,G,3
0.0,9.52475247984089,0.0,0.0,1.4022203439230545,E,1
24.0,0.268006366194237,1497.0,18.823529411764707,0.31551479470131455,F,2
48.0,1.5070385293006334,2023.0,14.901960784313726,-0.038709842243086184,C,3
0.0,0.8968514091081217,950.0,12.549019607843135,0.003097538285387058,B,2
32.0,0.13843244686491393,2079.5,14.901960784313726,0.32644529129481237,B,3
20.0,1.2513687285707327,2076.5,16.07843137254902,-0.43431664368968526,J,3
0.0,9.457275662598763,0.0,0.0,0.038846097141452984,E,1
0.0,1.6586965085558254,0.0,0.0,-0.005231788079470195,A,1
0.0,8.068982530225151,0.0,0.0,1.0864119601328899,J,1
28.0,3.7004882952718994,1771.0,14.509803921568627,-0.7305799654663296,G,3
21.0,3.8758220245123596,948.0,12.941176470588236,0.012935723567415014,B,2
0.0,9.071831645422847,0.0,0.0,0.00046749985733063326,F,1
41.0,1.785930700565295,2576.0,21.96078431372549,0.1430712629137676,E,3
0.0,9.462194905840809,0.0,0.0,-0.0006545354287289529,E,1
0.0,2.0074965549289234,954.0,14.117647058823527,0.0017670636738432721,D,2
0.0,1.2037298427871987,952.0,14.509803921568627,0.0005881191797681984,F,2
6.0,4.49051708211245,955.5,12.941176470588236,0.026876863446631205,H,2
0.0,5.711365959635682,0.0,0.0,2.445876522231662,B,1
53.0,2.786133831690152,1369.5,13.72549019607843,-0.3264600474683548,H,2
0.0,9.069576216825347,0.0,0.0,0.008086570402006554,B,1
0.0,1.1949383139762357,951.0,14.509803921568627,-0.002007300925086275,J,2
0.0,1.9763880218858887,962.0,12.941176470588236,0.033171321160042844,D,2
49.0,1.5285467873843912,3065.0,17.254901960784313,0.8364607544394241,J,3
27.0,0.7415891557185527,2675.0,21.96078431372549,0.03867066514343742,H,3
3.0,1.5732582707085179,1515.5,11.372549019607844,0.3424829193894379,H,3
60.0,2.1411125070019414,2560.5,87.84313725490196,0.23025534851621798,G,3
0.0,9.067694788396981,0.0,0.0,-0.0016329966329968748,A,1
0.0,1.6112042053341507,946.5,14.509803921568627,-0.0066028002947677855,D,2
47.0,1.383371760225609,2011.5,19.215686274509803,-0.2742193360188916,A,3
0.0,9.472446796742807,0.0,0.0,0.005995670995670999,H,1
26.0,0.9691420973142589,2547.0,15.68627450980392,2.8253986247345537,C,3
3.0,1.1558279502224058,1285.5,14.509803921568627,0.002172854604610419,H,2
21.0,1.658568930003772,1377.0,14.117647058823527,0.13235894074999488,E,2
0.0,9.446557635993067,0.0,0.0,-1.3590137696709585,G,1
33.0,1.5536934451622246,3400.0,27.058823529411764,0.09453046594982084,B,3
24.0,0.6785801209637393,1520.5,16.862745098039216,-0.05244540491355776,A,3
23.0,0.504474035855908,939.5,13.72549019607843,-0.20773727288558672,B,2
2.0,4.838987398054534,951.5,12.549019607843135,-0.014659727339719097,C,2
0.0,8.061267379497293,0.0,0.0,0.11745089285714272,A,1
24.0,4.695682595535417,2398.5,87.84313725490196,2.091242620673689,G,3
12.0,1.2275547114652414,949.0,11.76470588235294,-0.040173408458292204,G,2
26.0,3.0879467528180444,2723.0,18.823529411764707,1.1973981191222571,H,3
1.0,0.33704112815466336,942.0,12.15686274509804,0.01479971909353639,D,2
0.0,0.7941401857393858,947.5,12.549019607843135,0.0012867096341847573,H,2
0.0,2.675655056177093,952.5,12.941176470588236,-0.2282765426094113,G,2
0.0,3.0718507857641786,970.5,14.509803921568627,-0.006696026490066176,F,2
0.0,2.064514550358315,964.0,14.117647058823527,-0.002956466217785003,J,2
12.0,1.3021095141352153,1022.5,13.72549019607843,0.04541293253671891,D,2
22.0,1.8522043084411925,2207.0,23.52941176470588,-0.4497719548183575,A,3
4.0,0.392717963102255,946.5,12.549019607843135,-0.06612656735612471,J,2
0.0,1.2113692614510092,947.5,13.72549019607843,0.0014296582200591934,J,2
0.0,0.778365007960604,945.5,12.941176470588236,-0.006791255701532051,J,2
18.0,1.7401157288744136,1876.0,14.509803921568627,0.16752357912105076,D,3
0.0,9.529855839318193,0.0,0.0,0.002748246844319402,G,1
0.0,9.116049387623377,0.0,0.0,-0.000746803512076788,A,1
0.0,9.480972225632685,0.0,0.0,-0.0017703619909501533,J,1
0.0,0.7689319735207913,949.0,12.549019607843135,0.0070482532527406105,J,2
45.0,1.908057050066392,1750.5,17.647058823529413,1.2628720175279906,C,3
30.0,2.328482910750872,1827.5,14.509803921568627,2.242742007601162,I,3
11.0,3.7158515071975167,1959.0,25.49019607843137,-0.0026274550882522396,F,3
70.0,4.344530935355408,4321.0,87.84313725490196,0.8049841276139835,J,3
5.0,4.463082817562611,1690.5,23.52941176470588,-0.06306768493560955,J,3
0.0,1.4730962147517725,953.5,12.941176470588236,0.0012726313225622787,A,2
32.0,1.1117495435593086,2081.5,14.901960784313726,0.028123477297895882,F,3
33.0,1.3455328487714706,2047.0,14.901960784313726,0.06110843702707239,G,3
0.0,9.491263424539072,0.0,0.0,0.006003555268261129,J,1
0.0,1.572709005593978,953.5,14.117647058823527,-0.0003141711229946026,G,2
0.0,1.7562204460711897,947.0,14.117647058823527,-0.0015008933889220089,A,2
0.0,1.6089521696343914,956.5,14.117647058823527,0.0019444886816062379,D,2
0.0,1.61324350491414,948.0,14.509803921568627,-0.0028859367842418715,B,2
58.0,0.3777181659455968,2472.5,16.07843137254902,0.3511631846414455,D,3
0.0,0.4213931555779559,956.0,13.333333333333334,-0.002412491808464867,B,2
15.0,0.5928567827588946,964.0,14.509803921568627,0.01672579119367046,H,2
0.0,2.0099366798614753,957.0,13.72549019607843,-0.005152542372881319,F,2
26.0,1.5817898455561923,2603.0,20.7843137254902,0.07536017944883566,H,3
0.0,1.2106684458996326,951.5,14.117647058823527,0.003718937057863192,C,2
0.0,1.8081070744578513,950.5,14.117647058823527,-0.0028248703248703044,E,2
0.0,9.462736928947333,0.0,0.0,0.6639128998149615,G,1
2.0,4.463367427204,949.0,12.549019607843135,0.001836512857085637,C,2
42.0,0.707802060331501,965.5,14.117647058823527,0.05150974482620052,E,2
23.0,0.7933015623304206,1453.0,13.72549019607843,-0.2756737322969022,F,2
0.0,9.4937636638517,0.0,0.0,0.0032269340849009343,E,1
0.0,0.48214354218968924,948.5,12.549019607843135,0.0019387824279128996,G,2
47.0,2.510230597385552,2023.5,14.901960784313726,1.4679040679834827,G,3
0.0,9.498514489559238,0.0,0.0,-0.7805414610974966,I,1
31.0,4.386562506868499,3120.0,88.23529411764706,1.8295299752721041,E,3
5.0,1.7242473590718566,951.0,14.117647058823527,-0.007708448928121003,A,2
18.0,3.985044081184858,948.5,12.549019607843135,-0.5276669591235303,F,2
0.0,9.493776068522262,0.0,14.117647058823527,0.0032573803868341036,J,1
0.0,9.461580390496609,0.0,0.0,0.004719441916894107,D,1
38.0,0.18662145895046325,1641.5,14.117647058823527,0.020203130203130193,C,3
10.0,1.6254473151730027,1739.5,20.392156862745097,-0.06666495010528231,I,3
0.0,9.630744764143992,0.0,0.0,-2.793554849405914,C,1
50.0,1.7397729782996556,1683.5,14.509803921568627,0.097192429022082,A,3
0.0,9.495239450517444,0.0,0.0,0.0039108069648672306,B,1
0.0,7.884619097336688,0.0,0.0,-0.006501905280348413,B,1
9.0,1.3258239809701833,945.5,14.117647058823527,-0.31860772515527946,J,2
0.0,1.710877565740147,949.0,14.117647058823527,-0.001496530542600391,B,2
14.0,5.986315822678289,947.0,12.549019607843135,0.6765434600601283,J,2
2.0,4.233238076485894,1149.0,12.15686274509804,0.04421566604127558,H,2
0.0,1.0365656217214085,946.5,12.941176470588236,-0.00551945290907796,I,2
0.0,9.0711453865003,0.0,0.0,0.010953832752613302,G,1
2.0,0.8409402746786027,1030.0,19.607843137254903,0.0442681472977747,I,2
0.0,1.9770469861654874,945.0,13.72549019607843,-0.004568971401269578,H,2
0.0,9.508987146292261,0.0,0.0,-1.3712481288225482,C,1
23.0,2.91790496502444,1506.0,24.31372549019608,-0.421947419668939,I,3
1.0,1.046039975978869,941.0,14.117647058823527,0.012822176481116887,I,2
0.0,1.031681425386985,953.5,12.549019607843135,-0.0003083700440529302,C,2
12.0,2.1581073276923206,1199.0,16.862745098039216,0.0929022780498191,A,2
57.0,0.6921211296211461,2400.0,21.56862745098039,-0.1370405313927907,G,3
0.0,9.50115079054486,0.0,0.0,-0.0004442903374941576,H,1
0.0,1.0514052062848145,953.0,12.15686274509804,0.0011922599802690614,I,2
17.0,4.365679525258126,1690.5,21.96078431372549,0.13329054215428715,H,3
0.0,1.532751593848887,0.0,0.0,0.0017488147922931074,I,1
0.0,9.471262196007375,0.0,0.0,-0.0019221527212888168,H,1
0.0,9.478607802259921,0.0,0.0,-0.7091439270152505,H,1
0.0,9.069837218037607,0.0,0.0,-0.0008972828866808946,F,1
0.0,9.068488498918414,0.0,0.0,0.00901732269181954,A,1
52.0,1.5296990752978548,2204.5,15.294117647058822,-0.132658300294488,D,3
19.0,0.5213908272765576,981.0,17.254901960784313,-0.24659319074639885,E,2
43.0,0.45504287620031697,1804.0,16.07843137254902,0.9723193277310924,F,3
0.0,1.5560683877531074,0.0,0.0,0.060961010759056314,A,1
5.0,5.5597399920383275,1690.5,23.52941176470588,-0.675259365141956,G,3
41.0,0.9113800541492791,943.5,13.333333333333334,-0.1951966950302133,H,2
0.0,9.597977722899985,0.0,0.0,-0.7943947299991331,E,1
36.0,4.004509594995162,2278.5,18.431372549019606,0.669171884645912,G,3
38.0,3.5775915998540158,2367.0,15.294117647058822,1.4534165909335215,A,3
0.0,4.753192436217789,950.5,12.549019607843135,-3.6390795110887098,A,2
14.0,3.0344051513128494,1576.5,29.80392156862745,-0.06228226363008971,F,3
0.0,9.485431267730196,0.0,14.117647058823527,0.001858896564600497,D,1
1.0,0.26729586815388323,1527.0,21.176470588235293,0.6961266728913789,I,3
0.0,1.9809985355069775,950.0,13.72549019607843,0.0079284966784966,H,2
50.0,3.036411726809408,3078.5,16.862745098039216,-0.7920610556233056,A,3
0.0,1.0044717469104203,960.5,13.72549019607843,0.04866395610641139,F,2
1.0,1.0461685812525787,956.0,12.941176470588236,0.36339901800327323,G,2
12.0,0.5727430217551323,2032.5,14.901960784313726,0.04556037715632699,H,3
37.0,1.6525104295090776,2331.5,15.68627450980392,0.061038743074372126,G,3
0.0,9.499605370762865,0.0,0.0,-0.001778117950370639,J,1
20.0,1.4486652932483273,2000.5,14.901960784313726,0.11679937740640611,D,3
0.0,1.0232213665391239,950.0,12.549019607843135,-0.004375818828373457,A,2
0.0,9.46467265375917,0.0,0.0,0.055568264932954026,H,1
0.0,0.5818146155026311,946.5,12.549019607843135,0.006166858843587697,I,2
85.0,2.107300855822768,2855.5,16.470588235294116,-0.3610568487245801,H,3
0.0,1.1940494711079512,947.5,14.509803921568627,-0.00014857749757080096,C,2
50.0,1.1002919148398673,2138.5,14.901960784313726,-0.18808652652571178,E,3
33.0,2.1226343755922796,2037.0,29.41176470588235,0.5490897822033725,A,3
26.0,3.53253142320254,1636.5,13.72549019607843,0.8765462037420395,J,3
0.0,9.496223568348341,0.0,0.0,0.006805538711174841,I,1
58.0,0.8797090488113024,2444.0,15.68627450980392,0.02423769923769925,J,3
0.0,1.0651284268343206,944.0,12.15686274509804,0.001826717883055995,J,2
0.0,0.7801437464886611,943.5,12.549019607843135,-0.006933193790336634,H,2
0.0,9.528020629381718,0.0,0.0,4.1906094744499,F,1
31.0,0.8502080247250328,1947.5,16.862745098039216,0.5563291139240507,A,3
10.0,0.9929418751947,957.0,12.941176470588236,0.01818027376508141,G,2
60.0,1.5976105831437175,2035.0,14.901960784313726,-0.16868878068573756,F,3
0.0,9.465260520821698,0.0,0.0,0.0406154947047036,G,1
16.0,2.5597565115723704,1675.0,16.862745098039216,0.32031441600245225,G,3
0.0,1.6847042729263548,949.0,14.117647058823527,-0.004587114078639487,F,2
32.0,4.69302139699098,2013.0,18.03921568627451,-0.05759712942340922,H,3
0.0,1.6786905613879997,0.0,0.0,0.0701667218393571,A,1
21.0,1.6644749078841474,2180.5,18.431372549019606,-0.2222886812045691,J,3
35.0,0.9481200732275549,951.0,12.15686274509804,0.023890710972057416,J,2
43.0,1.6567804321491357,1834.5,14.509803921568627,0.02739838051799315,F,3
0.0,1.6193503268862877,944.5,14.117647058823527,0.001017659589088199,A,2
0.0,9.499239509750103,0.0,0.0,0.011757069561017464,C,1
0.0,9.461879518307223,0.0,0.0,-0.7064486782676482,E,1
0.0,1.7372317501836518,952.0,12.549019607843135,-0.06492035879315021,A,2
0.0,1.2482559081087574,941.0,12.941176470588236,0.0012741087083577574,I,2
25.0,1.450491080713082,2554.0,16.470588235294116,-0.0611097185124306,G,3
26.0,0.3797273749578817,2602.0,16.07843137254902,-0.005921217928244404,E,3
41.0,1.9043067205912467,2605.0,17.647058823529413,0.11588783220427312,E,3
0.0,9.53018407334733,0.0,0.0,-2.081001185705357,G,1
0.0,0.5308558966492247,947.0,14.509803921568627,0.07802534562211993,F,2
28.0,2.042206020995612,985.5,12.941176470588236,-0.13587787595136058,F,2
20.0,1.2135904683361618,945.0,12.15686274509804,-0.053279742765273364,C,2
0.0,9.06890770824132,0.0,0.0,-0.001339976339976623,A,1
12.0,0.7514798972772491,2032.5,14.901960784313726,-0.09376017804798609,I,3
42.0,0.5867485505121272,1776.5,14.117647058823527,-0.04913078882532251,G,3
38.0,0.25957727507258527,1641.5,14.117647058823527,0.084957730948297,H,3
30.0,4.594850015210214,3045.0,27.058823529411764,-1.261684607953313,E,3
24.0,3.3212812612857783,2453.0,30.19607843137255,-2.178990964590965,A,3
0.0,1.6160324881776091,951.5,14.901960784313726,-0.01567614125753658,J,2
56.0,1.676349125061467,1868.0,14.901960784313726,-0.25921694318753147,D,3
0.0,1.1471914132881602,947.5,14.117647058823527,-0.0002501587589586185,A,2
0.0,0.884526893188868,960.0,14.117647058823527,0.24307947282759712,F,2
16.0,5.7025485580637465,2157.5,23.92156862745098,-0.024898656305650135,D,3
0.0,1.104971822961071,944.0,14.117647058823527,0.0035120274914089977,J,2
85.0,2.667398836867608,2848.0,16.470588235294116,-1.133301075268817,G,3
0.0,1.5945644494024223,1198.5,16.07843137254902,0.011735995747225725,I,2
0.0,0.5889492533012286,952.5,12.549019607843135,-0.00017455423416368188,H,2
0.0,9.113615553055158,0.0,0.0,0.006531372549019476,F,1
0.0,1.6764808375783329,953.0,14.117647058823527,-0.002538998730273856,C,2
18.0,3.9724443424972113,1826.0,20.392156862745097,0.0625,E,3
46.0,4.284508959789696,1950.5,21.96078431372549,0.40963924050632894,C,3
0.0,2.493707003386616,946.0,12.549019607843135,1.6219376088677748,E,2
42.0,1.8056730851904983,1795.5,14.509803921568627,0.1988898135305901,E,3
0.0,1.6191362601847084,950.0,14.117647058823527,-0.0005177905177904951,D,2
0.0,1.5679400498743565,0.0,17.647058823529413,-0.003666666666666707,A,1
23.0,0.9250779567733917,1453.0,13.72549019607843,0.24079172815215616,G,2
55.0,1.857615230458903,2362.0,23.137254901960784,-0.09517596288704289,E,3
0.0,6.780421670545625,0.0,0.0,-0.0009654156327543184,C,1
0.0,0.9636317313485849,946.5,13.72549019607843,0.0017171717171716727,D,2
51.0,5.39964553077391,2156.5,20.0,-1.490323064513206,D,3
1.0,3.9025098431690206,1005.0,12.941176470588236,0.559703059791911,B,2
0.0,9.49200529831033,0.0,0.0,0.0004920835623969388,E,1
49.0,0.1440336070677408,2101.0,18.823529411764707,-0.07311881757533929,B,3
0.0,1.0601193042317831,943.5,12.549019607843135,-0.0009597229903575144,F,2
0.0,2.339345565442104,952.0,12.549019607843135,0.00033734939759044735,A,2
0.0,1.6220420362261005,952.0,13.72549019607843,-0.0012747143116271092,I,2
0.0,0.7695523870346933,950.5,12.549019607843135,0.8067394411955816,F,2
21.0,0.9322582258064378,1123.5,12.941176470588236,0.1525564516129032,D,2
34.0,1.0053756997295387,2105.5,14.901960784313726,1.1031915195780075,A,3
0.0,2.0086748159097643,954.0,13.72549019607843,0.0023726523133302813,B,2
18.0,1.1152583965660654,949.5,14.117647058823527,-0.07068981173864886,H,2
33.0,1.8170946692005878,2028.0,24.705882352941178,-0.22978850236812023,E,3
2.0,0.7836565696404422,1169.5,12.15686274509804,-0.051596185064935,I,2
0.0,0.5544615564835272,945.0,12.549019607843135,0.006395737008408231,B,2
0.0,2.0394865038327996,1046.5,13.333333333333334,-0.0056575690463783745,B,2
21.0,1.5583885624387743,2154.0,14.509803921568627,-0.21341419765360903,B,3
0.0,9.446197993349843,0.0,0.0,-2.090665535956581,D,1
5.0,4.727535245021542,955.0,12.549019607843135,-0.7285114211703756,E,2
17.0,1.682415753389854,1683.0,23.52941176470588,-0.27879561023346844,J,3
0.0,1.2040416932948224,934.5,10.980392156862743,-0.006625895509348223,J,2
46.0,2.446335741424819,2890.0,30.588235294117645,0.6742606680077197,I,3
18.0,3.8289544713061954,1764.0,18.03921568627451,-0.13872058516399477,G,3
0.0,0.8785870492763322,954.0,13.333333333333334,0.053913683506189414,I,2
33.0,4.1039058443089855,1415.0,14.117647058823527,0.18441207437993823,B,2
40.0,4.727029675172315,3998.5,41.96078431372549,0.05807022687750241,C,3
0.0,9.491487422845658,0.0,0.0,0.0032640126757773613,H,1
51.0,1.9781392798107156,3165.5,16.470588235294116,0.4973060515873017,J,3
0.0,1.7320011602213645,947.0,14.117647058823527,-0.0003500400221660982,F,2
43.0,3.4547230516916567,2678.0,16.07843137254902,-0.17253840210024585,F,3
22.0,1.8596787690200467,2271.5,21.176470588235293,0.2951248933595222,J,3
0.0,2.120423328835822,948.0,14.901960784313726,0.019016249451032086,D,2
0.0,9.460787203429323,0.0,0.0,1.4471063316955595,D,1
0.0,2.1145628516333415,945.0,12.941176470588236,0.0007720435084471733,C,2
0.0,1.8413248614030524,1022.0,26.274509803921568,-0.3287294047643474,C,2
20.0,1.524850630085154,2058.5,18.431372549019606,0.05708733533865773,I,3
44.0,5.201827838090764,2740.5,49.01960784313725,0.05633211123509163,C,3
17.0,1.645905223254959,2049.5,21.56862745098039,0.15905856561227683,C,3
0.0,9.543857482984535,0.0,0.0,0.721361371151786,D,1
2.0,5.582664067372259,1492.5,18.431372549019606,0.007631265803955678,H,2
0.0,2.009168576579109,948.5,13.333333333333334,-0.0003664385822094163,I,2
0.0,4.306095139273571,949.0,12.549019607843135,0.0018837167451488668,I,2
17.0,2.6352140100272776,1063.0,14.509803921568627,0.10366484453065361,C,2
26.0,0.9201924447514874,2629.0,18.823529411764707,-0.06890935486797928,I,3
30.0,0.514129632813561,1275.5,12.941176470588236,-0.02857149102673401,F,2
0.0,3.074252399509527,948.5,12.549019607843135,0.013032899873721249,A,2
0.0,1.5612948600492527,951.0,14.117647058823527,0.0017935899191892646,I,2
0.0,1.5930488494075372,950.5,13.72549019607843,-1.0959774011299432,H,2
0.0,2.2319575874552324,947.0,13.72549019607843,0.0029882154882154843,D,2
39.0,0.6548750774852679,2449.5,15.294117647058822,-0.26163043478260867,E,3
34.0,1.5215247483219427,2117.5,25.88235294117647,-0.15098158983261534,I,3
35.0,2.259642282955988,2225.5,15.294117647058822,-0.2487610856496636,B,3
0.0,9.069340160651876,0.0,0.0,0.0019328424664974975,D,1
52.0,3.7992686024755566,2199.0,14.901960784313726,-0.7154699962877871,D,3
47.0,1.891275580840536,2915.0,23.137254901960784,-0.08572260853223079,I,3
36.0,1.1496278526755919,2255.5,15.294117647058822,0.4945569620253165,A,3
0.0,1.9835830111691493,0.0,0.0,-0.0017329224447867955,D,1
43.0,0.6742518338123707,1804.0,16.07843137254902,-0.08499494266686691,D,3
0.0,1.883372789023714,947.0,14.509803921568627,0.009881087919038578,I,2
0.0,7.713948963655317,0.0,0.0,0.00041714077315813114,J,1
0.0,9.460605932723455,0.0,0.0,-0.768543760277727,J,1
0.0,9.547064745071223,0.0,0.0,0.7025009377210769,J,1
74.0,1.0364548086453624,947.0,12.941176470588236,0.0601067633479222,F,2
7.0,1.1421998399378588,1188.0,9.803921568627452,0.15202552124411017,H,2
31.0,4.8806454703603075,3123.0,26.666666666666668,-0.6190600540210165,E,3
24.0,0.4828362926242021,2431.0,19.215686274509803,-0.0835052003547529,A,3
0.0,9.49814032584956,0.0,0.0,0.676925694683921,D,1
78.0,4.035890041027209,3316.0,88.23529411764706,-0.052895892817922285,F,3
0.0,9.070139525724478,0.0,0.0,-0.000422437432746392,E,1
22.0,0.6524203925671432,1366.0,18.431372549019606,0.08414844022307427,B,2
0.0,9.42702368681948,0.0,0.0,-0.8465190955339686,I,1
0.0,0.48364092983769774,953.0,12.549019607843135,-0.000274991094103727,H,2
0.0,2.0032137033600574,954.0,13.72549019607843,-0.005784032360119318,J,2
30.0,0.7408832220107933,950.5,12.15686274509804,0.8284591194968554,A,2
0.0,1.1127587113313921,944.0,14.117647058823527,0.00010959413021260911,D,2
1.0,2.430603411976024,1591.5,18.03921568627451,-0.02115157406715018,H,3
0.0,9.497078892260907,0.0,0.0,-0.009320162107396168,G,1
0.0,9.487534375509002,0.0,0.0,-0.002205849633818424,A,1
31.0,1.3701512462446377,1961.5,14.509803921568627,0.6032966512838719,I,3
0.0,2.072005222278102,953.5,13.72549019607843,-0.02060662935662938,B,2
16.0,1.865768729816198,3013.0,16.07843137254902,-0.10976721522071364,F,3
3.0,1.558197839470153,963.0,14.117647058823527,0.02687364165625039,H,2
25.0,1.6634924807813296,2517.5,18.431372549019606,1.3356891684028116,B,3
32.0,4.2501492000399255,3143.0,17.647058823529413,-0.9379840392393424,J,3
0.0,9.458184856934153,0.0,0.0,0.6696475014611338,F,1
6.0,1.471899691299001,963.0,18.823529411764707,-0.08205370281892027,J,2
34.0,1.0806790745015409,2130.0,20.7843137254902,-0.19252046398749534,B,3
0.0,1.6221293035146245,949.0,14.117647058823527,-0.0006808906221658084,C,2
33.0,0.8087202262708701,2043.0,14.901960784313726,0.21821750342236793,J,3
0.0,1.1470463844746184,948.5,12.549019607843135,1.6179747162022704,A,2
14.0,3.9560872543721097,2613.5,35.294117647058826,-0.06139419924862882,D,3
0.0,1.0385029936667125,948.0,12.941176470588236,0.0014500157678966064,E,2
0.0,1.6122923551737203,1194.5,16.07843137254902,0.009050755300755275,I,2
38.0,2.0528883366003523,2379.5,15.68627450980392,-0.22237464323268752,E,3
0.0,1.647210299144112,952.0,14.117647058823527,-0.0022627118644067967,C,2
39.0,2.08607934243585,2457.0,29.01960784313725,-1.7488803277296652,C,3
0.0,1.1943582892360263,949.5,13.333333333333334,0.038179784421395246,F,2
0.0,9.066882966109718,0.0,0.0,-0.0005497151383608845,J,1
47.0,0.9834007639454567,2900.0,15.294117647058822,-0.034343190149080716,F,3
31.0,1.7598863442195414,1944.5,14.509803921568627,0.9181026488408193,H,3
34.0,2.186115607854506,954.5,13.72549019607843,-0.9410966138242225,B,2
0.0,1.0372396575510985,940.5,12.941176470588236,0.0029613892688176158,D,2
23.0,1.1420077609872834,954.0,12.941176470588236,0.03469526252557065,A,2
3.0,1.1395609946755267,944.0,13.333333333333334,0.0835922330097087,E,2
0.0,1.0663919888374058,948.0,12.549019607843135,0.0039045383411580037,D,2
0.0,1.710765561220828,0.0,0.0,-0.0017386391883035812,H,1
0.0,1.715356036430989,957.5,12.549019607843135,0.0003716216216217427,F,2
55.0,1.5962834234402272,1837.5,14.509803921568627,-0.0474820099255584,J,3
0.0,0.5773880624193888,948.0,12.549019607843135,0.007316268571570417,D,2
0.0,1.3963406556808735,949.5,12.549019607843135,0.0006425538700739475,H,2
0.0,2.008412279374281,952.5,13.72549019607843,-0.0004009976758687084,C,2
26.0,4.660421178843077,2647.0,87.84313725490196,-0.8463755656564635,E,3
0.0,2.056112435864886,946.0,13.72549019607843,0.0028276676330312167,A,2
36.0,3.3194102486534725,2281.0,15.294117647058822,1.5616812845097376,I,3
53.0,1.900283237950991,1792.0,14.509803921568627,-0.19088375796178347,E,3
44.0,1.135925359931454,2748.0,65.88235294117646,-0.060680841854677314,A,3
6.0,1.7834690789814167,946.5,14.117647058823527,-0.0165155456459804,B,2
2.0,0.9652320989405786,1671.0,20.7843137254902,0.09480751623549455,E,3
34.0,0.867905870959798,2141.0,15.294117647058822,-0.038735690335892706,G,3
35.0,4.296650696844321,2209.5,43.92156862745098,1.1595606777716307,J,3
0.0,9.496786662216547,0.0,0.0,-1.5353199598305043,F,1
0.0,1.9676377557970544,941.0,13.72549019607843,-0.0001547001547002047,H,2
21.0,0.8265229467549007,2070.5,19.607843137254903,0.2885578647862932,E,3
54.0,0.36660245564086646,2300.0,14.509803921568627,0.4071043299373041,J,3
7.0,1.790411791848091,951.0,13.72549019607843,0.01947530829438604,I,2
0.0,2.943682693443782,948.0,13.333333333333334,0.7129463612012383,I,2
38.0,1.8258358135524149,2372.0,25.88235294117647,0.40319772807951715,G,3
10.0,0.8174904687471237,1800.5,19.607843137254903,0.018698432343234206,C,3
0.0,0.9896625151096974,945.0,14.117647058823527,0.0021285015099450355,A,2
50.0,1.454592182935371,3098.0,17.254901960784313,-0.07908555399719491,F,3
32.0,1.4508901699150938,2034.5,17.254901960784313,0.5621217948717947,E,3
0.0,7.057293043149116,0.0,0.0,-0.0025026029114041393,E,1
0.0,9.526580105140763,0.0,0.0,0.6686368020990083,G,1
25.0,0.6838434238214551,2561.5,16.470588235294116,0.15304090238245832,G,3
21.0,1.4478174514375017,1080.5,12.941176470588236,0.2671473354231974,I,2
0.0,1.0419566193866208,950.0,12.549019607843135,-0.004735275689223051,E,2
13.0,2.0781986846400193,2426.5,23.92156862745098,-1.409183398386677,G,3
0.0,9.455199318508434,0.0,0.0,-0.005856061928874834,H,1
20.0,0.997887385042439,997.5,13.333333333333334,-0.1725242649735108,D,2
0.0,1.031318672718324,947.0,12.549019607843135,0.00174861242482105,D,2
0.0,9.0686127068363,0.0,0.0,0.0003829401088930595,J,1
0.0,9.528175937652579,0.0,0.0,0.0013418321829365976,G,1
0.0,9.524380673112155,0.0,0.0,-0.8991779494169319,H,1
39.0,1.2686609420424417,1674.5,14.117647058823527,-0.11344262295081964,E,3
0.0,9.494720737433674,0.0,14.117647058823527,0.001384533692660797,G,1
14.0,1.9000998125246105,2663.5,26.274509803921568,-0.8104925755248337,H,3
0.0,2.061858913552032,0.0,0.0,0.002607461111984004,E,1
9.0,4.755294908978757,959.5,12.549019607843135,0.01228592314118604,J,2
24.0,4.175690367502661,2401.5,18.431372549019606,-0.11778608132762347,G,3
18.0,3.296211618314866,1793.5,15.68627450980392,0.6967257151870035,H,3
0.0,1.2183943671047033,0.0,0.0,-0.4834377002654948,B,1
27.0,2.2656766177760397,2670.0,25.49019607843137,-0.1635128260802134,F,3
46.0,3.5071665527907867,2843.5,25.88235294117647,0.6133160520644192,A,3
0.0,1.5646813736406646,951.5,13.72549019607843,0.0025589225589224968,E,2
0.0,1.5038732217114439,0.0,0.0,0.0028089267311183913,F,1
0.0,9.066844374445058,0.0,0.0,0.0019527504626837278,E,1
0.0,4.12153521503222,954.0,12.549019607843135,0.8646211563273516,I,2
0.0,9.498238141529079,0.0,0.0,0.006133909287256989,E,1
0.0,1.1168049590350488,952.5,13.333333333333334,0.024965259683863206,D,2
0.0,2.009182387987559,942.5,13.72549019607843,-0.0015595503053131288,E,2
0.0,0.5045631745782908,973.0,12.941176470588236,-0.0067295731852062834,G,2
0.0,9.068274020202939,0.0,0.0,0.0004661479661485224,F,1
0.0,1.8569966023899633,1489.0,16.862745098039216,0.950069933708672,D,2
38.0,1.9927114198954767,2415.0,30.588235294117645,-0.048067114093959695,H,3
50.0,4.392670187528184,3128.0,20.392156862745097,-0.606097678980059,B,3
0.0,8.019896128537418,0.0,0.0,-1.626156947890819,D,1
21.0,4.413397311109579,2199.0,23.92156862745098,0.5234054927939118,E,3
0.0,9.52601542821875,0.0,0.0,0.00014188989196384227,C,1
0.0,0.5842189534636036,942.0,12.941176470588236,-0.0016223288906216382,B,2
0.0,2.018329502865445,954.5,14.117647058823527,0.00044954064099855806,A,2
0.0,1.0267368787986162,945.5,12.941176470588236,0.0005657923983106716,E,2
0.0,1.668261417760542,946.0,12.549019607843135,0.0031986531986533118,D,2
0.0,0.5819804794709409,952.0,12.549019607843135,0.000709824719469232,H,2
49.0,0.7767125573387843,2078.0,19.215686274509803,0.11849673202614386,E,3
33.0,0.9969035643945222,2068.5,16.07843137254902,-0.037783439490445936,D,3
10.0,1.0210101751789105,953.0,13.72549019607843,0.04303155178155177,I,2
0.0,1.0475598424614674,934.0,13.72549019607843,-0.03739395590577582,J,2
23.0,1.9596650260669237,1469.0,14.117647058823527,-0.12165084573616158,J,2
0.0,0.5335329503011894,958.0,12.549019607843135,-0.0034588663105821205,C,2
34.0,0.8554793087473084,2141.0,15.294117647058822,0.1536183166227973,F,3
70.0,4.6117411958805254,4321.0,87.84313725490196,-0.8237225011410313,E,3
32.0,1.1773470923050708,1357.5,13.333333333333334,-0.012295081967213184,H,2
0.0,1.0294025185787072,951.5,12.941176470588236,0.002602015510208888,B,2
0.0,9.430862905119719,0.0,0.0,-0.7308627405732218,A,1
0.0,0.42060420555498157,956.0,13.333333333333334,-0.001532203389830511,A,2
0.0,9.457646316276682,0.0,0.0,1.4267117521714618,E,1
44.0,0.7903914301170247,2756.0,16.470588235294116,0.09713364167478089,A,3
0.0,9.53275192302081,0.0,0.0,0.7148197609518365,B,1
9.0,2.1176640054061187,1220.5,17.647058823529413,1.0128478921633408,C,2
0.0,1.05463790944876,945.5,12.549019607843135,-0.000969693752985501,F,2
21.0,3.5225080837501856,2213.0,20.392156862745097,0.44964990357513734,E,3
113.0,4.0610237922158055,4746.5,88.23529411764706,-0.38988416484156785,F,3
23.0,3.4773565432560436,2240.0,15.294117647058822,-0.23700036656891488,D,3
4.0,0.30142841853513885,1005.0,13.72549019607843,-0.07006435272045029,J,2
0.0,1.9785071242946584,948.5,14.509803921568627,-0.0022674947674947987,D,2
24.0,1.7785676597130646,1497.0,18.823529411764707,1.9830468095877873,C,2
10.0,0.09858853188981363,946.5,13.72549019607843,0.026260366441658592,C,2
12.0,4.2974586242860555,2257.0,22.745098039215687,0.1421000177441295,F,3
37.0,0.48269989142137054,1577.0,14.509803921568627,-0.029557078494828304,A,3
0.0,9.481456479207122,0.0,0.0,0.009792846114256293,I,1
0.0,9.467464015022085,0.0,0.0,-0.7559463300926713,J,1
24.0,2.747599301655477,2468.0,18.03921568627451,1.366902267377332,D,3
2.0,3.0517295154059085,1264.0,23.92156862745098,1.0775715312724659,J,2
18.0,1.742369546261459,993.0,14.117647058823527,-0.057643986448334295,B,2
16.0,2.155752205353961,1675.0,16.862745098039216,0.7414833074534162,F,3
1.0,1.0407456856562591,1315.0,15.294117647058822,0.011777682751663798,B,2
0.0,1.6290828846238348,946.5,13.72549019607843,0.0011281247117423954,H,2
21.0,3.086719591969876,963.0,12.549019607843135,0.1757318695062442,G,2
8.0,0.5002723080828115,1287.0,12.941176470588236,-0.1565054782488095,A,2
0.0,9.113857419586832,0.0,0.0,-0.0001808580858084774,H,1
0.0,8.28249141795322,0.0,0.0,0.013898921298133082,J,1
5.0,0.5883044031489144,993.5,13.333333333333334,0.2929002231165418,C,2
0.0,1.749026015742364,0.0,0.0,-0.002408033033032997,H,1
30.0,4.403148977941439,1918.5,21.56862745098039,-0.7520538720538714,A,3
30.0,1.227851116325985,1875.0,27.45098039215686,0.2996571470600595,C,3
47.0,1.5911543390618152,2008.5,18.431372549019606,-0.05188537093150289,F,3
13.0,2.3861606290196353,2426.5,23.92156862745098,-0.01787859362859412,F,3
39.0,1.9063980999060834,2433.0,30.19607843137255,-0.22316615860024225,B,3
0.0,2.2380505139124933,948.0,13.72549019607843,-1.1047355309855311,J,2
0.0,0.570396956212958,946.5,14.117647058823527,0.0007127725547591002,E,2
0.0,9.48976407961458,0.0,0.0,0.0010662091164719278,I,1
45.0,0.3334647132126733,1911.5,14.509803921568627,-0.2358774434438831,F,3
0.0,9.546953983813863,0.0,0.0,-2.0691787457341015,B,1
14.0,0.4308406208438692,1409.0,13.72549019607843,-0.24381600715173807,H,2
11.0,0.4750718037378323,950.0,12.941176470588236,0.03256218033327829,C,2
31.0,5.313500954155179,1948.5,23.92156862745098,-0.7907949721511365,H,3
0.0,2.060658039923686,948.0,13.72549019607843,-0.0026321054489824025,G,2
0.0,9.541604777958606,0.0,0.0,-0.0017437441308070234,E,1
1.0,0.9023965467439701,990.0,13.333333333333334,-0.9894029776674937,H,2
50.0,0.8195916278378554,950.0,13.333333333333334,0.15579844912369192,E,2
0.0,7.955330225776161,0.0,0.0,-1.735706576964855,F,1
35.0,2.3740623192177503,2216.5,13.333333333333334,0.709824236071918,A,3
42.0,0.6198002971381571,1776.5,14.117647058823527,-0.027325053587189507,B,3
7.0,0.7291663675635847,1362.0,13.72549019607843,-0.002935073339085492,B,2
0.0,9.465984995013507,878.75,16.862745098039216,-0.014242424242424293,J,2
0.0,1.8780204248161707,0.0,0.0,0.012955653021442498,I,1
48.0,1.290119377254741,3028.0,17.254901960784313,0.0603247165341005,A,3
0.0,1.0587399257861116,952.5,12.549019607843135,-0.0040023219592366654,A,2
0.0,3.0818501718701445,954.0,12.549019607843135,-0.004680190930787642,A,2
0.0,0.5990395308136275,948.5,12.549019607843135,0.00155469416751286,A,2
0.0,2.009545283257504,951.5,13.72549019607843,0.002738875238875116,B,2
32.0,1.7183212895469526,1980.0,20.0,1.0325405574694644,B,3
0.0,0.42454839857466115,959.5,13.333333333333334,-0.005685246274598987,G,2
5.0,5.62194907120995,950.5,12.549019607843135,-0.34037402676708606,H,2
32.0,1.9138187644629987,3001.0,16.470588235294116,-0.09724401803983795,D,3
0.0,9.52472711754246,0.0,0.0,-0.0007570467357702615,G,1
1.0,1.2141140112330375,1214.5,17.647058823529413,-0.8552186561561561,I,2
42.0,0.7021241987542387,2615.0,82.74509803921569,0.00417818619234489,A,3
41.0,5.259574497314351,2542.0,21.96078431372549,-0.04576119640176124,F,3
17.0,0.8695668347412319,1753.0,18.823529411764707,-0.0990398564271292,A,3
46.0,0.9338588969673794,2893.0,16.470588235294116,0.0381813550147006,B,3
2.0,2.979290284254945,952.5,12.549019607843135,0.7383758318184546,D,2
0.0,9.487906376483316,0.0,14.117647058823527,0.00022455037541470324,I,1
0.0,1.022196524099955,956.5,12.15686274509804,-0.002177777777777834,H,2
19.0,0.37722956087979437,949.5,14.117647058823527,0.07422548231511261,A,2
67.0,1.6797838152103575,2836.5,25.098039215686278,-0.11227424749163883,I,3
0.0,1.1415132033994926,947.5,14.117647058823527,-0.003437969094922666,E,2
34.0,0.5245383441624882,2132.0,19.215686274509803,0.07448589330001681,D,3
0.0,0.567439035168143,945.0,12.549019607843135,-0.004951057974374784,E,2
49.0,3.6396234610922407,2076.5,19.215686274509803,1.6916338899196046,B,3
0.0,1.7782764968788505,951.5,14.117647058823527,-0.0019512969345183984,C,2
11.0,4.651294515175094,1051.0,13.72549019607843,-0.029815188172043428,J,2
7.0,3.9604280927352358,1359.0,22.352941176470587,-0.24606530765148443,J,2
21.0,2.5481619133221654,1361.5,17.647058823529413,0.1678053942912432,D,2
0.0,0.7757325414620198,953.5,12.941176470588236,0.004204275534441804,A,2
0.0,9.070136701784737,0.0,0.0,-0.0024379208754208292,H,1
24.0,1.1095749639633277,2441.5,15.294117647058822,0.06803213399786068,A,3
0.0,2.064361472233768,952.5,13.72549019607843,-0.00225611822927263,D,2
24.0,1.7206047103890394,1525.0,88.23529411764706,0.024115580212667603,H,3
0.0,9.505957320143786,0.0,0.0,0.7454767557509063,G,1
0.0,3.0995139705762904,958.0,12.941176470588236,0.008949971520789468,A,2
18.0,2.055384818865398,1045.0,13.72549019607843,0.4315089870967108,G,2
31.0,1.8620081563488453,3177.5,19.215686274509803,0.04523659305993691,E,3
0.0,9.49706375462203,0.0,14.117647058823527,0.004750216175707603,I,1
0.0,0.5388057756641199,946.5,13.72549019607843,0.007534699670443304,I,2
44.0,0.8887025233783745,1479.5,13.72549019607843,0.05206057702544449,B,2
0.0,9.463933268422577,0.0,0.0,-0.6981099661366098,A,1
0.0,2.008646101055628,949.0,13.72549019607843,0.0019569399908382357,E,2
0.0,9.06846513066759,0.0,0.0,0.003129497194410913,F,1
0.0,1.037946758358675,936.0,12.549019607843135,0.0010176085176085703,G,2
0.0,0.5562736518105319,945.5,13.333333333333334,-0.0023193907757665944,G,2
45.0,4.256275811663237,2804.5,22.745098039215687,2.2069349845201245,I,3
2.0,0.4929156578365028,949.5,12.549019607843135,0.0026819009769828983,D,2
33.0,4.272397022078859,1415.0,14.117647058823527,-0.25734830568739975,E,2
0.0,9.463545458399553,0.0,0.0,-0.6468312629399586,A,1
19.0,2.5213480182002876,946.5,12.941176470588236,0.016221854208431363,H,2
0.0,9.508448245788145,0.0,0.0,0.7767709184268876,J,1
38.0,1.816738300463143,2384.0,29.01960784313725,0.06701246502693436,B,3
0.0,9.460966249166695,0.0,0.0,1.5532216284046476,F,1
0.0,1.161027287842128,948.0,13.333333333333334,4.4136048231169234e-05,E,2
47.0,0.725790338959691,2961.5,25.88235294117647,-1.0347157190635452,B,3
47.0,0.8609050088538824,2936.5,16.862745098039216,-0.04037910494965996,J,3
50.0,3.0615585799815204,3090.5,20.392156862745097,-0.6762802839756596,D,3
0.0,1.5693388615200645,0.0,17.647058823529413,0.0015216284987277229,J,1
0.0,0.462757551828217,952.5,12.549019607843135,-0.0034011352885524038,H,2
48.0,1.1091959088081795,2961.0,16.470588235294116,0.04666403335527758,D,3
0.0,1.5974316713202565,953.0,14.509803921568627,-1.0907294716182583,I,2
0.0,0.5669391774035122,945.5,12.549019607843135,-0.0013362635637619302,H,2
12.0,1.8387041186381972,2239.5,22.352941176470587,-0.033881635043095104,A,3
0.0,1.2016693459282333,955.0,13.333333333333334,-0.0003672824557762189,A,2
0.0,9.460181987580714,0.0,0.0,-0.014841984592810054,G,1
16.0,5.315842724977936,1652.5,17.647058823529413,-0.09779693911500509,H,3
0.0,9.481977101004658,0.0,0.0,0.7933669279581934,H,1
0.0,9.464435054367488,0.0,0.0,-0.07880875861928693,E,1
0.0,3.3118057204858173,955.0,12.549019607843135,-0.633975112572442,J,2
0.0,2.1659925745858777,946.5,12.549019607843135,-0.0028211031887501736,D,2
0.0,9.491622959750552,0.0,0.0,-0.0068977610553696556,B,1
0.0,0.581690440612003,952.5,12.549019607843135,-0.001503274804905197,J,2
0.0,1.1674107167881977,945.5,13.333333333333334,-0.001036059606415618,A,2
22.0,0.8466980881215809,2257.5,14.509803921568627,0.3419952217593728,A,3
0.0,9.498433736009527,0.0,0.0,0.00033050383351584944,G,1
0.0,1.064473211361289,952.5,12.549019607843135,0.003083496024672505,D,2
0.0,1.556032830816208,948.0,14.117647058823527,-0.0014303831563825947,E,2
28.0,0.22787049819598232,938.5,14.117647058823527,-0.1508836494520161,H,2
0.0,9.507492296380617,0.0,0.0,0.7068989045324501,I,1
0.0,9.115780944167739,0.0,0.0,-0.0016412469061481971,E,1
28.0,4.304830986708775,2848.5,88.23529411764706,0.1729017875197154,J,3
19.0,1.5805925648492944,1955.0,16.862745098039216,-0.3850435413642961,F,3
0.0,1.6965239741239173,948.0,13.72549019607843,-0.001686890972605215,J,2
5.0,2.230557521438376,950.0,13.72549019607843,0.1652281441717791,J,2
0.0,9.52346663292176,0.0,0.0,-0.7969200226885991,J,1
0.0,0.6115277847890462,952.5,12.549019607843135,-0.7916776755852843,I,2
0.0,9.065816331461075,0.0,0.0,0.0013210203277207455,C,1
0.0,0.6063497935339275,951.0,12.549019607843135,-0.0007693453489237001,D,2
6.0,1.9501854725169383,946.0,14.117647058823527,0.0649131824010426,C,2
49.0,0.9681341544072586,949.0,13.72549019607843,-0.039565309360126893,H,2
49.0,0.8332464102748577,2086.5,14.901960784313726,0.4153339027331189,H,3
16.0,1.7793271721705153,3013.0,16.07843137254902,-0.05452601012383623,G,3
27.0,1.7444620181405897,1691.0,9.803921568627452,0.1695886075949367,H,3
0.0,4.4039991523633635,945.0,12.549019607843135,0.04407822032922759,I,2
48.0,2.478186511149091,2988.0,16.862745098039216,-1.1785275965438196,C,3
48.0,1.3249281606443613,3158.5,17.647058823529413,0.6853558390540058,H,3
26.0,1.1945882181454952,2632.5,27.058823529411764,0.3283780035544414,F,3
0.0,1.0701842806094974,1198.5,13.72549019607843,-0.008483427223896167,C,2
0.0,9.607163032202223,0.0,0.0,-1.3856632019378992,A,1
0.0,2.0574086517070236,0.0,0.0,0.0018011185682327013,F,1
32.0,2.642363977031352,3139.0,34.509803921568626,0.5262682036427122,G,3
0.0,9.470881982274134,0.0,0.0,-0.0010172787792654958,C,1
0.0,3.0872432652825883,946.0,12.549019607843135,-0.00772797975270878,F,2
0.0,9.456771475906715,0.0,0.0,1.5593354216148614,J,1
54.0,4.6210985309578305,2270.0,21.176470588235293,0.4304835043988273,C,3
14.0,1.0419920803933402,2335.5,15.294117647058822,0.2433941477083731,H,3
0.0,9.493815700678455,0.0,0.0,-0.6870341197822143,I,1
18.0,1.8877230259379287,1840.5,21.176470588235293,-0.8655632763975158,F,3
16.0,1.3993698332503823,1635.5,21.56862745098039,0.9522695275738754,A,3
37.0,4.350469674980466,2336.0,24.705882352941178,-0.09928810898481677,I,3
0.0,0.8775416722597946,1184.5,13.72549019607843,-0.0448233167265772,D,2
0.0,1.197331163916629,1411.0,10.196078431372548,-0.014166332218506217,A,2
79.0,5.061844632182591,4904.5,87.45098039215686,1.9930508892306475,D,3
39.0,1.7632284580897057,2446.5,36.86274509803921,-0.1371518987341772,D,3
0.0,9.469483699537344,0.0,0.0,-0.005621905393457194,J,1
20.0,1.6301489914048732,1093.0,14.509803921568627,-0.018583765885090364,C,2
0.0,9.577526198814374,0.0,0.0,1.7203604446577094,G,1
0.0,1.1733730914979843,925.0,14.901960784313726,-0.0069768644622970055,J,2
0.0,0.5481060429549917,951.0,12.549019607843135,0.0014551307807160185,C,2
54.0,1.4393400445300342,2300.0,14.509803921568627,0.47236202999794585,B,3
0.0,9.476727377580966,0.0,0.0,0.0006766214695730355,J,1
46.0,0.8637437530161505,2856.0,21.96078431372549,-0.12724318144700297,D,3
1.0,1.7135856125110256,951.5,12.941176470588236,-0.0007180089724417998,A,2
0.0,1.6821851276812592,0.0,0.0,-0.0031864406779660848,C,1
40.0,1.8524696786035202,2494.0,25.49019607843137,-1.1480721185876082,A,3
13.0,2.1143512146571237,2283.0,25.88235294117647,-0.056708720129044654,C,3
0.0,9.50527743047718,0.0,0.0,-0.5903064547915651,A,1
0.0,1.7307847148103706,947.5,14.117647058823527,-0.0013881660046568545,C,2
0.0,9.463388630035412,0.0,0.0,-0.00518907563025206,J,1
21.0,1.2077596026906032,1406.0,19.215686274509803,1.2546752059473576,G,2
23.0,4.42730786465643,2332.0,23.137254901960784,0.10374237804878028,C,3
4.0,2.505027286935894,950.5,12.549019607843135,0.032950709251942545,D,2
35.0,1.8980969239404835,2181.5,22.745098039215687,-0.2866250075835708,D,3
0.0,0.5600642182654726,955.0,12.549019607843135,-0.00203299856527972,A,2
4.0,0.4984621906981065,946.5,12.549019607843135,-0.04814408602150538,E,2
38.0,1.127717232809562,2355.5,21.56862745098039,-0.6067080442635171,G,3
0.0,1.0292830518456662,952.5,12.941176470588236,-0.00433480500367911,J,2
0.0,4.27073564086172,1722.5,22.745098039215687,-0.0907195618950587,H,3
0.0,1.900474564418056,945.5,13.72549019607843,-0.0024983050847458,J,2
0.0,9.516902012064335,0.0,0.0,-1.3609973486249844,C,1
36.0,2.57733016444507,2224.0,15.294117647058822,-0.6657291303843031,C,3
0.0,1.0142680825868708,952.0,12.941176470588236,0.0033357044043051953,D,2
0.0,1.6369228138165182,947.5,14.117647058823527,0.002366239120476399,D,2
0.0,1.8409680468743015,945.5,13.72549019607843,0.00191857535501605,G,2
23.0,3.9860218030940757,948.0,12.549019607843135,0.01727666775848835,H,2
31.0,0.7763954678877333,1967.5,18.03921568627451,-0.0032844755063741737,A,3
0.0,9.070059648592537,0.0,0.0,0.0006343605858463164,I,1
0.0,9.42857039557489,0.0,0.0,0.024623908263094907,A,1
0.0,4.3035474538268,952.0,12.549019607843135,0.0333431956715291,E,2
0.0,1.5851297749127213,944.5,14.117647058823527,-0.004040404040404094,E,2
22.0,1.3572644786591903,2174.0,30.588235294117645,0.11731085316427281,H,3
15.0,0.37172119366388795,970.0,13.333333333333334,-0.04332360973187677,E,2
0.0,9.521027485721245,0.0,0.0,-2.1161121652962263,D,1
0.0,9.462113139570688,0.0,0.0,-0.7773792898692559,F,1
0.0,9.510344946549676,0.0,0.0,1.3986993682645859,B,1
0.0,1.0407817938582866,951.5,12.549019607843135,-0.003903807871967202,C,2
44.0,2.3770216716221064,2748.0,65.88235294117646,-0.029900990099009928,B,3
48.0,2.0031212654377284,3006.5,27.45098039215686,0.318132998305382,J,3
0.0,0.4069744425694013,951.5,14.901960784313726,0.00718312371777724,B,2
0.0,9.502775670330113,0.0,0.0,-0.0017780425081310725,I,1
0.0,0.588322839439423,948.5,12.549019607843135,-0.0004494958924571302,B,2
0.0,4.307329419751007,949.0,12.549019607843135,0.0006118468622737794,H,2
0.0,0.6953548340977245,951.0,13.72549019607843,-0.0007118644067797275,A,2
0.0,2.001423149127636,950.0,13.72549019607843,-0.005085512966307548,C,2
42.0,3.719118740460907,2675.0,26.274509803921568,1.2956831546465506,E,3
0.0,1.1419791957350778,947.5,13.72549019607843,0.0013630663477391947,B,2
0.0,1.8082120239679598,0.0,0.0,0.00018370643370646533,J,1
0.0,9.539459477130269,0.0,0.0,0.7784634568898109,F,1
43.0,3.5044936992555,2719.5,88.23529411764706,0.5131558663216413,E,3
107.0,3.518084966179035,3584.5,87.84313725490196,-0.15678193507167704,G,3
58.0,0.43550211104621395,2453.5,24.705882352941178,-0.07701782233920706,J,3
2.0,4.828430473645847,951.5,12.549019607843135,-1.4322168296230458,A,2
0.0,9.503398547042675,0.0,0.0,-1.4847084626730953,H,1
49.0,1.6806332416168452,2058.0,88.23529411764706,-0.01258861236802411,A,3
2.0,1.7345551579643586,949.5,12.549019607843135,-0.0948449777022721,C,2
0.0,3.0878726737523423,953.5,12.549019607843135,-0.019421318277528243,H,2
39.0,1.4609646521098973,2423.5,15.68627450980392,-0.16751420483267632,C,3
0.0,4.115092980836799,946.0,12.941176470588236,-1.4355717211531034,A,2
0.0,2.8433254468967872,1679.0,21.176470588235293,-0.0824684542586751,F,3
19.0,1.8308609934339926,1964.0,22.352941176470587,0.2857097205045758,B,3
0.0,1.768017381908645,0.0,0.0,-0.0018414067684141,J,1
0.0,0.9841189103036732,945.0,14.117647058823527,0.0036039432722240194,I,2
0.0,9.118018201579089,0.0,0.0,0.0016112393715856932,I,1
29.0,1.0230975165253373,1842.0,14.509803921568627,-0.04338789682539684,D,3
0.0,9.466097485097773,0.0,0.0,0.6534288747346071,G,1
13.0,2.1611298147859546,2283.0,25.88235294117647,-0.026438275056741567,I,3
50.0,1.1694014688295968,1703.0,24.31372549019608,0.5678916752064621,C,3
11.0,2.5183137043735506,2259.5,27.45098039215686,0.04737341772151882,B,3
52.0,2.0186848165712052,1757.5,15.294117647058822,-0.08371430224819881,D,3
0.0,9.006626512858416,0.0,0.0,0.04403183229813701,B,1
43.0,2.1787893796560396,1831.5,14.509803921568627,0.008129803013523507,J,3
0.0,8.848334593577372,0.0,0.0,0.7061081508692805,E,1
35.0,1.03899629886399,2175.0,19.215686274509803,-0.1636081438392386,G,3
21.0,1.7205953672447531,1080.5,12.941176470588236,-0.2784762721555175,C,2
13.0,1.3041097328168059,937.0,14.509803921568627,-0.051558547299856095,H,2
0.0,7.389365822292266,0.0,0.0,0.0030504861296942742,D,1
43.0,2.091584185648845,2706.5,37.64705882352941,-0.043942295874472515,B,3
36.0,2.3630319432030364,2189.5,15.294117647058822,-0.183021563342318,A,3
0.0,1.024127223657555,1011.5,15.294117647058822,0.016249225744692786,C,2
37.0,0.9207896326255829,2289.5,15.68627450980392,0.004785038472206515,G,3
0.0,8.162340845765529,0.0,0.0,-0.7982430880108267,J,1
0.0,0.7682698133330461,955.5,12.549019607843135,0.0007287672824445313,H,2
0.0,9.476615295760558,0.0,0.0,-0.0018793630447643261,B,1
0.0,1.9776956253509137,949.5,13.333333333333334,0.0,F,2
0.0,9.509709367483774,878.75,16.862745098039216,0.013146853146853196,F,2
0.0,1.602759812810568,948.5,14.117647058823527,-0.0002047502047503036,A,2
8.0,1.207226181598686,1497.5,24.31372549019608,0.038722044728434546,F,2
21.0,2.2755667152258106,2103.5,14.901960784313726,0.06300363657354024,H,3
49.0,3.4888308142791638,2066.0,22.352941176470587,-0.5892789968652035,J,3
0.0,9.064810849203376,0.0,0.0,-0.0017011921047491718,D,1
0.0,9.495593303726935,0.0,0.0,0.00022328548644334756,H,1
51.0,1.6974754529769265,2162.0,88.23529411764706,-0.027856760043699608,F,3
0.0,2.0639080955194054,950.0,12.549019607843135,0.0011247497939478324,B,2
0.0,1.612033879180888,1208.5,15.68627450980392,0.01391831253846576,D,2
0.0,0.6954991994023463,943.5,13.72549019607843,-0.002397514665555822,A,2
0.0,1.0286377767700885,953.5,12.549019607843135,0.0005631371381799033,I,2
45.0,2.122580498316463,1912.0,14.509803921568627,-0.1358056206089,G,3
23.0,1.8981473971436267,1487.0,13.333333333333334,-0.7069276005763913,J,2
1.0,1.6241632868635802,956.5,13.333333333333334,-0.001961784822494872,H,2
41.0,1.8354209617606914,1224.0,14.117647058823527,-0.06760785259308366,H,2
46.0,4.245792630652137,1950.5,21.96078431372549,-0.5365079365079364,C,3
0.0,9.495425061602932,0.0,0.0,-0.0003061420594728803,F,1
13.0,2.9295083594902604,2283.0,25.88235294117647,-0.13527022422861523,A,3
47.0,1.4789723574374187,1582.5,14.117647058823527,-0.13188625200351578,C,3
31.0,0.6885777996107844,3071.5,16.862745098039216,-0.15754060700187655,B,3
0.0,0.6951966231506708,953.0,14.117647058823527,-0.000377519487108513,B,2
43.0,1.933607045219564,1831.5,14.117647058823527,0.11509202515622152,C,3
21.0,1.046628653338024,1854.5,14.117647058823527,-0.19390537958773257,C,3
27.0,0.6572918376841721,2843.5,24.31372549019608,-0.20366854572835696,A,3
59.0,1.9610413790895354,2499.0,87.84313725490196,-0.5581051212938005,D,3
0.0,1.5886530133083947,952.5,13.72549019607843,-0.002291855614003205,A,2
0.0,9.065484296762362,0.0,0.0,-0.002052980132450699,E,1
27.0,0.9490406423783884,949.5,12.15686274509804,-0.1039752716373174,H,2
15.0,1.983704311133807,1254.0,13.72549019607843,0.01218954248366011,F,2
0.0,9.041314668925196,0.0,0.0,-0.008233753416337475,E,1
41.0,0.344053973037929,1711.5,14.117647058823527,0.4813968657779586,G,3
72.0,1.516348198636278,3034.0,21.56862745098039,0.06036130725870459,H,3
36.0,1.9391933624683797,2280.5,15.294117647058822,0.8448591642924974,A,3
17.0,0.5530626957890626,1796.0,18.823529411764707,-0.05218847636437429,E,3
0.0,1.0423117567597424,943.5,12.941176470588236,0.0029356435643564938,E,2
43.0,1.8937202162911537,2706.5,37.64705882352941,-0.3035148956474835,J,3
37.0,0.8231851546451291,2343.5,18.823529411764707,0.2854409503154574,I,3
0.0,0.5001570302108033,954.5,18.431372549019606,0.012861730597680698,I,2
0.0,9.067590736775712,0.0,0.0,0.0024667254197461297,I,1
0.0,1.6212400278682984,0.0,0.0,0.0049307372208793054,I,1
0.0,0.9103024991891929,947.0,12.549019607843135,-0.0038649151614669197,C,2
0.0,1.6446101450368984,946.0,13.72549019607843,-0.0001271186440677946,C,2
38.0,1.8063007526244255,2367.0,87.84313725490196,1.5790897450598171,I,3
0.0,1.694645299899908,1086.5,26.666666666666668,0.10212951392226599,H,2
86.0,1.0550544992748072,2884.0,16.470588235294116,0.030065116574550577,A,3
7.0,1.3337511987417752,1362.0,13.72549019607843,-0.010814926660914548,D,2
28.0,0.1532037606922539,938.5,14.117647058823527,0.0485008367564279,G,2
5.0,1.733599470589142,950.0,12.549019607843135,-0.24530810838135683,F,2
0.0,1.6491018536372823,0.0,0.0,0.0023905723905723875,H,1
4.0,3.7147045420464124,1074.0,13.72549019607843,-0.04663286172211778,G,2
0.0,0.5195586459620385,948.5,12.549019607843135,0.005907590759075987,A,2
2.0,0.878714465725318,1809.0,15.294117647058822,0.026511986884687505,C,3
0.0,0.7398717374498414,949.0,13.72549019607843,-0.006118989968868949,I,2
0.0,9.542670232062003,0.0,0.0,-1.396786709951946,A,1
0.0,9.487557660214822,0.0,14.117647058823527,-0.0017971943515422,J,1
0.0,0.9024054534612533,943.5,12.941176470588236,-0.0030046794367182272,E,2
16.0,0.9567455701789809,1619.5,18.431372549019606,0.992632358562691,F,3
0.0,9.495393689631124,0.0,0.0,0.008956021045431362,B,1
0.0,9.070399054971446,0.0,0.0,7.195240071977693e-05,H,1
23.0,1.2688468421789718,954.0,12.941176470588236,-0.9475518145854833,D,2
36.0,1.4066929186403794,958.5,13.72549019607843,-0.09970046174667624,A,2
0.0,2.2366649950501656,946.5,13.72549019607843,-0.0007595095095094262,E,2
53.0,1.1188111685205002,2230.5,14.901960784313726,-0.05756673294132608,B,3
28.0,1.97716859203586,2438.0,16.07843137254902,-0.10879670434949229,D,3
0.0,9.498941994019404,0.0,0.0,0.0009761388286333439,A,1
0.0,9.495080242993659,0.0,0.0,0.007943844492440677,H,1
0.0,8.050812550442538,0.0,0.0,0.0007157551860101918,C,1
2.0,1.7168397609504582,956.5,14.901960784313726,-0.09421891540392581,H,2
21.0,0.6667627209713344,1312.5,13.72549019607843,0.11336507936507939,F,2
3.0,1.8352478091439106,930.5,14.901960784313726,0.03936708298146585,D,2
30.0,1.3442191955707967,1028.5,13.72549019607843,0.20711814942246262,J,2
0.0,0.6949851746445916,953.5,14.117647058823527,-0.000570115570115548,F,2
32.0,3.322374978482292,3214.0,25.098039215686278,-0.1048332411570918,F,3
0.0,9.495102012478535,0.0,0.0,0.015563177332764355,I,1
26.0,2.2760639756579564,2655.0,24.705882352941178,-0.1690638102463763,B,3
19.0,4.185242723912623,1862.5,87.84313725490196,0.7399142769139684,B,3
27.0,4.461004939084674,2750.5,21.176470588235293,0.17397431889773252,I,3
0.0,9.066100813433424,0.0,0.0,0.0018604651162781316,J,1
0.0,1.0362870149391423,947.5,12.549019607843135,0.0001275188763101287,B,2
0.0,1.0549291719376843,949.0,12.549019607843135,-0.0034976472984125095,E,2
19.0,4.472376418538758,1927.0,24.705882352941178,0.11961790220820201,A,3
26.0,1.6842271024465936,1657.0,17.647058823529413,0.08096196868008954,E,3
0.0,1.9907087190710533,949.5,14.901960784313726,0.0007840307840307759,H,2
3.0,3.876198940662355,1622.5,22.352941176470587,0.5471031746031736,A,3
46.0,4.233845609434908,1950.5,21.96078431372549,-0.6925142405063289,B,3
0.0,2.234838170345355,948.0,13.72549019607843,0.0017067967421864338,I,2
19.0,1.6402463462308243,1951.5,20.0,-0.06366069386199014,F,3
57.0,3.8235578519569597,3563.0,88.23529411764706,-1.070314358538657,I,3
0.0,9.061779437732676,0.0,0.0,-0.005500841750841978,A,1
0.0,9.036900199411088,0.0,0.0,-0.008796182546181974,B,1
0.0,1.7258786786531632,948.0,14.117647058823527,0.0025413678985107824,A,2
11.0,0.8340551760068575,950.5,13.72549019607843,0.005472358151008994,F,2
74.0,0.7533773602754232,953.5,12.941176470588236,-0.1813651265509208,F,2
0.0,0.49698190107036755,973.5,13.333333333333334,0.008297862164618197,C,2
34.0,1.7799335521305284,2114.5,21.176470588235293,0.011406493506493587,E,3
0.0,0.8925916267924057,952.5,12.549019607843135,-0.0018711592573422697,J,2
0.0,2.1853344337459855,931.0,14.117647058823527,0.003791946308724814,B,2
0.0,9.492853969907152,0.0,0.0,-0.0031555945951807773,A,1
0.0,9.492054130305982,0.0,0.0,-0.001892146964575736,A,1
21.0,1.9326328970604754,2108.5,87.84313725490196,-0.011174429019256693,G,3
0.0,2.298066417923178,948.5,13.72549019607843,0.029912988115450068,H,2
27.0,1.041488476458297,2732.5,21.176470588235293,-0.14636314959403407,B,3
3.0,3.7474972850513857,801.5,29.80392156862745,0.38376900724464647,D,2
21.0,2.505515988960111,2167.0,22.745098039215687,0.15212461180124226,J,3
4.0,0.2675153245367876,1097.0,12.941176470588236,0.06824156199773801,J,2
37.0,1.2444730809373368,2291.0,19.215686274509803,-0.03458287190845344,E,3
0.0,9.116355129930295,0.0,0.0,0.00037446108715899484,J,1
0.0,9.466529333672563,0.0,0.0,-1.4040416868247054,C,1
24.0,1.027052494424869,1535.0,13.72549019607843,-0.0265707510054205,G,3
49.0,0.588565618487846,2060.0,14.901960784313726,-0.08687109187109199,B,3
49.0,1.0950892760649589,3068.5,17.254901960784313,-0.0880285720063089,F,3
33.0,1.7595386076463069,1416.0,14.117647058823527,0.13486895890994255,C,2
56.0,0.8684437713670374,2370.5,15.68627450980392,0.04542652988312157,B,3
0.0,9.493093581478737,0.0,0.0,0.004385017145871806,I,1
0.0,2.2276047003650254,947.5,14.117647058823527,-0.0009440766273063339,I,2
0.0,0.5644293095083731,949.5,12.941176470588236,0.002214716703458408,J,2
0.0,9.527459331149844,0.0,0.0,0.7066856853399646,F,1
59.0,2.218995682920612,2499.0,87.84313725490196,-0.5268675595238095,F,3
0.0,9.490532976324628,0.0,0.0,1.3135715997193176,F,1
3.0,0.7677100081003698,1145.0,14.117647058823527,-0.058886014101348305,B,2
0.0,8.292224758314706,0.0,0.0,-0.007773394613911133,G,1
29.0,0.9436224556733552,1385.5,13.72549019607843,-0.4070168811126576,J,2
0.0,0.6433649784378052,0.0,0.0,-0.0021959459459459096,F,1
0.0,9.065452857087568,0.0,0.0,-0.0005242641033023077,A,1
12.0,0.9591945621082758,980.5,14.117647058823527,0.022973173798727264,F,2
6.0,5.206962716159397,1699.0,19.607843137254903,-0.7692247360482654,A,3
31.0,0.9502666940932575,1499.0,14.509803921568627,-0.18981344318543703,H,2
0.0,9.445265165378501,0.0,0.0,0.04370871711363289,I,1
39.0,4.090651112321582,3878.0,26.666666666666668,-0.8242021957621151,C,3
36.0,3.246704516839751,2278.5,18.431372549019606,0.6060297858544206,A,3
45.0,1.8648025267297608,1545.5,17.254901960784313,-0.08925888578274754,E,3
16.0,1.2754043371763915,947.0,12.15686274509804,-0.09478071042107739,J,2
0.0,3.6778050653061465,2089.0,20.0,-0.5253053074584989,A,3
0.0,1.0155630338422081,945.0,12.941176470588236,-0.0027759664648346893,B,2
0.0,2.23205629786323,953.5,13.72549019607843,0.004141828694518734,C,2
35.0,1.0813039020203727,1495.5,18.03921568627451,-0.1531747283008556,G,2
53.0,1.9441464779796724,2259.0,21.176470588235293,0.0471575091575091,G,3
18.0,1.3734100040984196,1097.0,14.509803921568627,0.3040146087094976,D,2
0.0,9.472070260748161,0.0,0.0,-0.0027056277056276556,E,1
38.0,1.8908986014884857,2415.0,30.588235294117645,-0.07467326732673263,D,3
0.0,9.116777896820683,0.0,0.0,0.0007739597489164751,C,1
40.0,0.9349888935219312,2512.0,22.352941176470587,-0.2558285895003162,J,3
38.0,1.4400264707460106,2400.0,20.392156862745097,0.15410211336380342,H,3
24.0,1.6732754734044124,2471.0,22.745098039215687,0.0775685122177544,A,3
0.0,9.492848562365154,0.0,0.0,0.0009669904743939695,I,1
0.0,9.116913761004378,0.0,0.0,-0.0007568902585624038,E,1
46.0,1.4620966353436506,2856.0,21.96078431372549,0.22592053140340085,A,3
79.0,1.4767094180748919,2666.0,19.607843137254903,0.5860996083380914,C,3
25.0,2.4630044710285426,1589.0,14.509803921568627,-0.5027523738024353,D,3
0.0,0.8567900279108281,951.0,12.549019607843135,0.011955737361023622,J,2
44.0,4.479764585685733,2753.0,27.058823529411764,-0.8731136632492114,A,3
0.0,9.525786708395582,0.0,0.0,0.7623897751850309,C,1
33.0,1.0584480582704727,2049.0,19.215686274509803,0.15121200291751846,D,3
0.0,9.486250837951783,918.75,29.80392156862745,0.001959282860441891,F,2
50.0,0.8533020553957095,2122.5,18.03921568627451,-0.02496410586092357,C,3
1.0,4.566477589838597,946.5,12.549019607843135,0.025689588791541595,A,2
0.0,0.821701913084784,1194.5,13.72549019607843,-0.6557093572527997,E,2
0.0,9.487079770771587,0.0,0.0,0.0017759197324414,A,1
0.0,1.214496188533448,955.5,13.72549019607843,0.0024512230472495955,G,2
39.0,1.973650069938632,2449.5,15.294117647058822,-0.08154266855256931,G,3
40.0,1.8934348696886405,2486.0,88.23529411764706,-0.2017252396166135,G,3
40.0,2.035432005543498,1536.5,13.72549019607843,0.08374949997777703,C,3
51.0,2.931426352044031,3157.5,88.23529411764706,1.4034816379977382,B,3
0.0,4.745310804863667,948.0,12.549019607843135,-0.004083392393101626,J,2
28.0,4.726491724910975,1036.5,12.941176470588236,-1.3229542857142853,H,2
37.0,2.6327681705507042,2314.0,15.294117647058822,0.055045761440359886,F,3
21.0,2.801995253484326,1361.5,17.647058823529413,-2.2319047619047616,E,2
84.0,1.7878261955256691,2834.0,19.607843137254903,-0.05344026898734189,F,3
45.0,0.5929020919384582,2780.5,17.647058823529413,0.13410284810126577,D,3
30.0,1.176318274769691,950.5,12.15686274509804,-0.04382497562190091,F,2
33.0,5.188370780542681,2091.5,27.45098039215686,0.01065756550437591,E,3
22.0,3.815529636826974,2190.0,23.92156862745098,-0.5079222646288657,J,3
0.0,2.1238018787948962,1162.0,16.07843137254902,0.007297408794933624,J,2
0.0,1.0632237091252914,949.5,13.333333333333334,0.0763959731543623,B,2
0.0,9.492397144560053,0.0,14.117647058823527,0.0010734907219855025,B,1
8.0,0.9976012588734041,951.0,14.117647058823527,0.09475720536223009,G,2
14.0,3.5044376678640337,2335.5,15.294117647058822,1.0859748427672955,I,3
0.0,1.0685359823177751,955.0,13.72549019607843,0.11882570132013198,G,2
33.0,0.56512333724419,2028.0,24.705882352941178,0.5080182533341528,E,3
0.0,1.979988434213052,956.0,14.117647058823527,0.00256304799783047,A,2
0.0,9.447322795995063,0.0,0.0,2.0223856548856545,C,1
0.0,9.528337997776497,0.0,0.0,0.007495867164069914,C,1
17.0,6.187124518512435,1746.5,14.117647058823527,-1.6734997460838317,C,3
49.0,1.8932731373437783,3065.0,17.254901960784313,-1.6232303396928804,G,3
30.0,4.47867629609464,1918.5,21.56862745098039,-0.24878242424242458,C,3
0.0,1.0235909662727856,951.0,13.333333333333334,-0.00011200629786300986,F,2
0.0,1.6170403586650195,973.0,13.333333333333334,0.005646365227730654,D,2
26.0,0.5124943217302123,2602.0,16.07843137254902,-0.20827280495620598,H,3
23.0,2.895863527611843,2350.0,14.901960784313726,1.4466962310327944,H,3
37.0,2.2628138700770344,3724.5,43.13725490196078,0.30084109096847933,F,3
42.0,1.577516988873421,2621.0,29.41176470588235,-0.09675051041241323,C,3
0.0,1.9188410400005562,956.0,19.607843137254903,-0.06276069734108164,I,2
33.0,5.326394303470336,3046.5,17.647058823529413,-0.06302824863453793,H,3
44.0,0.4584042945623431,1856.5,14.509803921568627,0.10435912336045167,E,3
54.0,0.9582916208628225,1813.5,14.509803921568627,-0.11639537705514771,F,3
0.0,0.5590829374672386,948.0,12.941176470588236,0.0024707801166824472,C,2
21.0,1.8204393994094121,1080.5,12.941176470588236,-0.1563322884012538,G,2
20.0,1.8006032309385298,989.5,14.509803921568627,-0.9567718898385564,G,2
0.0,9.111866308557461,0.0,0.0,0.00453672364190183,A,1
25.0,3.9684058600915066,2547.5,28.235294117647054,-4.464806047111216,F,3
0.0,5.226947885162575,945.0,12.549019607843135,-1.394786587898647,D,2
47.0,1.1721526441908883,2917.0,16.470588235294116,0.7067719722352368,D,3
44.0,1.4168379826714927,2775.0,16.07843137254902,-0.14675000000000005,A,3
23.0,0.3763039467159906,939.5,13.72549019607843,0.3867163561076604,G,2
0.0,1.087082990421107,947.0,13.72549019607843,0.010042143287176342,J,2
15.0,3.4489193433017484,1149.0,13.333333333333334,-0.19852174416249602,G,2
36.0,4.615569391088974,2279.5,24.31372549019608,0.8490358744394619,E,3
42.0,2.796709594445599,4147.0,19.215686274509803,-0.3594146825396831,I,3
0.0,1.3564786927480574,949.5,12.549019607843135,-0.0007177236165933909,C,2
0.0,2.011137324551227,945.5,13.72549019607843,-0.0005369005369005309,H,2
0.0,1.5525516104767676,946.5,13.72549019607843,0.0040214055448098,C,2
0.0,9.11470683573091,0.0,0.0,0.0015540690697370962,H,1
0.0,1.9273490146141274,0.0,0.0,-0.0284029331344767,G,1
26.0,1.8712348226459663,2647.5,16.862745098039216,-0.0627024121266313,C,3
0.0,9.069224901216792,0.0,0.0,-0.002196405744792518,A,1
50.0,0.6647159807906959,2122.5,18.03921568627451,0.2727236495697146,J,3
41.0,1.8453232086449607,2563.5,15.68627450980392,2.1712294707160007,G,3
21.0,2.0358988097284327,2081.0,19.215686274509803,0.12086656441717791,E,3
42.0,1.7330592306347226,2631.0,26.274509803921568,0.16345870743347074,I,3
37.0,1.4496428342774257,2291.0,19.215686274509803,-0.006265081307920806,D,3
0.0,1.60421595021314,952.0,13.333333333333334,-0.0026698258661345953,I,2
4.0,1.0205657307531022,950.5,13.72549019607843,0.023326197484613342,D,2
0.0,0.6072007897293891,956.0,12.549019607843135,-0.0006060606060604989,B,2
0.0,9.536313113039096,0.0,0.0,2.3351084946762164,I,1
0.0,0.7333115026157528,949.0,13.72549019607843,0.00016915491028623997,D,2
0.0,1.7811075951385507,950.0,12.549019607843135,2.862585887081192,G,2
11.0,2.539710706044151,955.0,14.509803921568627,-0.7571043613707163,C,2
12.0,1.0169508981982653,1022.5,13.72549019607843,-0.26051737055877605,H,2
49.0,0.6181966409647315,2078.0,19.215686274509803,-1.0647335114033287,D,3
27.0,1.3355617559349595,1691.0,9.803921568627452,-0.1108890197232853,J,3
11.0,3.8749497752496658,1051.0,13.72549019607843,0.6730209019866309,H,2
20.0,2.177896353116297,945.0,12.15686274509804,0.3986063598424734,E,2
0.0,9.069125257209157,0.0,0.0,-0.0017335736183610173,A,1
0.0,0.9719835446709532,951.5,14.117647058823527,0.0042477297895904265,J,2
8.0,0.7686573865771709,1417.0,18.823529411764707,-0.5090322580645162,D,2
40.0,0.886306471949307,2512.5,18.03921568627451,0.4199203191357771,H,3
49.0,1.714118004541474,2058.0,88.23529411764706,-0.39437054825186213,I,3
37.0,0.4337591249877873,1571.5,13.72549019607843,0.060497578876511915,J,3
19.0,4.280509262554641,1927.0,24.705882352941178,0.7271644321766562,B,3
23.0,0.7243761125017714,2378.5,15.294117647058822,-0.1519906526594424,E,3
48.0,1.578864523027974,2975.5,24.31372549019608,0.18324303343949044,F,3
0.0,0.5796929685622215,948.0,12.549019607843135,0.0014759847640282153,H,2
0.0,9.506259367889491,0.0,0.0,0.7747655677655677,I,1
0.0,9.46153402911955,0.0,0.0,0.027327410566216515,D,1
35.0,0.7889574241769289,2180.0,14.901960784313726,-0.0773224465303674,C,3
0.0,1.211903056658368,950.0,13.333333333333334,0.0023211985628093235,A,2
0.0,2.2400632113977506,947.5,14.117647058823527,-0.0013848631239936626,B,2
0.0,9.064536070546383,0.0,0.0,-0.00017933950572324164,H,1
52.0,0.297376935718806,2191.5,16.470588235294116,0.049720721505751186,I,3
0.0,0.9076736794795606,946.5,12.549019607843135,-6.365584912160216e-05,D,2
0.0,9.472508238482398,0.0,0.0,0.006453418747926043,B,1
0.0,8.432334113973404,0.0,0.0,-0.1944106151196765,J,1
14.0,6.042158483881843,947.0,12.549019607843135,-0.14413876537720505,G,2
44.0,3.8508434624854297,2736.5,25.098039215686278,0.9936411089032133,A,3
0.0,9.071947095031307,0.0,0.0,0.0006187599735985039,A,1
3.0,2.0999545378000186,1691.5,19.215686274509803,-1.264358521388952,H,3
0.0,1.0279410544346765,953.5,12.941176470588236,0.000271507513617375,I,2
0.0,1.5337743909250654,951.5,13.72549019607843,0.001702793397424296,G,2
27.0,3.255587338987012,2797.5,19.607843137254903,-0.18395333611094578,H,3
43.0,1.960912332022518,1831.5,14.509803921568627,0.1526093724126516,G,3
0.0,1.6464786020434348,948.5,14.117647058823527,-0.001572209965067184,A,2
0.0,9.469712456769992,0.0,0.0,0.6073009324460873,J,1
0.0,9.495797670999659,0.0,0.0,0.0010309619431858597,A,1
0.0,9.492183182161394,0.0,0.0,-1.3369489580749194,B,1
0.0,0.5896615918051777,947.5,12.549019607843135,9.287105570709997e-05,B,2
33.0,5.530325838822595,3046.5,17.647058823529413,-0.10470522004154326,G,3
29.0,2.1058323360926936,1793.0,21.176470588235293,0.956748379683295,E,3
0.0,9.496624409333142,0.0,0.0,0.00039758487126895226,H,1
0.0,8.815551539412853,0.0,0.0,-0.013289535121851381,B,1
0.0,1.0383314531488301,950.0,12.549019607843135,-0.005714066181743638,C,2
38.0,0.7093293684422841,1606.0,16.07843137254902,0.1321677300252569,B,3
0.0,9.067312159937009,0.0,0.0,-0.0014710680690059874,D,1
0.0,1.044020727714074,952.5,12.549019607843135,-0.0008860302018011135,J,2
0.0,0.51956580416968,942.0,12.549019607843135,0.0019531125526345283,A,2
1.0,1.9479343710259809,1138.5,14.901960784313726,-0.4113676027893153,G,2
0.0,2.2370851359816823,951.5,13.72549019607843,0.0006460447158120886,B,2
4.0,2.5165011732098406,1768.5,22.352941176470587,0.1884336084021006,F,3
0.0,3.140223579291328,1260.5,15.294117647058822,-0.0534434176639903,B,2
0.0,4.835597366745539,952.0,12.549019607843135,-1.5488725590256514,G,2
45.0,0.9016925494630955,2842.5,16.470588235294116,0.025498456297242567,H,3
3.0,5.344989540186113,1149.5,12.941176470588236,0.2639148936170219,D,2
0.0,2.235379151950878,944.0,13.72549019607843,0.0028504370707340687,G,2
27.0,4.229301545214951,947.5,12.941176470588236,1.3606189283228947,D,2
5.0,0.4183805338000307,993.5,13.333333333333334,-0.8278642860806049,D,2
0.0,1.011389201470576,951.0,15.294117647058822,0.0035374443484616908,F,2
53.0,1.0122018062820712,2266.5,20.7843137254902,0.13773876255949247,A,3
0.0,1.614162442458171,951.0,13.333333333333334,-0.003630462702627693,C,2
30.0,4.259280202189794,1842.5,23.92156862745098,-0.3192054535502815,C,3
0.0,9.464853298148642,0.0,0.0,0.015276762474386696,B,1
0.0,1.6092039967065628,956.5,14.117647058823527,0.0002711864406778064,I,2
0.0,5.588717470127768,957.5,12.549019607843135,0.029448826985496446,F,2
0.0,9.070492960581698,0.0,0.0,0.0027880981285930417,I,1
45.0,3.7086934486019634,2825.5,32.549019607843135,-0.030558782154340713,I,3
33.0,0.9502539787890213,962.0,12.941176470588236,0.13465901272789826,A,2
0.0,2.6378069089470686,1510.5,22.745098039215687,-0.0640019417475729,H,3
0.0,1.7241121512692532,949.0,14.117647058823527,6.734006733999376e-05,H,2
0.0,1.547885907051938,1504.5,17.254901960784313,0.20700487012987023,G,3
0.0,2.2343718317058636,947.0,13.72549019607843,-0.007715436241610751,A,2
40.0,4.490317009307453,3597.0,18.03921568627451,1.5459874608150468,I,3
0.0,1.103066817256496,948.5,13.72549019607843,0.004189122867089001,E,2
0.0,1.5026416676889633,0.0,0.0,0.0026973684210526983,I,1
18.0,3.4612486594000074,1894.0,88.23529411764706,0.6123851435138977,C,3
25.0,2.020110534778599,1583.0,20.0,0.1252627941220662,G,3
0.0,9.064015674270138,0.0,0.0,-0.000968435537971768,H,1
0.0,9.115515833472365,0.0,0.0,1.0473984872611464,E,1
0.0,2.007378541780299,957.0,13.72549019607843,0.002728378378378471,D,2
0.0,0.8531133030972768,946.5,12.15686274509804,0.0032187410618028656,H,2
0.0,2.390071768156889,1205.5,14.117647058823527,-0.08127866177070597,A,2
0.0,9.468398974469707,0.0,0.0,0.7144535184429017,J,1
13.0,1.43733693060541,976.5,14.117647058823527,-0.29136602896512676,E,2
0.0,9.521989840000929,0.0,0.0,-0.0016389253333852771,I,1
19.0,1.78086526575135,1951.5,20.0,-0.004025845036578213,G,3
31.0,2.036119949083036,3177.5,19.215686274509803,0.07827935059977098,B,3
0.0,9.068806438824991,0.0,0.0,-0.000476216875484603,D,1
0.0,9.46413471575239,0.0,0.0,0.002415832406377494,C,1
0.0,0.8783242546116203,953.5,12.941176470588236,-0.002553864738172762,A,2
84.0,2.389541683813946,2810.0,36.07843137254902,-0.10029979035639408,G,3
0.0,0.8581889371028345,947.5,12.549019607843135,-1.0952288108102062,E,2
0.0,9.491243443582556,0.0,0.0,0.0038710192428697,A,1
0.0,0.7745822899357163,951.0,13.333333333333334,0.0007964601769910873,E,2
54.0,1.7328138863428175,2326.5,23.52941176470588,0.0816979166666667,A,3
0.0,9.464473447407277,0.0,0.0,0.6922279212468002,D,1
0.0,9.019298495191682,0.0,0.0,-0.01600553558180673,F,1
26.0,0.7363719793123306,1645.0,17.254901960784313,0.028354430379746796,H,3
0.0,9.51063844873049,0.0,0.0,0.703434072772531,H,1
0.0,9.47249098295431,0.0,0.0,-0.7723025357038765,C,1
0.0,1.7435198357539856,1267.5,15.68627450980392,-0.11748682328506771,E,2
47.0,1.6038161663376458,2928.0,24.31372549019608,0.07885979944148247,I,3
0.0,1.6041070965773903,1159.5,13.333333333333334,0.011330727470141189,D,2
46.0,2.596325543111733,1950.5,21.96078431372549,0.06645461783439499,F,3
1.0,0.4056851720627175,956.5,13.333333333333334,0.08089583540293832,D,2
0.0,2.0095509669494813,948.5,13.72549019607843,-0.00023831190990780682,C,2
0.0,9.484158517644653,0.0,0.0,-2.0632208133971295,H,1
2.0,1.2524106967634738,949.5,12.549019607843135,0.01977331066439969,A,2
0.0,0.5403740192372188,955.0,12.941176470588236,-0.00028561703782936654,B,2
0.0,2.0118150194557898,944.5,14.509803921568627,0.002737345785771783,D,2
0.0,9.443586062990278,0.0,0.0,-1.571477298396205,J,1
6.0,1.6618684659602714,960.0,23.52941176470588,0.0908171828171829,D,2
0.0,1.6497401280548596,947.5,12.941176470588236,0.0415483870967742,A,2
41.0,0.956789797391422,1761.0,16.470588235294116,-0.20998955067920588,I,3
17.0,1.5429500995865462,951.0,14.509803921568627,-0.03437601682472921,E,2
0.0,3.9428837034109705,951.0,12.549019607843135,0.016730705940430912,E,2
8.0,1.0368104009576184,958.0,13.333333333333334,0.0090213511147033,B,2
9.0,1.8358120391349482,990.5,17.254901960784313,0.023589189537846278,C,2
38.0,1.7971344131062585,2402.5,25.49019607843137,0.01849154135338338,I,3
44.0,4.722055406032618,2736.5,25.098039215686278,-1.8029006833712984,E,3
29.0,0.6773123703846815,1822.5,14.509803921568627,-1.3426048921095335,C,3
0.0,1.7818322888223437,951.5,14.117647058823527,-0.0001270639239921989,I,2
50.0,0.754740858869601,3127.5,17.647058823529413,-0.11091857125015611,B,3
0.0,9.495794923899432,0.0,14.117647058823527,0.0002180429033206005,J,1
16.0,0.9855243471526467,1674.5,16.470588235294116,0.015300515938252823,I,3
18.0,2.9116167289948205,1872.0,14.509803921568627,-2.79048695482866,C,3
42.0,1.688373790815121,1804.0,15.294117647058822,0.0490226694800627,H,3
33.0,0.8083819587072216,1083.5,13.72549019607843,0.10480345911949679,H,2
6.0,1.0887806611045001,947.0,12.941176470588236,0.0074635490753912626,E,2
42.0,2.8229194243748106,4169.0,87.84313725490196,0.16911124558549262,D,3
20.0,2.376215066964212,2033.0,27.058823529411764,-2.5199070429025054,J,3
0.0,9.45404998032766,0.0,0.0,-0.09360940530058182,G,1
122.0,4.021488818850676,4086.0,87.84313725490196,-1.0679069579940337,B,3
32.0,4.83504020277764,3221.0,29.80392156862745,0.555026287262872,C,3
0.0,9.493281493490556,0.0,0.0,0.002470666413518119,G,1
26.0,1.6944196054197709,2632.5,27.058823529411764,-0.24703057386662342,C,3
0.0,2.070785187103843,946.0,13.72549019607843,0.004376073661787938,I,2
20.0,0.6117601497804906,954.5,12.15686274509804,0.5370393165309802,C,2
0.0,1.0757424154200368,949.5,12.549019607843135,-0.5921123593496445,C,2
0.0,2.262019507453478,952.0,14.117647058823527,-0.005274578269544694,I,2
89.0,3.3187273696419095,2988.0,16.862745098039216,0.22892445376118686,H,3
28.0,0.7090635388195561,938.5,14.117647058823527,-0.12200481752854739,D,2
38.0,0.9146886910106921,2361.0,15.68627450980392,-0.018137279387279326,I,3
0.0,9.06904391666478,0.0,0.0,-0.0026435588764357476,G,1
37.0,3.1028826321715113,3732.0,42.35294117647059,0.3780597283980289,I,3
0.0,9.00651855559048,0.0,0.0,4.278625145744267,H,1
0.0,9.067132920129842,0.0,0.0,0.005347258531144483,G,1
33.0,1.0105084334012602,962.0,12.941176470588236,-0.12734507640067916,I,2
0.0,0.9885012958189174,945.5,14.117647058823527,0.0004078426740687924,G,2
0.0,9.540106681958251,0.0,0.0,0.7093543958071897,F,1
0.0,7.5536956933634425,0.0,0.0,-0.00462623655404748,A,1
0.0,9.497473400086454,0.0,0.0,0.0030572007922287092,F,1
0.0,1.0171226481475637,950.0,13.72549019607843,-0.0002994321115125098,G,2
0.0,1.4951532249628585,0.0,0.0,-0.0051515151515152124,G,1
22.0,1.687032378565492,1405.5,14.117647058823527,-0.19153518263492697,F,2
35.0,4.391234590517574,3218.0,17.254901960784313,0.33303481898282294,I,3
0.0,9.491742704824011,0.0,0.0,0.008440625568285065,D,1
0.0,2.0106245334941533,951.5,13.72549019607843,0.0016651819286168656,F,2
0.0,9.067890244416184,0.0,0.0,0.0022871572871574486,I,1
34.0,2.469975786799998,2144.0,39.21568627450981,-0.336865401540698,I,3
0.0,3.079148990300687,953.5,12.549019607843135,0.008358862144420165,D,2
27.0,1.9667641002588507,2772.0,23.137254901960784,-0.6175765718402555,C,3
33.0,1.2447172866594016,3400.0,27.058823529411764,-0.3075335533553356,C,3
0.0,1.608181987719801,921.0,9.803921568627452,-0.07636267436267441,A,2
0.0,8.00987309776471,842.75,16.862745098039216,-0.006355236401257805,G,2
0.0,0.5210992869507837,973.0,12.941176470588236,-0.003997092316519346,B,2
16.0,5.470693483395906,1652.5,17.647058823529413,-0.8324069300262433,F,3
10.0,4.0077901305916885,942.0,13.72549019607843,-1.0071342421904026,I,2
0.0,9.455199700731619,0.0,0.0,0.036851481017939114,B,1
0.0,9.529188284916925,0.0,0.0,0.7012772349557117,F,1
21.0,2.8042817866200127,949.0,12.549019607843135,0.5555126270489512,G,2
0.0,1.2146143813469739,945.5,13.72549019607843,6.665525309590414e-05,I,2
33.0,1.76659208017227,2086.5,19.215686274509803,-0.2835193610352845,H,3
36.0,3.329380870340034,2281.0,15.294117647058822,1.5566548317985665,B,3
25.0,0.9967238751327712,2514.5,21.56862745098039,-0.07201744650193742,H,3
32.0,1.6113512033161235,1415.5,14.901960784313726,0.5943946002076845,F,2
0.0,0.9020773887547262,947.0,12.941176470588236,0.003992885540908153,E,2
2.0,1.1492361828962192,1030.0,19.607843137254903,0.010918680475642484,D,2
18.0,3.5510875514202076,1841.0,87.84313725490196,0.1890707547169812,F,3
0.0,2.8757959960535078,954.5,12.549019607843135,0.011676357044231533,G,2
0.0,1.6202549579585497,956.0,14.117647058823527,0.0017486804986805993,G,2
21.0,1.2170821006663786,1854.5,14.117647058823527,0.1264443817995783,A,3
0.0,1.0558738089074098,943.5,13.72549019607843,-0.0031244843809227207,F,2
38.0,1.8024569254905591,2384.0,29.01960784313725,-0.020021539286008694,I,3
0.0,1.6830033813096064,953.0,14.117647058823527,-0.004892235455794813,J,2
0.0,0.48094238705712955,953.0,12.549019607843135,0.0014499158249158817,J,2
0.0,2.00952616463793,958.0,13.72549019607843,0.004107744107744116,G,2
21.0,3.7052748168742373,952.0,12.549019607843135,0.8051028210596902,E,2
0.0,2.0606079056623994,943.5,14.117647058823527,-0.0031863681863681936,B,2
12.0,1.2677308475561817,988.5,19.607843137254903,-0.10690157484359442,G,2
0.0,2.2366864809038383,954.0,13.72549019607843,-0.004338526508018026,A,2
14.0,0.7304637842522936,1310.0,13.72549019607843,0.7041396501371723,J,2
20.0,0.7309793459392343,1243.5,12.941176470588236,0.15717105263157888,B,2
25.0,1.6989338188214165,2554.0,16.470588235294116,-0.2749785979068957,B,3
0.0,1.031345625002541,951.5,12.549019607843135,0.0013216875411997675,G,2
0.0,1.581529085389796,944.5,14.117647058823527,0.007675117961623207,E,2
0.0,2.037645216159481,952.5,12.549019607843135,0.00013359426577386202,E,2
37.0,1.1045454764799068,2346.0,17.647058823529413,-0.20375514209943835,J,3
0.0,0.8996064778390719,948.5,12.549019607843135,-0.0020293398533006712,E,2
124.0,4.4333291543631175,5225.5,88.23529411764706,-0.5241905501154367,J,3
23.0,2.5649971668819385,2343.0,15.68627450980392,-0.005550348004606853,F,3
0.0,3.0789280181596776,954.0,12.549019607843135,0.03083003453696298,C,2
0.0,9.47312772653349,0.0,14.117647058823527,-0.0007185981779941966,J,1
16.0,2.6356388510534705,1607.5,14.509803921568627,-0.05301434886227652,J,3
0.0,1.6036136914909769,1195.5,16.07843137254902,0.0015595133635307734,F,2
15.0,4.482325392188039,1483.5,87.84313725490196,3.529829432917332,B,2
10.0,0.9173914440560851,1365.5,26.666666666666668,0.024090739821251178,J,2
49.0,1.7784596452949544,1643.5,14.509803921568627,-0.27290247488360697,A,3
1.0,4.809788153551271,945.5,12.549019607843135,0.033680380256727815,E,2
0.0,9.068335316900143,0.0,0.0,-0.002266225473122052,A,1
0.0,0.9611211183298949,954.0,13.72549019607843,0.0028786269547139143,J,2
0.0,8.097560764852993,0.0,0.0,0.0019129331570058028,I,1
29.0,1.6815260033622121,2936.0,23.52941176470588,0.9772532835998572,A,3
0.0,4.838756268469006,0.0,0.0,0.8412608811040334,D,1
0.0,4.592132304370318,945.0,12.549019607843135,-0.7289177489177492,C,2
101.0,3.9678497479821986,3405.0,87.84313725490196,0.116005690326445,F,3
0.0,9.069704878640671,0.0,0.0,0.0025396583282488727,A,1
16.0,2.419602598109186,1686.0,87.84313725490196,-0.058479839035832704,D,3
0.0,1.9947754496294676,944.5,13.72549019607843,0.0019986577181208,I,2
0.0,9.493924342613438,0.0,0.0,0.001557927313866947,G,1
0.0,1.6231963169197956,954.5,13.72549019607843,-0.008780202434959306,H,2
0.0,1.6248063771844783,953.0,14.117647058823527,-0.006819556105270519,H,2
51.0,2.072944799173789,2165.0,15.68627450980392,0.3718523885570082,J,3
0.0,9.508199980797917,0.0,0.0,1.5527487015127233,H,1
31.0,5.028651277893641,1980.0,19.215686274509803,-0.028842984934087212,H,3
0.0,0.45697585275373137,949.0,12.549019607843135,0.0005855218855219113,A,2
25.0,1.110736800063085,1488.5,9.803921568627452,-0.011296167174865479,F,2
0.0,3.116943001244601,950.5,12.941176470588236,-0.008334692213616268,G,2
32.0,1.2152607359367984,1046.5,14.117647058823527,-0.034068358550846986,E,2
0.0,9.481385536970796,1650.0,17.647058823529413,-0.0268880471909135,C,3
0.0,1.7333204100513724,1096.5,52.15686274509804,0.22523681878599888,A,2
2.0,2.0606944312379403,1442.5,17.254901960784313,0.22682153224788593,F,2
0.0,0.6965888990646256,0.0,0.0,0.073331452809294,J,1
0.0,9.48929618550993,0.0,14.117647058823527,-0.0011457721150004013,B,1
0.0,0.5217608955247274,956.0,12.941176470588236,-0.005688293650793708,C,2
4.0,0.48371325556723016,1192.5,13.72549019607843,0.19323861278148313,C,2
26.0,1.7216486887776317,2647.5,16.862745098039216,-0.0939751123033361,I,3
27.0,4.241258815839211,2791.5,24.705882352941178,0.24462721917044794,I,3
0.0,1.0628539077851673,956.5,12.549019607843135,0.001299918310187942,A,2
0.0,9.492069770491579,0.0,0.0,-0.0009033227583903347,A,1
0.0,1.6444752788093828,952.0,14.117647058823527,-2.953020134227602e-05,D,2
31.0,2.3578779885107366,1947.5,16.862745098039216,-0.636352803500559,H,3
0.0,9.461809556344871,0.0,0.0,0.03223033707865164,D,1
0.0,9.498299023188322,0.0,14.117647058823527,7.142857142859727e-05,I,1
0.0,2.946429197413488,948.0,13.333333333333334,-0.002852973486259458,E,2
0.0,9.466845080982164,0.0,0.0,-0.0029149847373457494,G,1
21.0,4.594308265315264,2167.0,27.058823529411764,0.027085659795488937,J,3
0.0,0.5183610194735169,945.0,12.549019607843135,-0.000973950631327547,G,2
27.0,1.4482276848738243,1685.5,27.45098039215686,0.3246368619876729,C,3
43.0,4.396878894644191,2719.5,88.23529411764706,0.8519926133999167,D,3
36.0,1.320183542619116,2274.0,20.392156862745097,0.1250411202008398,A,3
0.0,1.709091975537211,951.5,13.72549019607843,0.05271089831281339,F,2
2.0,1.2420320700742526,1169.5,12.15686274509804,-0.697904486677116,B,2
0.0,2.035128986858557,951.5,13.72549019607843,-0.0017211343997056705,A,2
41.0,1.339609310768777,2554.0,26.274509803921568,0.1403361407569328,H,3
0.0,9.066620562902571,0.0,0.0,-0.00019641046659568673,C,1
18.0,0.3326136801209541,1174.5,14.509803921568627,0.1376485578355717,E,2
0.0,1.603318681135272,1207.5,16.07843137254902,0.010829781283213102,E,2
12.0,3.280814732309795,2257.0,22.745098039215687,0.5292839173405209,G,3
0.0,2.009704939293748,949.0,13.72549019607843,0.0031890657992353355,D,2
15.0,1.6692930756164517,1569.0,19.607843137254903,0.07901323357091411,C,3
0.0,1.7191754368862822,948.0,13.72549019607843,0.00047820547820554005,H,2
0.0,4.643993400708247,949.5,13.333333333333334,0.028845744898377212,H,2
0.0,9.496278316312882,0.0,0.0,-0.00479097799287731,H,1
0.0,9.451545715506523,0.0,0.0,0.6963267896731746,B,1
0.0,9.065914448398187,0.0,0.0,1.9705090006816306e-05,D,1
37.0,3.583525967760385,1552.5,13.72549019607843,0.16738595094118347,J,3
11.0,0.7793249547599058,950.0,12.941176470588236,-0.02291284428989343,G,2
0.0,1.2426413490927426,958.0,13.333333333333334,0.002640148443068091,B,2
0.0,3.410262347610059,948.5,12.549019607843135,1.4293803059685408,G,2
0.0,1.6332456260252894,948.0,13.72549019607843,0.0025036634338959085,E,2
45.0,1.7375150207101018,1904.0,14.509803921568627,0.13216795034618367,E,3
0.0,1.427408562992612,955.0,13.72549019607843,0.004236945728471164,J,2
0.0,3.018004101980998,945.0,12.549019607843135,-0.010717296481147276,J,2
85.0,1.0017353699235492,2848.0,16.470588235294116,-1.1570031545741324,B,3
15.0,1.9565678934778714,2161.0,23.137254901960784,-0.027072480689778966,F,3
3.0,0.7134889977021366,930.5,14.901960784313726,0.011419209039547962,H,2
0.0,8.029849559737713,1347.5,18.431372549019606,0.0195741881436948,I,2
0.0,9.496429142453769,0.0,0.0,0.013930302566457442,A,1
50.0,0.8227883252557713,2122.5,18.03921568627451,0.04489508083935323,I,3
0.0,1.1314460643276862,950.0,13.72549019607843,-0.0064494481236203605,J,2
0.0,1.6267362110719843,951.0,13.72549019607843,0.001099670133321462,E,2
13.0,4.003233256740916,1253.0,9.803921568627452,-0.033394403970447795,H,2
23.0,3.4609886691486165,2240.0,15.294117647058822,0.6199179216742987,E,3
0.0,1.5435262444808757,0.0,0.0,-0.015523304403728677,C,1
0.0,1.6472284998909903,0.0,0.0,-0.005319063545150493,J,1
21.0,0.9109394009772792,948.5,12.941176470588236,0.05644418872266965,E,2
22.0,1.7930964829669713,2193.5,24.31372549019608,0.05544858523119389,B,3
122.0,3.5414482048510183,4086.0,87.84313725490196,0.4174639200193502,F,3
0.0,0.5955562707798268,939.5,12.941176470588236,0.0012655943618744558,C,2
0.0,2.2557474042645342,946.0,14.117647058823527,0.013852797765841252,A,2
0.0,1.4503092670228976,955.5,13.72549019607843,0.002407889330228799,F,2
0.0,9.49831228056006,0.0,0.0,0.03313464729818816,H,1
13.0,3.4677941700947668,1307.5,15.68627450980392,0.7400196065954527,A,2
0.0,9.527756727366341,0.0,0.0,0.002172225318510357,B,1
43.0,3.9408256713513756,2659.0,25.88235294117647,-0.016637865161934995,G,3
0.0,9.441901612756755,0.0,0.0,0.710236559139785,E,1
0.0,2.060224256570132,941.5,13.72549019607843,0.004804691884611079,A,2
21.0,4.212331151630549,1351.0,59.2156862745098,1.8815548589341693,G,2
35.0,4.447848480403575,2306.5,81.96078431372548,-0.044593985578498696,F,3
23.0,4.006835565430039,2240.0,15.294117647058822,-0.5485225320938469,F,3
0.0,2.008016204499299,948.5,13.72549019607843,-0.002067910745876811,D,2
12.0,1.7840015838471224,1178.0,13.72549019607843,0.10415772561407333,A,2
0.0,9.46909735407719,0.0,0.0,-0.6857700421940927,J,1
35.0,0.883786825101066,1378.5,14.117647058823527,-0.02271771871539313,B,2
0.0,9.497767207451044,0.0,0.0,-0.000433755956432913,J,1
0.0,1.0121950922520144,951.0,15.294117647058822,-0.013399430547081592,F,2
0.0,1.6576568725173149,0.0,0.0,-0.010774960667195802,I,1
0.0,1.023808770340099,950.5,13.72549019607843,0.005838926174496661,H,2
22.0,1.4352373880678515,1405.5,14.117647058823527,0.01311390001876478,F,2
0.0,8.809847821383695,0.0,0.0,-0.013070375762894493,I,1
30.0,1.65405308701557,3026.0,23.52941176470588,-0.10332118140755364,C,3
0.0,8.761404920758558,0.0,0.0,-0.007857182814947405,E,1
19.0,4.038481788135405,1943.5,21.176470588235293,-0.36783692049674555,G,3
50.0,4.490608583234314,2142.0,19.215686274509803,0.62445872767469,A,3
36.0,1.5564842141318715,2309.5,15.294117647058822,-0.47862305457563803,A,3
29.0,1.4231484658642226,2943.0,12.549019607843135,0.1094972710430124,C,3
0.0,1.594407812147025,953.0,14.117647058823527,-0.0025611862942701014,B,2
0.0,2.062459372787527,930.0,14.117647058823527,0.009979821972142755,I,2
3.0,5.000865169106155,1693.5,20.7843137254902,0.17654516424246003,H,3
0.0,1.040659912568417,943.5,12.941176470588236,0.0016145764064370294,C,2
0.0,9.540357290490775,0.0,0.0,0.682085740641841,J,1
0.0,1.8164312763206818,0.0,0.0,-0.0110871098371099,A,1
0.0,1.6327025281357406,945.5,14.117647058823527,0.0009060402684562957,J,2
0.0,9.45927801867163,0.0,0.0,-0.004901245654025832,H,1
0.0,1.496931531173481,946.5,13.72549019607843,0.0016277912201866085,D,2
19.0,4.534017627942253,1927.0,24.705882352941178,0.04477608513357012,F,3
50.0,1.8240220292385756,2123.5,15.294117647058822,0.024261624049405392,J,3
0.0,1.4205485534002587,952.5,14.117647058823527,-0.000718559468559532,G,2
0.0,9.534335621614657,0.0,0.0,1.5235584294281017,G,1
21.0,1.9840123641069705,2159.0,23.137254901960784,-0.07276770004189348,J,3
0.0,1.9846959000417155,943.5,13.72549019607843,0.0193951418951418,B,2
0.0,1.757271103701409,0.0,0.0,-6.0765463450018764e-05,H,1
27.0,1.1219746747310573,1181.0,14.509803921568627,0.5004855110797621,E,2
26.0,4.097079875012797,2655.0,24.705882352941178,0.2755716217010522,F,3
1.0,1.8484067881607387,1100.5,12.941176470588236,0.07944642857142858,E,2
0.0,2.0424602239723266,950.0,14.509803921568627,0.0018422318422318673,A,2
52.0,5.276938281842503,2199.5,15.294117647058822,-0.08634418118770171,J,3
0.0,2.002142237449998,951.0,14.117647058823527,0.0012457912457913278,B,2
0.0,9.472123514859353,0.0,14.117647058823527,-0.0015107913669064957,D,1
0.0,9.496185295348015,0.0,0.0,-0.0022109415628528417,G,1
12.0,1.2157033284478704,2032.5,14.901960784313726,-0.09219916159789576,C,3
26.0,4.062010847643937,2679.0,16.07843137254902,-1.3107832163320623,E,3
0.0,2.0100372700811167,951.5,13.72549019607843,-0.0011329110312159885,F,2
0.0,9.044578472401888,0.0,0.0,0.0007811805246782377,E,1
38.0,1.2654613714342156,2390.0,19.607843137254903,-0.0602998718867392,F,3
33.0,1.3187797046650898,2097.0,44.31372549019608,0.08337984305529952,A,3
0.0,0.6080721350780686,942.0,12.549019607843135,-0.0044343778492249575,C,2
0.0,2.064102561529743,944.5,14.509803921568627,0.0003250578581950325,G,2
21.0,3.5449617483791807,2144.5,19.607843137254903,-0.3932790827615489,I,3
0.0,3.959453589321838,951.0,12.549019607843135,-0.006730705940431125,J,2
0.0,0.4865540528127703,949.0,12.549019607843135,-0.0013982765508189776,B,2
38.0,1.3196618516832446,2390.0,19.607843137254903,-0.02856587331844669,J,3
50.0,1.7584790967717348,1683.5,14.509803921568627,0.17277365610995563,F,3
24.0,0.6077420467776078,2456.5,23.137254901960784,-0.15975863499636972,F,3
0.0,0.9061774458583168,960.0,14.117647058823527,-0.10817339842539869,G,2
26.0,3.3691354150972876,952.0,12.941176470588236,-0.6140128777818021,G,2
10.0,1.5206690121242734,1893.0,19.607843137254903,0.27270186335403745,E,3
7.0,4.258018507510412,1389.0,16.862745098039216,-1.5180027680459234,A,2
70.0,4.454579876434522,4321.0,87.84313725490196,-0.13090998656515895,E,3
0.0,1.0271916560709975,948.0,13.333333333333334,0.0023198427225272766,C,2
0.0,0.5689602904421257,950.5,12.549019607843135,0.0020393030393029976,D,2
38.0,1.9006277380426095,2384.0,29.01960784313725,-0.015194805194805261,J,3
0.0,9.460247620523319,0.0,0.0,0.8013708122242196,J,1
23.0,0.6562983732030845,2399.0,26.274509803921568,0.028812311198546436,I,3
0.0,4.74134185103864,948.0,12.549019607843135,-0.7922409638554222,D,2
17.0,1.6827841333067555,1378.5,13.333333333333334,-0.08868345844606185,C,2
52.0,4.49470283036074,2199.5,15.294117647058822,0.8230044369859009,B,3
20.0,4.529028076137073,954.0,12.549019607843135,0.1260782185057927,G,2
33.0,5.35817799297086,3046.5,17.647058823529413,-0.06935751052016048,E,3
26.0,4.688887593792473,2647.0,87.84313725490196,-0.17609858512094956,H,3
0.0,2.8555987476450797,936.0,11.76470588235294,0.0029656643398364713,F,2
0.0,2.2386115631240444,954.0,13.72549019607843,0.0018123065102930713,J,2
0.0,0.4584503948279424,953.0,12.549019607843135,0.004445522254928169,B,2
0.0,1.0159205658287294,955.0,12.941176470588236,0.00250314616168279,F,2
0.0,1.611320382763213,952.0,14.509803921568627,-0.0064321457396518955,J,2
21.0,0.12664478744386312,2186.5,24.31372549019608,0.6666698975353088,D,3
6.0,1.5217142677290498,963.0,18.823529411764707,-0.015553502633854799,C,2
0.0,9.069654864120293,0.0,0.0,0.01045744804365567,H,1
49.0,1.831105329758103,2092.5,21.96078431372549,1.060053302874548,C,3
85.0,2.7610009713276673,2855.5,16.470588235294116,-1.0708056304282723,H,3
16.0,4.472705428604513,3067.0,16.862745098039216,-0.6882335386310151,H,3
0.0,9.068376045846652,0.0,0.0,-0.0011940022213994261,J,1
0.0,0.9736854473803027,969.5,13.72549019607843,-0.03327603661365841,D,2
35.0,0.9185292467247517,2206.0,15.294117647058822,-2.2277995246749613,J,3
0.0,9.464318331568325,0.0,0.0,-0.7655421217490525,B,1
18.0,3.924451129019509,958.5,13.72549019607843,0.648932753164557,G,2
32.0,3.5813891178007364,1056.0,13.72549019607843,-0.03701803051317612,A,2
26.0,0.34380399329120603,1537.5,13.72549019607843,0.0835886204711454,H,3
0.0,3.5074911623256284,958.5,14.901960784313726,-0.24164925431101447,B,2
35.0,1.8701800331218792,953.5,13.333333333333334,-0.09511663887158672,E,2
0.0,9.115261546477532,0.0,0.0,-0.0006704515620894469,B,1
0.0,0.5357333546266188,949.0,12.549019607843135,0.001105294714509708,C,2
0.0,0.8246258856708274,934.0,13.72549019607843,0.028934300542580782,A,2
1.0,1.2270901877746974,1120.0,11.76470588235294,-0.028642601237650694,B,2
0.0,1.6191150710650901,953.5,14.117647058823527,0.0011111111111110628,G,2
0.0,9.06530583999997,0.0,0.0,-6.463497742492663e-05,D,1
0.0,1.1907731967856499,958.0,13.333333333333334,0.002035411587135716,D,2
35.0,3.393317013130888,2306.5,81.96078431372548,1.8856390247690045,J,3
50.0,1.8987173434398117,1694.0,16.862745098039216,-0.1411914187336344,G,3
20.0,1.0695423667962192,2040.5,16.07843137254902,-0.7998470911949684,A,3
0.0,1.9758022863314515,943.5,13.72549019607843,-0.003502714216999908,G,2
0.0,0.48484059132467366,948.5,12.549019607843135,-0.003033284464195707,E,2
0.0,0.812430928263492,881.0,18.431372549019606,0.026466333790502283,H,2
8.0,1.0838094363157815,1448.5,19.607843137254903,0.226255084675411,G,2
27.0,1.434295179264996,1685.5,27.45098039215686,0.13588026241127688,C,3
0.0,1.4173226728263215,954.5,18.431372549019606,-0.01904605263157899,I,2
12.0,1.7139387932427017,1391.0,13.333333333333334,0.7802474631751228,J,2
38.0,1.9114499568560608,2396.0,27.058823529411764,0.11299999999999999,D,3
0.0,5.256395277618286,949.0,12.549019607843135,-0.015059773072874094,I,2
106.0,3.7569396680906233,3564.0,88.23529411764706,0.36597251713887036,E,3
6.0,1.1258737606039242,1445.5,14.509803921568627,0.01024112829845314,E,2
0.0,1.1244397682135447,955.0,13.333333333333334,-0.0014407761846418898,D,2
0.0,1.5091149411917315,950.0,13.72549019607843,0.04742474916387962,H,2
5.0,1.723385131222974,988.5,16.862745098039216,-0.1419729851081343,G,2
0.0,1.61302740651575,946.5,13.72549019607843,-0.0005468891710501966,A,2
0.0,8.02103338341151,0.0,0.0,-0.897044403413165,C,1
28.0,2.363040512222039,2821.5,21.56862745098039,-1.080551852072297,I,3
32.0,5.183944631843736,2005.0,85.09803921568627,-0.023587908878504038,G,3
0.0,9.492873256014942,0.0,0.0,-0.340659919249236,A,1
0.0,3.136306725244227,0.0,0.0,-0.1840530471637863,B,1
18.0,1.4021905263351688,1097.0,14.509803921568627,0.347612964970361,J,2
17.0,1.9737225187343608,1785.5,19.215686274509803,0.08026799046705502,H,3
49.0,1.7330605186086945,2092.5,21.96078431372549,-0.1215099329205366,H,3
0.0,0.5661822743541989,950.0,12.549019607843135,-2.3393926370074425e-05,I,2
0.0,1.550169820446206,954.5,13.72549019607843,-0.0034846994535518983,F,2
0.0,8.379310376881977,0.0,0.0,0.0010514050409518028,G,1
0.0,2.231003927069546,949.5,13.72549019607843,0.0028398853398854396,F,2
55.0,0.3475242238587679,2340.0,18.823529411764707,-0.10511048733874818,B,3
6.0,1.943434256064015,948.0,14.117647058823527,0.01839802709367927,J,2
0.0,9.489654886264459,0.0,0.0,-1.3912120614899488,B,1
0.0,1.5523726649781169,1022.0,26.274509803921568,0.041348684210526315,F,2
0.0,1.6423897068835056,0.0,0.0,-0.0106047510541893,A,1
34.0,2.0365122889015588,2144.0,39.21568627450981,0.7037043650793653,B,3
27.0,0.27167008871967036,1159.0,16.470588235294116,-0.1246577186602101,I,2
52.0,1.7917608025546357,1751.5,14.901960784313726,-0.21774368751932402,H,3
0.0,1.6081662743236085,954.5,14.117647058823527,0.004067796610169427,D,2
0.0,9.040831330680914,0.0,0.0,-0.002311468325987054,A,1
29.0,1.7335455980850227,1822.5,14.509803921568627,0.40596087117017354,J,3
0.0,1.213765405658296,948.5,13.333333333333334,-0.0006242291581016746,J,2
18.0,2.5870440848681784,956.0,12.941176470588236,0.1451220440796988,B,2
0.0,1.9778524425627568,949.0,13.72549019607843,-7.962507962977483e-07,B,2
50.0,3.596819499660344,2091.5,15.294117647058822,1.4852860782336386,I,3
0.0,1.7306293677787319,956.5,14.117647058823527,0.0035932203389829054,G,2
0.0,9.11578333648526,0.0,0.0,0.0004633707517904817,H,1
6.0,4.267925655992406,1699.0,19.607843137254903,0.7857787716159814,F,3
25.0,5.680761989511406,2558.0,22.745098039215687,-0.4576657651149896,I,3
5.0,0.9466494237643267,1316.0,12.941176470588236,0.15810971511297256,F,2
0.0,1.973455426966168,945.0,13.72549019607843,0.0061220720720721045,F,2
0.0,0.8864072064731771,961.5,14.117647058823527,-0.003624161073825516,F,2
0.0,1.6359087070091831,953.5,14.117647058823527,-0.002002303286852594,F,2
28.0,0.7084362035244721,1784.5,14.509803921568627,0.19994383828641482,B,3
0.0,1.4304429424975125,948.5,12.549019607843135,-0.0005916779849365339,F,2
6.0,4.844655612646009,955.5,12.941176470588236,0.36267545530468404,H,2
35.0,3.1083348602860155,3218.0,17.254901960784313,-0.2473672671719377,G,3
0.0,9.066506959054411,0.0,0.0,0.002783605974395531,H,1
0.0,9.067049551212452,0.0,0.0,0.006622917920931393,J,1
0.0,9.068785409917968,0.0,0.0,0.001491384432561027,A,1
7.0,1.3130092519344156,1441.5,13.333333333333334,0.06292083712465874,F,2
4.0,0.8693533337423219,961.0,13.333333333333334,-0.01469455782312934,E,2
0.0,2.3857090352764283,955.0,13.72549019607843,0.10328191741813009,E,2
1.0,5.74235674217239,1640.5,21.56862745098039,0.36160687593423013,C,3
57.0,1.5863780122147988,2473.0,15.294117647058822,-0.11493889066325991,D,3
0.0,0.5754503706974982,954.0,13.72549019607843,-0.0010627074442863815,C,2
0.0,2.022406018906447,0.0,0.0,2.5136828549501833e-05,I,1
0.0,2.231798830544687,947.5,13.72549019607843,-0.006222450493637011,D,2
46.0,1.5820236424490994,2659.5,27.058823529411764,-0.6057275036284472,F,3
0.0,1.6264963247558981,951.0,14.117647058823527,-0.0017972789115646148,C,2
47.0,1.056307125695553,955.5,13.333333333333334,0.6007426914910992,G,2
46.0,0.8890121768174136,1948.0,18.823529411764707,-0.05250685564959301,I,3
45.0,1.5871430772815498,2780.5,17.647058823529413,0.21031732453880247,C,3
8.0,0.5094706738072773,1113.5,14.117647058823527,0.0345107380997455,C,2
27.0,3.0834856950351006,2797.5,19.607843137254903,0.42685635059376703,H,3
0.0,1.03554117539809,949.5,12.549019607843135,0.003104433771285553,B,2
33.0,1.0513216349057084,2068.5,16.07843137254902,0.024801916932907342,A,3
0.0,1.1934402882366215,949.5,12.549019607843135,0.714832728049562,J,2
40.0,3.997554300290017,2521.5,15.68627450980392,-0.6369742178003417,A,3
16.0,0.2383618403500633,947.0,12.15686274509804,1.1449847094801224,G,2
32.0,1.4823199569373178,1379.0,18.03921568627451,-0.08146953405017911,E,2
36.0,4.6484210843797875,2279.5,24.31372549019608,0.06326665113660646,E,3
49.0,1.915748287300464,2058.5,88.23529411764706,0.2414942781250624,A,3
9.0,0.28883972013471704,941.5,14.117647058823527,0.08900126767643651,C,2
0.0,1.0575387178473687,941.0,12.941176470588236,-0.00012112611450365574,A,2
21.0,0.9831852069122907,2081.5,24.31372549019608,-0.21110410094637222,B,3
0.0,9.104025842991495,0.0,0.0,0.010997329618019247,I,1
0.0,1.6355717240183472,952.5,14.117647058823527,0.002322118036403864,I,2
36.0,0.9417154733794796,2255.5,15.294117647058822,0.14527745897825609,G,3
0.0,1.8162954378794987,944.0,14.117647058823527,-0.21308577533577533,G,2
41.0,1.9992214965052488,2599.5,15.68627450980392,0.7288989034099445,A,3
0.0,0.5607128228606909,953.5,12.941176470588236,-0.01040433604336044,D,2
45.0,4.485535321581146,944.5,12.549019607843135,-0.13343104745595635,I,2
0.0,0.5983303678601031,0.0,0.0,0.0047474747474747225,F,1
35.0,2.0277797693370516,2188.0,24.705882352941178,-0.1364401294498382,C,3
0.0,9.525850836481505,0.0,0.0,1.421497282858985,I,1
86.0,1.147967437996223,2897.5,16.07843137254902,0.09939738130721731,C,3
44.0,2.083429988714542,1880.0,14.509803921568627,-0.18699537062251448,J,3
3.0,4.658808388325079,1693.5,20.7843137254902,-0.25467608985894263,H,3
0.0,0.6196395736332999,955.0,14.117647058823527,-0.0018221736855278114,G,2
33.0,4.6346370826002925,2048.0,88.23529411764706,-0.36516088962498516,B,3
0.0,1.0368813498621683,944.5,12.549019607843135,-0.004710963944076552,B,2
18.0,4.796308036789399,1894.0,88.23529411764706,2.358677507402371,H,3
0.0,2.008221960953465,954.0,13.72549019607843,0.0011620156365919065,I,2
52.0,4.119253526398182,2199.5,15.294117647058822,0.3252240824473498,D,3
0.0,9.506744484595727,0.0,0.0,-1.5355727705707445,C,1
0.0,1.0636778377304443,958.5,12.549019607843135,0.00519763460939926,F,2
0.0,9.474482316500671,0.0,0.0,-0.702112029120866,G,1
0.0,0.7921981252546771,944.0,12.15686274509804,-0.00215848702719601,H,2
0.0,1.7075915176577894,0.0,0.0,-0.0034805054880923114,I,1
25.0,3.8073823804349627,949.5,12.941176470588236,0.8099096107729209,A,2
0.0,0.5572712400431042,950.5,14.117647058823527,0.0008536585365853666,F,2
0.0,9.06827096535389,0.0,0.0,0.0022530432530429856,A,1
28.0,2.577181361712643,2789.0,19.607843137254903,-0.00786141629500725,H,3
0.0,1.140784702992141,951.0,13.333333333333334,5.661131084855331e-05,H,2
29.0,1.8308855538320041,2949.5,24.705882352941178,-0.283315679969737,E,3
32.0,1.048597102028873,1379.0,18.03921568627451,-0.2507634062856551,C,2
44.0,0.48529764648556517,1872.0,17.254901960784313,-0.09101910828025472,G,3
12.0,0.9920720157551288,2239.5,22.352941176470587,-0.10059424920127791,I,3
3.0,1.4949810034091726,1141.5,14.117647058823527,0.02077689594356258,C,2
36.0,3.6266909810246335,2246.5,15.294117647058822,-0.574080272741361,J,3
0.0,0.7969150674264844,946.5,12.549019607843135,-0.000834584253127324,G,2
20.0,3.4242967928171835,1920.5,14.117647058823527,0.7399317230494735,E,3
12.0,2.2845580430672032,1295.5,18.431372549019606,0.05638681318681282,C,2
57.0,1.6661347801713702,1911.5,14.509803921568627,0.2420005237521604,G,3
0.0,0.5980913909396657,949.5,12.941176470588236,0.008236423841059604,D,2
5.0,4.042188518867109,955.0,12.549019607843135,0.6779264359801274,I,2
0.0,3.0945322962162054,953.0,12.941176470588236,0.01754808959156806,G,2
0.0,0.588305093367244,956.5,12.549019607843135,-0.0005426481413323136,F,2
15.0,1.5261828571238392,1557.0,21.56862745098039,0.1048809523809524,A,3
0.0,8.746258476039172,907.0,16.862745098039216,-0.002359164733178598,H,2
0.0,9.44535158394475,0.0,0.0,-0.6899864713565962,E,1
0.0,1.6459362323860183,951.5,13.72549019607843,0.0016012835578051998,G,2
35.0,1.172006644228533,1495.5,18.03921568627451,0.09460097438315257,H,2
13.0,1.539245820570946,1136.0,15.68627450980392,-0.2384120017913122,D,2
0.0,1.5935050215461932,948.0,14.117647058823527,0.0030071407588186383,E,2
27.0,1.0484138859895715,1756.0,20.7843137254902,-0.34378282582474556,A,3
29.0,1.5625086391073568,2910.5,25.098039215686278,-0.0012352184370978403,J,3
46.0,1.7778976419223775,2863.5,88.23529411764706,0.1860169439119412,C,3
0.0,2.0092195079046373,952.0,13.72549019607843,0.003212490046638594,G,2
47.0,1.7862874983650179,2917.0,16.470588235294116,1.7654367907412456,H,3
0.0,1.0575916867163566,941.0,13.72549019607843,0.0035472236489185738,E,2
0.0,1.0199063423808068,948.0,12.941176470588236,0.00011608525702477834,I,2
0.0,2.280960928731196,952.5,12.941176470588236,0.04057220423932334,I,2
39.0,0.9311690349399332,2435.0,15.294117647058822,0.022351253397765003,C,3
0.0,9.070804761334065,0.0,0.0,0.00024203219408702736,F,1
0.0,1.8447347333918802,0.0,0.0,-0.05868094283722547,B,1
0.0,2.010158721515012,953.5,13.72549019607843,0.00023569023569031122,I,2
0.0,1.611044294535517,1159.5,13.333333333333334,0.0012883033535207034,F,2
2.0,3.3158787048542893,951.5,12.549019607843135,1.5353369420663285,I,2
0.0,1.7134688940890255,957.5,13.72549019607843,0.002762307762307792,C,2
29.0,4.979721108366558,1141.0,20.0,0.027919458864244184,G,2
31.0,1.2240529413899706,1932.5,18.823529411764707,-0.02162448546275797,E,3
34.0,2.0453925816475977,2157.5,32.549019607843135,-0.0009361921929519901,G,3
0.0,0.5050753260643893,952.0,12.549019607843135,-0.0508951406649617,A,2
0.0,8.956274325642285,0.0,0.0,-0.547359318579958,C,1
2.0,2.005480531068259,959.5,13.333333333333334,0.009691519920069901,G,2
34.0,0.6328791566871463,1460.0,13.333333333333334,-0.08586658010063308,H,2
91.0,4.27403063618735,3867.5,87.84313725490196,-2.7072652268866775,D,3
25.0,1.6608316448642575,2498.5,18.03921568627451,-0.09761655968552521,J,3
23.0,3.995489662716154,2350.0,14.901960784313726,-0.19745364292234058,A,3
43.0,2.5064406520296765,2644.5,16.07843137254902,0.7483112219131525,E,3
0.0,8.127943490330248,0.0,0.0,-0.0009427609427610228,J,1
30.0,1.164013125705771,1898.5,22.352941176470587,-0.14389093195033786,J,3
46.0,1.873757150632466,1959.0,14.509803921568627,0.14723802060008961,H,3
0.0,1.0544907072017473,951.5,12.549019607843135,0.00027893087089114754,I,2
27.0,3.7408981530556464,2791.5,24.705882352941178,-0.4989554540720267,F,3
41.0,0.504206084207362,1745.5,14.117647058823527,0.0623245657899123,H,3
0.0,9.499386099802566,0.0,0.0,0.004591637732272558,D,1
0.0,0.597929736120938,950.5,12.549019607843135,-0.002477639834468137,A,2
6.0,4.174783287017939,1699.0,19.607843137254903,0.011532069346664287,D,3
0.0,0.5319704731654352,953.5,12.549019607843135,-0.00029442080661590264,I,2
0.0,1.644163387997725,943.5,13.72549019607843,0.003089812857254709,G,2
44.0,2.031334448565166,2753.5,28.62745098039216,0.1563743205676113,D,3
0.0,8.771875685431171,914.0,17.254901960784313,0.0176348072825468,B,2
0.0,2.8875590222485306,954.5,12.549019607843135,0.010474791972589603,I,2
47.0,1.2366715403765047,1582.5,14.117647058823527,0.2557050399931194,C,3
0.0,0.5461195224852397,952.5,12.941176470588236,0.003203005666420289,B,2
22.0,1.7685261426055385,2193.5,24.31372549019608,0.23448373920686638,A,3
0.0,9.039670731339415,0.0,0.0,-0.00848384103912192,F,1
0.0,1.0582981939209017,950.5,12.549019607843135,0.003083700440528636,B,2
0.0,9.488768918409153,0.0,0.0,0.006367521367521306,J,1
18.0,4.538967394243833,2138.5,28.62745098039216,1.016257515822785,E,3
28.0,1.388702384696849,2839.5,19.607843137254903,-0.09595684244284597,H,3
58.0,4.249995098670543,3483.0,81.17647058823529,-0.12080505918534867,C,3
19.0,3.7946590952285946,1922.5,21.96078431372549,-1.9474289848082957,C,3
0.0,3.84465785765934,1096.5,52.15686274509804,0.009128576020572154,C,2
11.0,4.752784377079207,1171.5,19.607843137254903,0.43289625059067216,I,2
51.0,1.8400639958142584,1718.0,14.901960784313726,-0.1258962847225656,A,3
21.0,0.7911672274353121,2185.0,21.56862745098039,-0.5436493117077825,G,3
15.0,1.8397307472304243,1514.0,18.431372549019606,-0.0626482417775572,I,3
0.0,9.494484014255704,0.0,0.0,-0.00015554424435848535,I,1
47.0,3.1797573004499964,2938.0,84.31372549019608,-0.4289905362776023,B,3
0.0,5.271769135386091,949.0,12.549019607843135,0.003591651276638963,F,2
19.0,3.8372993394677413,2488.0,19.215686274509803,-0.40199508647798776,C,3
41.0,0.5378335998913524,1745.5,14.117647058823527,-0.0823357478291688,D,3
0.0,0.3790040092960759,1558.0,21.56862745098039,0.10567956349206348,C,3
0.0,1.6532063215138932,956.0,13.72549019607843,0.0010441146155431985,G,2
0.0,1.0578865114521017,943.5,12.549019607843135,-0.0012374401153176784,E,2
26.0,4.25460634335044,2683.5,25.098039215686278,0.12803636318279743,G,3
40.0,1.856853684291043,2486.0,88.23529411764706,-0.1850585729499467,E,3
18.0,1.1019068203006095,1045.0,13.72549019607843,-0.1663809523809523,A,2
0.0,0.989922768346093,945.5,14.117647058823527,-1.1022972972972973,J,2
0.0,0.5511749723747109,953.5,12.549019607843135,-0.0012654247462956514,A,2
0.0,9.460962348073137,0.0,0.0,0.6797980105001381,H,1
0.0,3.0795790126330713,946.0,12.549019607843135,0.007419470987397592,H,2
0.0,1.1824183176991918,951.0,13.333333333333334,0.02044476294476294,F,2
18.0,2.2798836534802884,1839.0,87.84313725490196,0.007898779357535801,D,3
60.0,1.8694102484584745,2555.5,23.92156862745098,0.011062566231013815,I,3
34.0,4.355122007239774,1564.5,14.509803921568627,-0.7271124188311693,B,3
0.0,3.0117127816770797,947.5,12.549019607843135,-1.4766963645060989,F,2
0.0,1.630101313542304,952.0,14.509803921568627,0.0008827556792674329,D,2
0.0,1.9754068115818308,948.0,12.941176470588236,0.0027830735979980092,D,2
20.0,0.8600894385717814,1285.5,11.372549019607844,0.01968894009216593,A,2
0.0,9.49769200229774,0.0,0.0,0.008229457958245479,I,1
0.0,0.9461641621681148,1368.0,16.07843137254902,-0.06592097889034187,I,2
34.0,1.1007578428577862,2104.0,14.901960784313726,0.2647860205653386,D,3
0.0,0.8946873271074234,955.5,12.549019607843135,0.0006679236626701002,A,2
50.0,0.8388852551160438,1696.5,17.254901960784313,-0.059162340255591105,H,3
0.0,9.458234061143509,0.0,0.0,-0.7666577450652394,C,1
0.0,1.5296947851534146,0.0,0.0,-0.003913043478260908,D,1
1.0,0.41115071810616266,941.0,14.117647058823527,0.001350628386947994,G,2
5.0,1.0608077404955225,961.0,12.941176470588236,-0.005414277219540242,D,2
0.0,2.0813217487126967,949.5,13.72549019607843,0.0006654443983211689,F,2
11.0,3.3577979248865466,2259.5,27.45098039215686,-0.2913365245801991,E,3
49.0,4.625819173602815,1014.5,13.333333333333334,-0.4542973433114277,J,2
21.0,0.3116969187457329,1312.5,13.72549019607843,0.03955047318611987,F,2
27.0,1.2072616857580438,1742.5,14.117647058823527,0.06728052509882887,F,3
0.0,2.9000457332901957,954.5,12.549019607843135,0.12225530672052631,I,2
0.0,2.064220040536884,943.5,14.117647058823527,-0.0015254237288134798,I,2
3.0,2.6242307174920976,1278.0,9.803921568627452,-0.11232370433305017,D,2
28.0,0.6333286294907509,1123.5,14.901960784313726,0.044489284085727304,G,2
0.0,1.7308944402219517,943.5,14.117647058823527,-0.0005102040816327147,B,2
0.0,0.8465710657995648,1197.5,13.72549019607843,0.8054312899519839,D,2
0.0,1.5498547805259693,0.0,0.0,0.0008473046617376995,A,1
32.0,0.39536050854010807,2079.5,14.901960784313726,0.46089426823039253,B,3
0.0,9.085467039056264,0.0,0.0,-0.009665548098434673,B,1
52.0,1.6364524664832039,2204.5,15.294117647058822,-0.0742668869861299,A,3
0.0,9.491995613683311,0.0,0.0,0.013238161037736784,J,1
0.0,0.9944696773241503,973.0,13.333333333333334,-0.00343082358430824,G,2
0.0,1.6020380778918977,946.5,13.72549019607843,-0.002916449720573408,E,2
0.0,2.0091261906928173,954.0,13.72549019607843,0.00217955912723361,C,2
0.0,9.068297269626404,0.0,0.0,-0.0006135177276123116,F,1
53.0,3.6526599250822525,2014.0,14.901960784313726,1.4135810153666606,I,3
0.0,1.5984425381532414,952.0,13.72549019607843,-0.003475415282392008,F,2
11.0,0.7797487120296512,950.0,12.941176470588236,-0.057306010928961704,F,2
7.0,0.7594592764448433,1156.0,17.254901960784313,0.13097325626959255,B,2
0.0,9.490995672664464,0.0,0.0,-2.074647435897436,D,1
0.0,2.0413857289705066,0.0,0.0,-0.0017255842558425993,C,1
21.0,4.102480511324654,2167.0,27.058823529411764,0.6240182473325748,G,3
0.0,9.488893009365464,0.0,14.117647058823527,-0.0024785437148108005,D,1
0.0,2.238099963278309,951.5,13.72549019607843,-0.0017067067067066954,A,2
0.0,9.531870504278524,0.0,0.0,2.133578184024044,G,1
1.0,1.0962907055411113,1136.5,15.68627450980392,-0.11736778794975533,H,2
22.0,0.9866691664488731,994.5,14.901960784313726,0.08780553883202889,A,2
23.0,1.271854840652811,1450.0,18.431372549019606,0.10121915002560161,J,2
19.0,2.351935922700102,2488.0,19.215686274509803,0.5800742554858931,G,3
0.0,1.056062638861654,950.5,12.549019607843135,-0.0010181267139628414,H,2
0.0,8.73946626824705,867.75,16.862745098039216,-0.0064833971902937965,I,2
57.0,4.469908918234533,3563.0,88.23529411764706,0.7967124070897653,C,3
0.0,9.450368248851493,0.0,0.0,-0.01000713511799367,D,1
0.0,1.058336743346836,948.5,12.549019607843135,0.001986951100026779,D,2
0.0,1.024169757474795,947.5,12.941176470588236,-0.0018989109324679676,H,2
0.0,0.8282000214100366,0.0,0.0,0.08757377049180329,H,1
21.0,4.504789267316853,952.0,12.549019607843135,-0.36048046666989375,I,2
0.0,1.0605392647934284,953.0,13.333333333333334,0.00043902462229328254,J,2
0.0,9.115130276385937,0.0,0.0,-0.00224539108645061,B,1
45.0,0.9936895982909998,1933.5,22.745098039215687,-0.09715271527152713,D,3
0.0,1.0393562442949462,950.0,12.941176470588236,0.009223426225746345,B,2
0.0,9.459826429266524,0.0,0.0,-1.593758168409261,I,1
22.0,1.118366897851594,2240.5,29.80392156862745,-0.06775358136658749,E,3
41.0,1.5387635714508392,2552.0,22.745098039215687,-0.1584097193129452,B,3
0.0,9.493286088159545,0.0,0.0,-0.0050172875993445,J,1
0.0,1.6445072069212032,950.0,13.72549019607843,-0.0006600143189547103,H,2
22.0,3.8512637490576878,2186.5,86.66666666666667,1.614022422778188,G,3
49.0,1.0194693871939455,2078.0,19.215686274509803,1.5107963314358004,I,3
25.0,3.8320021839156913,1567.0,14.509803921568627,0.039861758827448135,A,3
40.0,4.021277453199644,952.5,12.941176470588236,0.8143429609154889,H,2
0.0,7.485442489985106,0.0,0.0,0.002190672861813958,J,1
52.0,1.4735257898376402,3223.0,29.80392156862745,-0.22080996884735216,I,3
0.0,1.9957414532676123,952.0,13.72549019607843,-1.8448057188980016e-05,C,2
13.0,0.31935953312725396,1342.0,16.862745098039216,0.05517908672493149,A,2
37.0,0.5803675151604248,1597.5,13.72549019607843,-0.013837343700746019,I,3
36.0,2.1169733011191685,2263.0,25.098039215686278,-0.14660098825801549,H,3
52.0,3.3721185875740574,3224.5,25.49019607843137,1.059059769819878,F,3
0.0,1.572448829505898,950.0,13.72549019607843,-0.0009248764185754987,H,2
21.0,1.6634470722176977,2115.5,48.62745098039216,0.12568343478939512,J,3
61.0,1.7769685020495485,2570.0,29.41176470588235,0.1462956396943987,F,3
0.0,1.097356994053319,940.5,13.333333333333334,0.002156416620702317,I,2
0.0,2.017955367513303,952.5,14.117647058823527,0.0031756756756756155,I,2
15.0,0.9166838640669012,1149.0,13.333333333333334,-1.121,F,2
0.0,9.443580796940603,0.0,0.0,0.8063208324747577,C,1
41.0,1.9222938351928152,2547.5,16.07843137254902,0.6842663817663821,E,3
16.0,1.8576135857093756,1386.0,19.607843137254903,-0.12301960784313731,D,2
0.0,2.0665811842642663,952.5,13.72549019607843,-0.0010096490633404454,B,2
12.0,1.0143545240326326,1057.5,12.941176470588236,-0.022958826128505305,J,2
32.0,2.22674100147778,3139.0,34.509803921568626,-0.555157523510972,A,3
0.0,1.725817094116336,950.0,13.72549019607843,0.004179061455090505,I,2
23.0,3.0553405447220694,2329.5,29.80392156862745,0.021542124542124563,I,3
56.0,1.7316572282775513,3516.0,87.84313725490196,0.2837989309541033,J,3
0.0,9.114715108465349,0.0,0.0,-0.0011589403973508716,F,1
33.0,1.0561640610944054,2079.0,21.96078431372549,0.6409951134009667,C,3
37.0,3.347598409240282,3770.0,31.764705882352946,0.1624864814147231,B,3
0.0,9.45765516883296,0.0,0.0,-0.06076996009084279,A,1
41.0,3.84321077117661,2576.5,16.07843137254902,0.4406762907125592,H,3
0.0,1.6004918896834994,946.5,13.72549019607843,0.0007094594594595077,J,2
21.0,3.362835083957891,2199.0,23.92156862745098,-0.7973327946416401,H,3
21.0,0.9055413868169251,2133.5,22.352941176470587,-0.13337555184089833,D,3
35.0,0.8167699034583196,2164.5,15.294117647058822,-0.04767124613003093,F,3
32.0,3.2021341503579017,3294.5,34.90196078431372,0.2274999999999998,A,3
0.0,3.7023125365870637,951.5,12.549019607843135,0.0002164034669442927,C,2
0.0,1.7397892786905707,0.0,0.0,0.00029470318532820103,E,1
0.0,0.534566306115108,951.5,12.549019607843135,0.0017573020174646015,C,2
0.0,9.49862311854412,0.0,0.0,2.7323038651194373,I,1
0.0,0.5485748730243022,945.5,12.941176470588236,0.00906014002517308,D,2
0.0,0.48654730404233665,948.5,12.549019607843135,-0.0009611579714672858,D,2
22.0,4.077244119755824,2190.0,23.92156862745098,-0.6558292377214108,E,3
0.0,8.820975052445917,0.0,0.0,-1.5521677727893812,I,1
20.0,1.847465291975814,1918.5,25.88235294117647,-0.444972032130295,F,3
20.0,1.9237951670717528,2076.5,16.07843137254902,-0.029093971406882635,G,3
0.0,0.6828251690071717,950.0,12.549019607843135,-0.0011014267536005873,E,2
0.0,9.486086877052536,0.0,14.117647058823527,-0.0022045064529019956,H,1
22.0,0.8160000239843017,2190.0,17.647058823529413,-0.11006076546345,G,3
69.0,1.4177708377076823,2945.0,16.470588235294116,-0.15602613946562993,I,3
23.0,2.307691541629239,2306.5,88.23529411764706,0.717309123997022,H,3
11.0,0.9147752017945668,1213.0,13.333333333333334,0.2299263095590411,D,2
32.0,3.480625491775809,3214.0,25.098039215686278,0.5534595055487643,J,3
20.0,1.1765271537100042,2079.0,20.7843137254902,0.02470105715664339,B,3
0.0,0.6531477566580062,948.0,14.117647058823527,-0.005218177681719949,C,2
13.0,0.4114575630858762,1020.5,14.901960784313726,-0.018609391124871033,A,2
0.0,2.226909431620697,952.0,13.72549019607843,0.0017224489795919506,B,2
0.0,9.460557575613924,0.0,0.0,-0.7042049778874833,G,1
0.0,0.7832374174583824,954.5,12.549019607843135,-0.00027804648163309853,J,2
28.0,1.7215517066893082,1123.5,14.901960784313726,0.028053111250785592,G,2
0.0,2.2308454844754944,952.0,13.72549019607843,0.0024553137640386247,A,2
23.0,3.836481157793631,948.0,12.549019607843135,0.04799406501904446,D,2
39.0,1.3516010230344027,1638.0,15.294117647058822,-0.2507166123778501,A,3
23.0,1.826295908169113,2348.5,16.07843137254902,0.3899974608383139,J,3
10.0,1.4608635164470165,942.5,14.509803921568627,0.11528559602649008,B,2
53.0,0.9309083410411827,1187.5,14.901960784313726,-0.03798142354952111,B,2
23.0,2.0640531868695864,2347.0,21.96078431372549,-0.06025641025641032,E,3
29.0,1.6175238518867452,2934.0,23.92156862745098,-0.04710937275315652,H,3
0.0,1.1694717494965403,948.5,13.333333333333334,0.003341861598440632,B,2
0.0,1.6107826889081562,947.0,13.72549019607843,0.004377104377104396,J,2
8.0,1.7610716585769604,1497.5,24.31372549019608,-0.045389079785450925,G,2
24.0,1.8535774200051978,2398.0,22.745098039215687,0.6131502976190476,C,3
34.0,1.683856250067345,2126.0,22.352941176470587,0.05459904058413989,J,3
44.0,1.8224286364634112,1859.0,14.509803921568627,0.16495207667731626,A,3
15.0,1.5546007767897558,1149.0,13.333333333333334,-1.425644567757009,B,2
0.0,1.1525630057666896,941.0,13.72549019607843,-0.003562019822884288,C,2
2.0,0.5329093749605524,1491.5,20.392156862745097,-0.11069464158132891,A,2
28.0,1.6461927447607776,1809.5,21.96078431372549,-0.09026824126656341,B,3
0.0,0.5419135391837127,953.0,12.549019607843135,0.0011751461988304124,A,2
0.0,2.233220073158508,945.0,13.72549019607843,0.0004434343434340793,A,2
13.0,3.6926499137538693,1303.5,18.431372549019606,0.04468553459119495,H,2
46.0,1.7082128061303645,2994.0,85.09803921568627,-0.35590653700161257,I,3
3.0,0.724032821842481,949.5,12.15686274509804,-0.03073648893128511,I,2
27.0,0.7047218205049323,1687.0,14.901960784313726,-0.01668553787790808,B,3
6.0,0.9686522842884534,1584.5,21.96078431372549,-0.1526694169750652,F,3
31.0,1.6368768637807725,1948.0,20.392156862745097,-0.01953903943025892,H,3
0.0,1.165718842354239,956.0,13.72549019607843,-3.3898305084822944e-05,C,2
0.0,2.072553842373382,946.5,13.72549019607843,-0.0023232323232322827,H,2
0.0,9.456067624821483,0.0,0.0,-0.6830814094009099,C,1
0.0,9.492218149363756,0.0,0.0,-0.008210891343436888,E,1
0.0,1.339278212542136,1444.0,12.941176470588236,0.008092459226526794,E,2
24.0,4.1748414434486065,2401.5,18.431372549019606,0.019598264252032038,D,3
0.0,1.6386533747124141,945.5,14.117647058823527,-0.00021065375302668776,C,2
0.0,2.219964995983928,943.5,13.72549019607843,0.001708767564235325,J,2
25.0,4.909119632144225,2558.0,22.745098039215687,0.553911808781038,B,3
0.0,2.0080181125872603,956.0,13.72549019607843,0.002174781175268814,C,2
17.0,3.323435066154561,1698.0,87.84313725490196,0.08233310091475787,A,3
0.0,1.6125459738493588,958.5,13.333333333333334,0.0010774086378737002,F,2
24.0,2.3422488535181447,1525.0,88.23529411764706,-1.502477738290141,I,3
27.0,1.647215364864559,1677.5,25.88235294117647,-0.1605852298150865,C,3
31.0,4.5079168604630135,1948.5,23.92156862745098,-0.10111617312072863,C,3
34.0,1.835956243014962,2103.5,88.23529411764706,0.04378531765474436,C,3
0.0,9.491952593636201,0.0,0.0,-0.7122930448775256,G,1
25.0,4.584330368165007,2478.5,87.84313725490196,-0.3735812849734861,H,3
33.0,3.466478924963727,2048.0,88.23529411764706,1.4182561818821047,E,3
17.0,1.0191466282356418,933.0,13.72549019607843,0.19816268415190297,F,2
0.0,9.496347569560081,0.0,0.0,0.0014720897010862544,G,1
37.0,4.079048433800788,1552.5,13.72549019607843,-0.6020652191479736,F,3
0.0,9.534197430885499,0.0,0.0,0.001327101178709933,G,1
7.0,1.3267992189213607,955.0,13.72549019607843,-0.034898058884835825,H,2
14.0,1.663770276188338,1478.0,18.823529411764707,0.1121029549647643,B,2
37.0,1.3714796333304957,2304.0,14.901960784313726,-1.0689484180849955,E,3
0.0,8.29196668944757,0.0,0.0,0.0013002240162305334,H,1
4.0,1.0778916785769133,950.5,13.72549019607843,0.017760271043715692,J,2
0.0,1.198645829054635,952.0,14.509803921568627,0.002974724413080554,B,2
11.0,0.8245898482202428,1145.5,13.72549019607843,-0.07522078109089408,J,2
36.0,1.2845888710936049,2309.5,15.294117647058822,-0.09050613008518427,D,3
12.0,0.8468824694808128,1178.0,13.72549019607843,0.023033326143226895,A,2
0.0,0.602364217305378,946.0,12.941176470588236,0.0014266572340155825,D,2
0.0,0.8042589605217298,946.0,12.941176470588236,-0.003504140298722702,D,2
0.0,9.496389996205975,0.0,0.0,0.007056691550362482,A,1
13.0,1.740712067340759,1317.5,20.392156862745097,0.132580058560641,B,2
0.0,1.9483896307424313,952.5,13.333333333333334,0.0038491803278689063,H,2
0.0,0.5606838017555204,944.0,12.941176470588236,-0.0014790286975717715,D,2
20.0,4.244431884430551,2058.0,23.137254901960784,-0.7207562766403037,E,3
37.0,0.5280327104695608,2301.5,16.07843137254902,0.03728203192407249,H,3
0.0,9.444882618824511,0.0,0.0,0.03941061824378289,G,1
37.0,1.7013374416254428,2292.5,15.294117647058822,0.1696568607111737,G,3
46.0,2.8819040080762237,2869.0,18.03921568627451,-0.39980890762867183,A,3
19.0,1.8200603497775572,1885.5,22.352941176470587,-0.3550943396226415,C,3
0.0,2.0102801116266056,942.5,14.117647058823527,-0.0013125663796805243,J,2
0.0,0.48588189532275056,948.5,12.549019607843135,-0.003703703703703709,J,2
0.0,1.0522488443784237,954.5,12.15686274509804,0.003971388238534712,F,2
0.0,9.487569132886506,0.0,14.117647058823527,-0.000919803004302,B,1
0.0,2.0079649316532513,956.0,13.72549019607843,-0.001379719673104185,C,2
0.0,9.901820317350884,0.0,0.0,-1.3480756194160446,D,1
5.0,3.0168938973351014,1660.5,21.176470588235293,-0.03056348195329095,A,3
1.0,4.401726830612135,1649.0,25.88235294117647,0.011688311688311748,G,3
33.0,0.9860981751323739,2068.5,16.07843137254902,0.16492012779552706,D,3
0.0,3.6828577054377165,951.5,12.549019607843135,-0.7677897358665433,A,2
0.0,2.0017775461932104,943.0,13.333333333333334,-0.0013395213395214212,D,2
0.0,9.530643857015953,0.0,0.0,0.7322453138827063,G,1
4.0,0.6705801346491687,944.5,13.333333333333334,0.1920230928012385,A,2
33.0,4.289498142381267,2091.5,27.45098039215686,0.6113993869178733,E,3
0.0,9.575652825010236,0.0,0.0,-2.742319613618873,H,1
66.0,0.7858355036915691,947.5,12.941176470588236,-0.20001368003021858,A,2
1.0,1.2200247857258688,942.0,12.15686274509804,-0.0014346139339403707,J,2
0.0,0.5888776948844163,951.0,13.72549019607843,-0.002399228543876586,B,2
21.0,0.28923037571772114,2186.5,24.31372549019608,-0.11266792125072389,A,3
0.0,9.473899942416875,0.0,0.0,-0.007273246823102264,I,1
46.0,0.2519870223313483,2893.0,16.470588235294116,0.08646959816974242,G,3
0.0,9.544713867985491,0.0,0.0,2.287871907012554,J,1
5.0,1.8787658983396651,950.0,13.72549019607843,-0.3412287356544288,J,2
14.0,2.2734782026793963,2663.5,26.274509803921568,-0.09304286725305833,D,3
0.0,1.2782565127942798,944.0,14.901960784313726,-0.0010739699399492375,C,2
58.0,1.5668875476206507,2451.5,26.274509803921568,-0.21805789361247602,H,3
0.0,0.7838871956499576,950.0,12.549019607843135,0.000824995270426454,E,2
7.0,2.7554887388896403,1389.0,16.862745098039216,-0.5423557228692228,A,2
0.0,1.1332212547123055,950.5,14.509803921568627,0.000949152542372822,A,2
53.0,0.7221026130694828,954.5,13.333333333333334,0.024772267206477794,C,2
64.0,0.42325373710919073,2167.0,15.294117647058822,0.15320226537216833,I,3
25.0,0.8773978183930231,2525.5,16.07843137254902,1.2550060568086885,I,3
27.0,2.517251010410774,1685.5,27.45098039215686,1.5826159018987342,D,3
11.0,0.8958871550794646,993.5,14.509803921568627,-0.0228700516351118,H,2
42.0,0.8734283969878638,2658.0,24.31372549019608,-0.021666769757324594,H,3
0.0,4.555530967969398,942.5,12.941176470588236,-0.696744231906921,C,2
23.0,4.671815138516994,2386.0,19.215686274509803,-0.38630652429467083,D,3
20.0,3.6755974973600343,1920.5,14.117647058823527,-1.8517449486710276,F,3
0.0,1.8776393140410201,955.5,14.509803921568627,-0.0036053070189961955,J,2
23.0,2.4893331437140045,2349.5,87.84313725490196,-0.13799988094529436,A,3
1.0,5.866592283114678,1640.5,21.56862745098039,-1.5790331082194045,J,3
1.0,1.7379351858193521,1606.0,17.254901960784313,0.004389026880830205,F,3
0.0,1.6535684520570262,0.0,0.0,-0.026012660282421773,D,1
0.0,9.113827487147526,0.0,0.0,0.0006418918918917882,E,1
33.0,1.7902527998658635,2102.5,18.431372549019606,-0.29135055830954887,E,3
0.0,9.493689317513288,0.0,0.0,-0.002753411615360246,H,1
0.0,9.118460469081352,0.0,0.0,0.00010162204416719334,E,1
0.0,1.0190994531028545,950.5,14.509803921568627,0.027224981138024587,I,2
0.0,4.961350005842758,945.5,12.549019607843135,-0.6825144338231794,B,2
29.0,1.5207015278209173,2121.5,14.901960784313726,0.1626688787841547,D,3
0.0,1.6201936526548166,958.5,13.333333333333334,-0.0010535029139680102,F,2
70.0,4.520767653269939,4321.0,87.84313725490196,1.1814873417721519,A,3
0.0,2.008022103688268,952.0,13.72549019607843,-0.0003004140504140884,I,2
0.0,0.41892524342395615,956.0,13.333333333333334,0.0033632368886605812,G,2
45.0,4.227745182289442,2825.5,32.549019607843135,0.6764062499999999,G,3
0.0,1.9974726140569816,952.0,13.72549019607843,0.00015008065081678623,E,2
16.0,0.7225742424831542,1032.5,12.941176470588236,-0.12219051471331782,F,2
1.0,1.7878989802970482,1100.5,12.941176470588236,-0.044766104294478595,G,2
24.0,0.9235542434109654,1509.0,13.72549019607843,-0.998875659572811,H,3
8.0,1.3621673785801802,951.0,14.117647058823527,-0.054396719488462586,E,2
20.0,1.4018825127147343,1254.0,14.117647058823527,0.01761369536372892,I,2
0.0,9.462380859167972,0.0,0.0,-0.009850427350427404,G,1
0.0,9.52577047683883,0.0,0.0,0.6939649995394677,D,1
0.0,2.008327256271989,957.5,13.72549019607843,-0.004560705638187501,H,2
1.0,0.8051768464976635,1217.5,14.117647058823527,-0.145565749235474,B,2
0.0,1.6609903954161436,954.5,14.117647058823527,0.0023259808974094853,H,2
0.0,1.4121583678041354,947.0,14.117647058823527,0.011882198423923906,C,2
35.0,1.0130492498653891,2204.0,18.431372549019606,0.22828969840663876,B,3
0.0,2.0379588701288367,944.5,14.509803921568627,-0.0013661723163838069,B,2
0.0,9.493304282703608,0.0,0.0,0.009419702971751542,B,1
0.0,2.0566926353771424,930.0,14.117647058823527,0.0016107382550335503,C,2
0.0,9.507814513227114,0.0,0.0,-1.5049190368068834,C,1
0.0,3.0932554420953595,947.0,12.549019607843135,0.009088937093275629,D,2
0.0,1.2410137426996197,945.5,13.72549019607843,-0.0024363914054635893,D,2
17.0,0.7421359100513595,950.5,12.941176470588236,0.07419418930362842,A,2
24.0,4.448792800770533,957.0,12.549019607843135,-0.7611667390070447,G,2
14.0,2.533796691792625,949.0,12.549019607843135,0.6449267627349822,G,2
0.0,2.7940743424527352,954.0,12.549019607843135,0.019319128895992854,F,2
12.0,0.47805934746509604,1856.5,14.509803921568627,-0.030007010353753194,I,3
0.0,0.17384131583635276,0.0,0.0,0.0558932402458092,J,1
73.0,2.0457733211216818,1799.5,14.901960784313726,0.034751471418205115,E,3
18.0,3.500369106057697,1796.5,14.509803921568627,1.276228243270595,E,3
4.0,2.6350654976588275,950.5,12.549019607843135,0.06844062042527543,H,2
0.0,1.5276140767203223,952.5,13.72549019607843,0.003977954063278208,B,2
0.0,9.569302323987545,0.0,0.0,-0.4597305979595647,J,1
0.0,2.008258286288007,954.5,13.72549019607843,0.0067183445190155955,D,2
0.0,4.447881111888627,944.5,14.117647058823527,0.030075742031028696,E,2
0.0,9.068076548699574,0.0,0.0,0.0012017268077517684,A,1
0.0,1.0241722345922104,939.5,13.333333333333334,-0.0005062629539515084,G,2
51.0,1.2459383681520761,2180.5,20.7843137254902,0.3688404899980452,A,3
34.0,2.260622432837634,2839.5,23.137254901960784,-0.2091411941877977,F,3
16.0,0.5344393453048633,3005.5,16.470588235294116,-0.11436920146640181,I,3
0.0,9.487473192719253,0.0,0.0,-0.007205602536997757,C,1
40.0,0.843093404751858,967.5,13.333333333333334,0.021121752165223273,G,2
0.0,1.9797595981643388,957.5,13.72549019607843,-0.005813843129279406,F,2
0.0,1.755429301061586,0.0,0.0,0.0011839753466871827,G,1
58.0,0.6931458193456629,2472.5,16.07843137254902,0.1737602174183644,J,3
0.0,0.9669176388521015,957.0,14.117647058823527,-0.004647263596416207,E,2
0.0,1.7291714371665095,948.0,13.72549019607843,0.003288250114521385,E,2
0.0,9.070651670008935,0.0,0.0,-0.00041353716955461195,D,1
0.0,1.9711548297528705,0.0,0.0,-0.0007803790412485995,H,1
0.0,2.009097948286098,947.0,13.72549019607843,-0.0018760953786550738,A,2
0.0,2.0087200310653803,950.5,13.72549019607843,-0.0031827883353306996,G,2
20.0,0.8521585837278293,1285.5,11.372549019607844,0.0007017898675296674,I,2
46.0,2.5128010103484844,2890.0,30.588235294117645,0.3072026100934897,H,3
0.0,1.6656005975589234,0.0,0.0,-0.00251889004689948,H,1
0.0,1.4008434410926045,948.0,13.72549019607843,-0.012814244136278019,J,2
0.0,2.0104980947295705,949.0,13.72549019607843,0.0005084745762710674,J,2
60.0,0.3919448146755341,2567.5,16.07843137254902,-0.0994355263157895,B,3
6.0,0.38844974734169346,1271.5,13.72549019607843,0.16991376531270147,I,2
0.0,1.0301219406323414,952.5,12.941176470588236,0.004272886361150641,I,2
0.0,0.7333125929040633,946.5,13.72549019607843,0.002532541913985109,J,2
3.0,1.022275692081213,944.0,13.333333333333334,0.10851132686084147,D,2
0.0,9.52803159539346,0.0,0.0,-0.0005549130336570673,D,1
43.0,0.9939620948643455,2718.5,16.07843137254902,0.03685317835743569,J,3
46.0,4.2909230150119155,2901.0,16.470588235294116,-0.5841988981779598,B,3
46.0,0.7685484337206532,2893.0,16.470588235294116,-0.060573615348813226,B,3
17.0,0.5075166258787014,945.0,12.941176470588236,-0.04200938511326863,I,2
0.0,9.473345097112597,880.25,17.254901960784313,0.009283404967479397,B,2
0.0,9.453718655448926,0.0,0.0,-0.01414616242465308,J,1
15.0,0.9983644007276317,1254.0,13.72549019607843,-0.00840285542272301,A,2
4.0,0.22439643876574383,1097.0,12.941176470588236,0.7640350398130046,F,2
51.0,1.2484114040304726,2130.0,16.07843137254902,-0.21604925823133597,F,3
0.0,1.4049590871421167,947.0,12.941176470588236,0.0028226676565207276,F,2
0.0,0.5005793709550511,949.0,13.72549019607843,-0.0032120305383819825,A,2
51.0,1.8808924174297257,2182.0,53.72549019607843,0.017982235868194696,D,3
44.0,2.551631983323675,2736.0,23.92156862745098,-0.16623177899686514,D,3
0.0,9.11257976848376,0.0,0.0,-0.00014661939166904503,G,1
0.0,0.6044301907285706,948.5,12.549019607843135,-0.0008657740641143663,G,2
16.0,5.112483253935086,1694.5,16.470588235294116,-0.8408092125431406,C,3
53.0,0.8194602537349442,1187.5,14.901960784313726,0.11190118050266562,H,2
38.0,0.39888710338290445,2400.0,20.392156862745097,0.21235828368090048,G,3
0.0,0.606957705330173,945.5,12.549019607843135,-0.004487512487512446,D,2
0.0,1.972085898098279,952.0,12.549019607843135,0.1441332179930796,H,2
0.0,0.6973284290639953,949.5,14.117647058823527,-0.0026770571242195063,E,2
43.0,0.7583198333377974,1844.5,14.117647058823527,-0.2580935572865952,D,3
13.0,2.1025216254079,2426.5,23.92156862745098,1.565002803707491,E,3
0.0,0.8553177922466664,946.5,12.15686274509804,0.002350333325999432,F,2
34.0,1.2094626174419765,1102.5,14.509803921568627,-0.6883388022969648,J,2
10.0,4.875407638268682,1094.5,76.86274509803921,0.4810869565217395,C,2
0.0,9.492887859868286,0.0,0.0,0.4655204596883371,A,1
4.0,0.6042756267264388,1049.0,14.509803921568627,0.046591041175503,B,2
52.0,0.4879051896785573,2213.5,19.607843137254903,0.007155131015763594,D,3
0.0,1.6035059956656201,953.0,14.509803921568627,-0.0010741383416692507,C,2
62.0,0.9981259471104549,2094.5,16.470588235294116,1.093494698799992,G,3
0.0,9.466833428406087,0.0,0.0,-0.0025708787336694017,J,1
17.0,1.7700050162244172,951.0,14.509803921568627,-0.04487621874549089,G,2
41.0,0.7543131430277331,2563.5,18.823529411764707,-0.0852437210839393,F,3
23.0,3.9581805005254154,2280.0,22.745098039215687,0.028217431847942676,B,3
0.0,1.099234044307242,950.0,14.117647058823527,-0.0011896635787419507,H,2
0.0,9.493146191437111,0.0,0.0,0.010577925808090805,F,1
33.0,1.7850135583326354,1033.5,14.117647058823527,-0.1110532393537633,A,2
0.0,9.487948508417833,0.0,14.117647058823527,0.0018612332212793042,G,1
0.0,1.6196546193231625,943.0,13.72549019607843,0.0014112160163804038,I,2
27.0,1.6825010161427332,2670.0,25.49019607843137,0.18838089542036912,C,3
48.0,1.8797937333390844,2032.5,18.823529411764707,0.0694103986717946,H,3
45.0,1.8827770588677049,1919.5,18.823529411764707,-0.0628607647119448,D,3
12.0,2.055675417381657,2349.5,19.215686274509803,0.35429950648327113,A,3
52.0,2.4545919628528003,3223.0,29.80392156862745,0.11239680685358255,F,3
27.0,1.4113662693181386,2732.5,21.176470588235293,0.3084253752478052,G,3
0.0,0.5852689833866781,950.0,12.549019607843135,0.004073013135513226,J,2
0.0,9.451361045482136,0.0,0.0,-1.4145477960040032,B,1
0.0,0.5225462797154378,946.5,12.549019607843135,0.001216053511705617,H,2
0.0,0.5616286745297429,948.5,12.549019607843135,-0.0012626884192110666,C,2
0.0,9.524879970587008,0.0,0.0,1.547277009908441,D,1
25.0,3.8943838728549465,1567.0,14.509803921568627,-0.044439359267734346,B,3
20.0,0.4211848254575485,954.5,12.15686274509804,-0.15339377607506377,H,2
0.0,1.6565537459660573,0.0,0.0,0.005686646609581014,C,1
49.0,0.8663944529566041,3045.0,17.254901960784313,0.03741630414223568,J,3
36.0,0.9877702431988019,2279.5,19.607843137254903,-0.14209304200596629,I,3
54.0,1.763347691499019,1839.5,16.470588235294116,-0.2614736569980869,I,3
19.0,1.7690458147684822,947.5,13.72549019607843,-0.03043429376037661,A,2
0.0,9.457863958170257,0.0,0.0,0.03055672690763034,E,1
43.0,1.3548389123216507,1847.0,14.509803921568627,-0.05612007603332529,C,3
23.0,3.398454251363301,2386.0,19.215686274509803,0.5077826129283491,D,3
20.0,1.9893287385325242,2026.5,24.31372549019608,0.902072127320745,I,3
24.0,2.3209055638623544,938.5,13.72549019607843,-0.13594579215333957,F,2
48.0,1.4986040347836111,1601.5,13.72549019607843,-0.9674848917925685,C,3
25.0,1.8242284609599435,1583.0,20.0,0.28444526106262447,A,3
25.0,4.305586300922134,2522.5,88.23529411764706,-0.3560759493670887,H,3
26.0,3.3828468583099385,2723.0,18.823529411764707,0.09702342225113902,H,3
0.0,9.06866793451181,0.0,0.0,-0.0017771653906466511,F,1
52.0,2.9993743629425205,2199.0,14.901960784313726,0.89546875,C,3
3.0,1.2703138820956792,1691.5,19.215686274509803,0.4579505827505827,B,3
0.0,9.506188138909042,0.0,0.0,-1.4101475953717917,B,1
0.0,9.471639428193846,0.0,0.0,-1.5376528575411208,C,1
0.0,9.532521359577279,0.0,0.0,0.7224834873252783,F,1
0.0,0.579785447067553,947.0,12.941176470588236,-0.0006560924541764157,B,2
0.0,9.482604108735728,0.0,0.0,-0.7060785036233792,E,1
0.0,4.635753766849763,949.5,12.549019607843135,-0.7699910647493975,B,2
0.0,2.2284183739502517,945.0,13.72549019607843,0.0004414294314960543,H,2
33.0,1.8961566253286615,2093.5,27.45098039215686,0.038980564603691814,D,3
0.0,9.46897699334718,0.0,0.0,-0.0012014622395175034,H,1
1.0,4.686317843730291,949.5,12.941176470588236,-3.002428778367939,H,2
0.0,1.579752591056575,948.5,14.117647058823527,-0.0004391891891891153,F,2
29.0,1.7435998617980777,1822.5,14.509803921568627,0.1807544940163237,B,3
0.0,1.9783544070924424,949.0,13.72549019607843,0.004716170251884505,J,2
31.0,0.8629894119838514,1293.0,13.72549019607843,0.2119051090456229,E,2
0.0,3.647444261574108,949.0,14.117647058823527,-0.045719310294592086,A,2
0.0,1.6896669730296556,947.0,14.117647058823527,0.006000000000000005,C,2
0.0,1.9708717882856774,949.0,13.72549019607843,0.0015407803435331102,D,2
50.0,0.9687541185169746,3138.5,17.254901960784313,-0.11726488833746901,G,3
0.0,2.2388845836462603,948.0,13.72549019607843,-0.0030395763656634323,B,2
47.0,1.0957901739854983,2003.5,14.901960784313726,0.16294147078862198,G,3
41.0,0.9711719094576834,2552.0,22.745098039215687,-0.4755060456784594,B,3
17.0,4.049298659718742,1865.5,25.098039215686278,-0.3879274353876738,C,3
47.0,0.6775915204117334,2003.5,14.901960784313726,0.22062039118261761,A,3
43.0,1.0082354562292395,967.5,13.333333333333334,0.1321883394383394,G,2
0.0,1.049912467095729,939.0,12.941176470588236,0.14764757718175192,C,2
0.0,9.531952777635956,0.0,0.0,0.7096149543355776,F,1
0.0,9.499404626345802,0.0,0.0,0.0038967029643073303,B,1
0.0,0.6087922294919702,946.5,12.549019607843135,-0.0007377858047218355,B,2
45.0,2.510169978048865,1933.5,22.745098039215687,-1.1139052733430097,G,3
0.0,0.7024599938918022,1201.5,13.72549019607843,0.7287945845141773,J,2
14.0,3.83671191462632,2613.5,35.294117647058826,-0.034525038798218805,C,3
0.0,9.07025615307638,0.0,0.0,0.007457097860323003,A,1
34.0,1.6548521278900805,2105.5,14.901960784313726,0.05267449055149287,A,3
0.0,0.8573528336850277,950.5,12.15686274509804,0.0037083403255580016,C,2
46.0,0.7092445369386763,2072.0,19.607843137254903,-0.0870611093367401,F,3
29.0,1.1415153544188474,1835.0,14.509803921568627,0.003498207253276986,J,3
25.0,2.4092855741011876,1552.0,13.72549019607843,1.2632075471698112,E,3
26.0,4.275698247438587,1636.5,13.72549019607843,0.5375665059272654,E,3
0.0,1.5946940750382335,943.0,13.72549019607843,-0.0043125795299708,G,2
29.0,1.9106158881947526,2910.5,25.098039215686278,-0.03496326530612259,J,3
0.0,0.5914930621553949,947.0,12.549019607843135,-0.0012114537444932738,C,2
0.0,9.464397404618248,0.0,14.117647058823527,0.0014216867469879976,D,1
0.0,1.0510927799191208,948.0,12.549019607843135,-0.002940318393788277,G,2
49.0,1.7562195566810626,2102.5,19.215686274509803,-1.9507465935660728,I,3
27.0,0.7639559064194248,2766.5,19.607843137254903,0.21063108766233762,G,3
0.0,7.160184231235242,0.0,0.0,0.004481424148607083,J,1
0.0,1.358458583379046,951.5,14.901960784313726,0.01224400871459691,I,2
0.0,9.461918046854203,0.0,0.0,0.6831670744511097,B,1
0.0,9.0702056557554,0.0,0.0,0.001940059042485398,C,1
48.0,5.400322511643723,2064.5,20.0,0.06797899757253045,B,3
19.0,2.4020985908902457,951.5,12.941176470588236,0.030431610332272818,A,2
0.0,9.478024867680096,0.0,0.0,-1.5468820535400716,E,1
0.0,9.46854945803081,0.0,0.0,-0.7043641778895962,A,1
0.0,1.6126734452799523,948.5,13.72549019607843,0.0019712328767123033,E,2
38.0,1.1497887603666372,2382.0,22.745098039215687,-0.12236994393875467,I,3
0.0,2.0071650127308667,954.0,13.72549019607843,0.002367481117481196,I,2
0.0,9.477119136767083,0.0,0.0,-0.7900710900473932,H,1
1.0,1.6273518607962654,949.0,14.117647058823527,-0.059436847103513823,A,2
21.0,0.9616164815564514,2107.0,17.254901960784313,0.039929895674130966,G,3
19.0,4.3613277921942215,1934.5,28.62745098039216,0.030129731560674777,B,3
55.0,1.6932419071796725,1837.5,14.509803921568627,0.18462808417997106,J,3
2.0,0.8137419344672011,1346.5,16.862745098039216,-1.0151399425656853,I,2
0.0,2.009072999937833,949.0,13.72549019607843,0.0025081389793220055,B,2
21.0,2.8800721770045414,963.0,12.549019607843135,-0.0698867090356452,F,2
0.0,0.6222661063655065,947.5,14.509803921568627,-6.427398545627572e-05,J,2
0.0,0.4635949381248368,952.5,12.549019607843135,-0.0011589403973510937,E,2
0.0,1.5975803213631787,1208.5,15.68627450980392,0.020970144392574164,H,2
0.0,1.833211345262924,0.0,0.0,0.0010266159695816995,A,1
0.0,3.046597393679883,952.5,12.549019607843135,0.018337072250115494,A,2
0.0,9.071887644016893,0.0,0.0,0.001112769634801225,C,1
8.0,1.102156918995426,1417.0,18.823529411764707,-1.4102147177419353,C,2
0.0,2.0088853403653433,952.5,13.72549019607843,-0.0011402452619844183,F,2
13.0,1.3463371220715632,942.5,14.117647058823527,-0.09335588573934983,G,2
37.0,1.2706815264891471,2343.5,18.823529411764707,0.5747430774623205,E,3
0.0,1.649298440439559,944.0,14.117647058823527,-0.012734302030006805,I,2
15.0,0.9954456393187034,964.0,14.509803921568627,0.08282392026578067,B,2
31.0,0.6559120563109662,1943.5,14.901960784313726,0.015833067211683816,I,3
19.0,1.224562025886505,1920.5,19.215686274509803,-0.0744871794871795,E,3
21.0,0.30286772505514087,1312.5,13.72549019607843,0.09985428871864205,G,2
28.0,4.071498440561319,1775.0,14.509803921568627,0.698488894476573,E,3
0.0,1.6883249852789475,0.0,0.0,-0.0029489673750374007,G,1
17.0,0.7688498039421642,950.5,12.941176470588236,0.014665087771235596,I,2
4.0,1.083488949622003,1574.5,13.72549019607843,-0.05041595890964967,E,3
0.0,1.6927358003937447,955.5,14.117647058823527,-0.0032490332903684083,G,2
0.0,1.2343251514769065,950.0,14.117647058823527,0.036740047657565,E,2
35.0,0.6943159373200183,2181.0,14.901960784313726,-0.0415272294354674,E,3
0.0,8.890448394413157,0.0,0.0,0.6463184446905377,D,1
0.0,9.459150649596777,0.0,0.0,-0.014085056086556191,B,1
0.0,1.6106325082281674,948.0,14.509803921568627,0.006723966613672472,E,2
26.0,1.023122002182897,2231.5,14.901960784313726,-0.2120061642780089,J,3
14.0,0.6822048238052485,1409.0,13.72549019607843,-0.0390046892543425,F,2
16.0,5.381352541602376,1652.5,17.647058823529413,0.09960672254677849,G,3
0.0,1.8156166405636653,881.0,18.431372549019606,0.040839807852965815,C,2
0.0,1.7503421732873536,948.5,13.72549019607843,0.005082234777150085,C,2
2.0,0.6020700249193326,1559.0,17.254901960784313,-0.1978534847472722,C,3
0.0,1.6391844711737609,950.0,13.72549019607843,0.002780457285860488,H,2
0.0,1.625669014387287,950.0,14.117647058823527,-0.00050675675675671,C,2
0.0,1.7747505543837683,0.0,0.0,-0.00036826599326600373,E,1
0.0,9.034342247973298,0.0,0.0,0.006229835286126306,B,1
0.0,9.451695204884931,0.0,0.0,1.5702149106933767,H,1
0.0,0.4834603034635944,953.0,12.549019607843135,0.002087542087542027,C,2
0.0,9.430094066288337,0.0,0.0,-1.5117071907163087,E,1
0.0,0.4316191068695886,945.5,13.72549019607843,0.000743243243243305,E,2
0.0,1.6081232138579287,1189.5,15.68627450980392,0.00013312954102429053,B,2
0.0,3.865321491406636,953.5,12.549019607843135,0.7351333866118654,E,2
0.0,8.796487661879056,0.0,0.0,6.455056036999696e-05,C,1
0.0,9.069422666400886,0.0,0.0,0.002572919454107314,F,1
0.0,9.50482944221935,0.0,0.0,0.004231601731601531,G,1
60.0,0.9890143172793119,2521.5,15.68627450980392,-0.06745874587458744,A,3
44.0,2.001842717175377,1859.0,14.509803921568627,-0.12201277955271528,G,3
21.0,4.240088016718377,1406.0,19.215686274509803,0.11540750630470287,D,2
0.0,1.710036059832953,949.5,13.72549019607843,-0.00038533534219059584,J,2
0.0,9.539026881036444,0.0,0.0,2.0687479496245538,H,1
6.0,1.7778734512412746,950.0,14.117647058823527,-0.01705990990990991,F,2
0.0,0.3193538895105216,1558.0,21.56862745098039,0.006185687263556006,F,3
0.0,8.75397823204347,1347.5,18.431372549019606,-0.037002741188171595,A,2
30.0,4.597490840712313,2964.0,23.52941176470588,0.0390649653737869,F,3
0.0,9.587347314600333,0.0,0.0,0.8907959371326737,B,1
37.0,3.3615195975040613,977.5,13.333333333333334,0.8684734086804782,I,2
52.0,3.3273256953782666,2710.5,16.470588235294116,0.1700884895514263,F,3
0.0,1.3863517335404785,954.0,13.72549019607843,0.0015149893965683559,H,2
0.0,9.494184206755278,0.0,14.117647058823527,-0.0007386520102809005,I,1
0.0,0.495325405966331,934.0,13.72549019607843,-0.014999386804022574,B,2
35.0,5.170008907469614,2209.5,43.92156862745098,-0.44952281979121,D,3
60.0,1.6675175106542883,2035.0,14.901960784313726,0.2632610471289718,B,3
0.0,1.8750132462961757,947.0,14.117647058823527,-0.011465663344858004,A,2
34.0,2.8984952236280774,2167.5,18.431372549019606,-0.9566627770141313,J,3
18.0,1.7573512561652096,1876.0,14.509803921568627,-0.06797613970505717,I,3
9.0,4.069275813994479,943.5,12.549019607843135,0.6777470833640997,I,2
0.0,9.038926140859866,0.0,0.0,7.603884049700582e-05,F,1
55.0,1.9608249886030902,2313.5,23.137254901960784,0.08171381306865166,I,3
12.0,1.7578307421186903,946.5,13.333333333333334,0.09545751633986929,E,2
36.0,0.7981983551896397,950.0,12.15686274509804,0.19534992522965178,E,2
0.0,2.0046374164677365,949.5,13.72549019607843,0.004543747136967535,F,2
1.0,1.1947133070131855,1527.0,21.176470588235293,-0.7629012388460539,D,3
23.0,1.9398271550599089,2311.5,23.137254901960784,-0.24838968788249682,J,3
86.0,1.0741027920931272,2884.0,16.470588235294116,0.017155707390459463,A,3
0.0,9.49413513660363,0.0,0.0,0.002754775805234533,D,1
0.0,9.48002628400392,0.0,0.0,0.03252275546226496,E,1
0.0,1.7182809146253506,0.0,0.0,0.0036959609728102003,E,1
0.0,1.5611926243777978,0.0,0.0,-0.005304838090073011,D,1
19.0,1.184453235835724,1918.5,23.52941176470588,1.134485981308411,D,3
31.0,0.6572750004318235,1961.5,14.509803921568627,0.3070012497159736,H,3
0.0,0.5568580768721756,948.0,12.549019607843135,0.0251006734006734,E,2
0.0,9.068664879513753,0.0,0.0,-0.0024986589054392105,B,1
43.0,1.0798491723296155,2718.5,16.07843137254902,0.0654372538489079,A,3
34.0,1.890367837063873,2157.5,32.549019607843135,-0.17073241336376832,B,3
9.0,1.702550350129559,945.5,14.117647058823527,-0.4486904114906831,F,2
0.0,0.8533923313812868,949.5,12.549019607843135,0.0012898724082934798,B,2
0.0,1.2250037032863266,956.5,13.333333333333334,-0.16392483685824358,H,2
20.0,0.8612360276222137,959.0,13.333333333333334,0.04506025641025649,C,2
0.0,1.6596377148040993,0.0,0.0,-0.11325657643919182,J,1
0.0,9.500943677627003,0.0,0.0,0.6808314203014273,F,1
0.0,0.7244806121758047,1260.5,15.294117647058822,0.2602800064184853,G,2
0.0,0.7299181891757068,947.0,13.72549019607843,-0.0015328499820980168,G,2
0.0,1.908502960686621,950.0,13.72549019607843,0.06321228419054509,A,2
0.0,9.49605471789757,0.0,0.0,-0.006918789808917247,J,1
0.0,9.49465533859628,0.0,0.0,0.005426005349566498,I,1
19.0,0.7911170234272521,950.0,12.15686274509804,1.697255251401958,A,2
0.0,9.06621904623458,0.0,0.0,-0.0002083082480432985,E,1
0.0,1.6075981870648817,945.5,13.72549019607843,-0.0002477886206700003,C,2
0.0,9.459056253693893,0.0,0.0,0.6953886530843235,F,1
1.0,0.4631069010047446,942.0,12.15686274509804,-0.060246445738701415,D,2
0.0,9.070068762076696,0.0,0.0,0.0004100842127692239,I,1
23.0,0.8914792410098396,952.0,12.549019607843135,-0.08443185248833057,C,2
0.0,1.6131370126406153,1203.5,15.68627450980392,0.004388442245584989,B,2
12.0,4.210782313958539,947.5,12.549019607843135,0.10689318385033353,F,2
0.0,0.5888482715161768,945.5,12.549019607843135,0.0007930481490068253,F,2
0.0,9.085008974334858,0.0,0.0,0.08640668547345554,F,1
0.0,9.465756249057122,0.0,0.0,1.4085876291926787,C,1
53.0,0.8539311570197385,1187.5,14.901960784313726,-1.2512706705102454,A,2
0.0,2.066810468908855,946.5,13.72549019607843,0.008387679931304182,B,2
0.0,9.528498012726429,0.0,0.0,1.5529961155659,B,1
8.0,1.3141464959502616,947.5,13.72549019607843,0.07830718786164342,B,2
0.0,9.476729092921437,1173.25,17.647058823529413,-0.0019085464476357034,D,2
0.0,0.7810420612463195,950.0,12.549019607843135,0.0010760938251578311,A,2
0.0,9.52781659096654,0.0,0.0,-0.0002457103637609759,E,1
0.0,2.232005916199747,953.0,13.72549019607843,0.002498983096809182,E,2
0.0,1.7361095272824976,950.0,14.117647058823527,-0.0010936541910105402,G,2
33.0,0.729635025869357,2118.0,14.901960784313726,0.08146951115653212,H,3
32.0,1.0146506914284816,2081.5,14.901960784313726,-0.3337569520561849,B,3
4.0,1.9462094475560643,1045.5,14.901960784313726,-0.04784531485216009,A,2
0.0,9.535116023085212,0.0,0.0,2.986008611329913,B,1
0.0,1.9130534194344737,948.0,12.549019607843135,2.433522995602348,D,2
1.0,1.6171167790566394,948.0,13.72549019607843,-0.005120489933331918,I,2
15.0,0.8219163674289157,2184.5,18.823529411764707,0.0163408956789719,I,3
0.0,9.49119385622651,0.0,0.0,-0.002691283439525516,A,1
7.0,1.1508002209207657,1441.5,13.333333333333334,-0.0800023573785949,B,2
0.0,1.3573167258801935,948.5,12.549019607843135,0.0007822933798322662,A,2
0.0,2.009408820835177,954.0,14.117647058823527,0.0009526907493009329,D,2
38.0,4.922019933035047,2367.0,15.294117647058822,-0.5973547770987793,F,3
55.0,0.8644787970410822,2340.0,18.823529411764707,0.14350602893890674,J,3
0.0,9.531378014396555,0.0,0.0,0.7142299042299979,G,1
0.0,9.474335495392467,0.0,0.0,0.001998848340891146,G,1
14.0,1.8584921970182322,1415.5,20.0,-1.0536060128363922,D,2
27.0,4.160767423967202,2791.5,24.705882352941178,-0.216194968553459,B,3
0.0,1.9945289342377377,0.0,0.0,0.004147157190635499,A,1
0.0,1.0411812038494797,944.5,14.117647058823527,0.03587186147186139,B,2
6.0,1.5027839962234395,1209.0,9.803921568627452,-0.05895408904194849,J,2
37.0,1.210317076991534,2331.5,15.68627450980392,-0.20044954507857737,G,3
0.0,9.493897063900762,0.0,0.0,0.0009134971141038228,C,1
32.0,3.28553426349349,2005.0,85.09803921568627,-2.141115185930045,A,3
56.0,0.7954453606470555,942.0,12.941176470588236,-0.2202565527263402,E,2
21.0,1.4935691404857416,1354.5,21.56862745098039,-0.1469972556167694,D,2
0.0,4.7956186118205935,950.0,12.549019607843135,0.000299243732964527,F,2
15.0,4.082276111062826,1419.5,14.901960784313726,-0.1945018525593749,G,2
0.0,9.487944541724985,0.0,14.117647058823527,0.0002700778902536005,D,1
30.0,1.5281551373109103,1296.0,13.72549019607843,0.31946249708828356,H,2
0.0,1.6545984843594062,951.5,14.117647058823527,0.004544295302013501,A,2
45.0,1.7998996129478309,1904.0,14.509803921568627,0.12851901501402385,F,3
0.0,9.467427956331582,0.0,0.0,-1.4456495321166956,G,1
0.0,2.2335948815240663,947.0,13.72549019607843,-0.0012054723799690414,E,2
10.0,0.9296677692044858,1365.5,26.666666666666668,0.09004770826071809,E,2
40.0,1.7973998176198742,2486.0,88.23529411764706,-0.17272786471581758,D,3
0.0,2.0609898811239016,949.0,13.72549019607843,0.0010559327950633302,G,2
0.0,1.5268067010804562,945.0,13.72549019607843,-0.005357931583612502,G,2
11.0,2.641041297209539,2074.5,25.098039215686278,-0.16238979963570127,E,3
0.0,2.508622682428366,0.0,0.0,3.2383856344107955,J,1
26.0,1.6761644274070224,1657.0,87.84313725490196,0.3598984327908379,B,3
23.0,2.3092941067753494,2349.5,87.84313725490196,-0.8759721977311468,G,3
0.0,1.2132731720169592,950.0,13.333333333333334,0.003919818338423087,G,2
49.0,0.6009062539790789,2078.0,19.215686274509803,0.017270513300861712,H,3
7.0,1.32958521516989,945.5,12.941176470588236,-0.001813818118633459,I,2
0.0,0.9749987000092347,1194.5,13.72549019607843,1.4414355556022835,E,2
0.0,1.486077599772932,953.0,12.941176470588236,-0.00021903624054164794,D,2
0.0,8.802828376368428,0.0,0.0,-2.164966887417219,J,1
0.0,1.2419433344968527,950.0,13.72549019607843,0.00011509654366789746,D,2
22.0,1.8831319565407587,2263.5,22.352941176470587,-0.031778301886792426,B,3
30.0,1.9152703573961054,1867.5,30.19607843137255,-1.0557058534185932,F,3
52.0,1.7198661630065524,1751.5,14.901960784313726,0.1307394322929465,E,3
113.0,3.306449013112086,4746.5,88.23529411764706,-0.13680379746835447,D,3
0.0,9.527883499380264,0.0,0.0,0.7955760206611093,D,1
5.0,0.5516029868353168,993.5,13.333333333333334,1.109172019866163,F,2
0.0,9.493529982935458,0.0,0.0,0.0008940736005844663,F,1
7.0,1.770574019285978,1359.0,22.352941176470587,-0.04159021564875631,C,2
0.0,0.7316626505458635,947.0,13.72549019607843,0.004615519498737397,D,2
0.0,9.48843557122055,0.0,0.0,0.7743230403800476,C,1
9.0,1.2553833924546463,951.5,12.15686274509804,-1.9346715401163253,I,2
16.0,0.8721957651563532,951.0,12.549019607843135,0.12786925832279805,C,2
0.0,1.3962236824122296,945.5,12.549019607843135,-0.002373214303079796,E,2
38.0,0.3618518588189189,2371.0,15.294117647058822,0.332968356918239,A,3
0.0,9.492965534346725,0.0,0.0,0.006107656081739132,F,1
0.0,1.1922267218211564,950.0,13.72549019607843,0.0011784511784511953,D,2
0.0,3.535536650696075,970.5,14.509803921568627,-0.036897741147740915,F,2
0.0,1.6370236714610886,950.5,13.72549019607843,0.0010192318666895073,C,2
0.0,3.039447914780831,949.5,14.117647058823527,0.006947619047619202,F,2
32.0,1.8086284333189415,2001.5,18.431372549019606,-1.1397416617488452,G,3
0.0,1.602161472936921,0.0,0.0,0.005359450359450402,B,1
10.0,0.40009138782460063,953.0,13.72549019607843,-0.1913793035414817,J,2
0.0,4.131060797574346,954.0,12.549019607843135,0.010334837047954792,G,2
0.0,9.115976820394657,0.0,0.0,-0.0011520948705041612,D,1
12.0,1.4454409248740787,2188.5,20.392156862745097,0.0392153110047847,F,3
16.0,5.505327762939596,1652.5,17.647058823529413,-0.13626104806979544,D,3
0.0,1.5992571991558298,952.5,12.549019607843135,0.0010453428767156492,H,2
0.0,9.504917989966692,0.0,0.0,1.3823734854850513,E,1
22.0,0.8007010283866371,1366.0,18.431372549019606,0.025068937814834102,G,2
0.0,9.458623500851708,0.0,0.0,-0.7227373737373739,I,1
0.0,9.508419004582274,0.0,0.0,0.7063405559813278,I,1
0.0,1.0414025298382652,944.0,12.941176470588236,-0.004354566902595169,G,2
0.0,0.6314810962541578,958.5,12.549019607843135,-0.04565687850175221,I,2
20.0,2.34325013443235,1253.0,13.333333333333334,-0.11455696202531673,I,2
0.0,9.525032850283809,0.0,0.0,-0.002270575267214081,F,1
0.0,1.661979171013622,947.5,14.509803921568627,0.0009121621621621667,J,2
33.0,0.48669378813980446,1411.5,13.333333333333334,0.052600355772734086,F,2
38.0,1.8268272756068498,2379.0,23.137254901960784,-0.11506577293674058,F,3
0.0,9.527541974054568,0.0,0.0,-0.003977490421455787,B,1
0.0,1.6656368165613038,953.5,13.72549019607843,0.0026562393356842073,D,2
0.0,9.636905544729219,0.0,0.0,-2.8482854496196923,D,1
26.0,1.2634709693519688,948.0,12.15686274509804,-0.047696159675609806,C,2
60.0,0.8358729085104295,2035.0,14.901960784313726,-0.0898244304439999,B,3
0.0,1.5778163288895282,950.5,13.72549019607843,-0.0018644067796609876,H,2
26.0,0.30549271509682097,2599.5,16.862745098039216,1.6234115075322213,G,3
0.0,9.459098423219471,0.0,0.0,-0.05842601787487589,H,1
0.0,2.0449922214683682,948.5,13.72549019607843,-0.015631668752132954,I,2
0.0,2.027277016941335,956.5,13.72549019607843,9.13981604677705e-06,E,2
0.0,9.522615704044158,0.0,0.0,0.6630054779127748,G,1
0.0,0.981097261509916,948.5,13.333333333333334,0.0013742275576424934,H,2
0.0,9.509186213062323,0.0,0.0,0.0008749243799153206,B,1
0.0,9.48439927309611,915.5,17.254901960784313,0.024063030666267096,C,2
0.0,1.0166553239658191,952.0,12.941176470588236,-0.0038544382446822345,C,2
33.0,1.0555747579963453,2070.0,14.901960784313726,1.0012421422663358,J,3
47.0,1.8659800599293597,2900.0,15.294117647058822,-0.02131567843436666,D,3
20.0,1.5478487554603404,2040.5,16.07843137254902,-1.4764390930155578,H,3
0.0,1.2521125486926377,953.0,12.549019607843135,0.7119205430036073,F,2
19.0,1.6366818596658905,1951.5,20.0,0.07498839780811184,C,3
22.0,1.0071298688511778,2240.5,29.80392156862745,-0.3474534078807242,B,3
10.0,0.5755846475113,1961.0,17.647058823529413,-0.03026115004607899,A,3
12.0,1.452450632996432,959.0,14.117647058823527,0.02596795382165601,F,2
0.0,1.0036477799672343,951.5,14.901960784313726,0.013986280981039267,J,2
0.0,1.0604600530439983,952.5,12.549019607843135,-0.0025786458822424363,I,2
0.0,1.599810741849386,946.5,13.72549019607843,-0.0018482993197278946,I,2
23.0,1.5570850276086805,2299.5,15.294117647058822,-0.6722214929467084,I,3
0.0,1.1855641516922555,948.0,13.333333333333334,-0.004172972972972977,A,2
39.0,0.20722920092095412,2468.0,15.68627450980392,0.0153698685241251,I,3
0.0,0.5065548915669331,973.5,13.333333333333334,-0.0013489337340776286,B,2
0.0,9.069893880797483,0.0,0.0,-0.0004001554001558105,F,1
0.0,0.7585076997987393,1198.0,13.72549019607843,0.8023337487389474,G,2
6.0,2.8277567053020247,955.5,12.549019607843135,0.060794430206354555,D,2
0.0,9.647263371127293,0.0,0.0,-2.385182990786676,F,1
0.0,9.069475087164243,0.0,0.0,-0.00012640191211632512,A,1
3.0,0.6814652188075664,930.5,14.901960784313726,0.020371491228070138,J,2
0.0,9.494062180347411,0.0,0.0,-0.002801456675017744,H,1
31.0,1.0503600805155202,1293.0,13.72549019607843,-0.0202394545433318,F,2
50.0,0.8186574748575612,950.0,13.333333333333334,0.1041366158113731,G,2
21.0,1.6708426882531129,2129.5,16.862745098039216,0.006534234234234326,C,3
47.0,1.0768257134121364,955.5,13.333333333333334,-0.09307997526538181,I,2
10.0,0.9085632143956961,1009.5,12.941176470588236,0.020198019801980216,C,2
0.0,0.5209017248782877,971.0,13.333333333333334,-0.0021526587070624936,G,2
0.0,2.238922268467626,948.0,13.72549019607843,-0.001307826984803695,C,2
46.0,1.2461096254439472,2915.0,28.62745098039216,-0.0189137380191694,D,3
0.0,2.0027491058562568,952.0,13.72549019607843,0.00322782514057679,I,2
49.0,1.7124606571870788,2065.5,21.56862745098039,0.012008728930168466,F,3
9.0,0.6015847824230391,1711.0,21.56862745098039,1.2587508761802662,F,3
0.0,9.498721314554409,0.0,0.0,-0.0024189338641894542,E,1
13.0,1.812775977269164,968.0,14.509803921568627,-0.13377519032691487,G,2
32.0,0.815235593240901,2020.0,21.96078431372549,0.052098592725602244,J,3
0.0,1.0682766959986187,948.0,12.549019607843135,0.0035044758791359376,H,2
32.0,1.8015340984678332,2638.0,28.62745098039216,-0.3409918174807456,I,3
2.0,3.029019088090973,949.5,12.549019607843135,-0.041487392900856346,H,2
23.0,3.860156246577336,948.0,12.549019607843135,0.03601712006453717,F,2
32.0,4.378432489640045,3143.0,17.647058823529413,1.3614322108112413,F,3
1.0,1.4949366410843183,1120.0,11.76470588235294,-0.05247292822623939,F,2
0.0,2.241740053671015,952.5,12.941176470588236,-0.19107650207990892,J,2
20.0,1.007862992400535,2079.0,20.7843137254902,0.025139940133641014,J,3
4.0,2.8544159752801557,1574.5,9.803921568627452,-0.7046954971857413,H,3
0.0,1.3019476434471382,949.0,12.15686274509804,0.030352615937521588,D,2
17.0,4.573635219148284,1774.5,19.607843137254903,0.34050587374244756,H,3
0.0,1.6038790298975936,947.0,14.509803921568627,0.003289738891433802,J,2
0.0,9.010181864950376,0.0,0.0,-0.01581937039857806,C,1
0.0,1.0312384534951962,953.0,12.941176470588236,0.0025486713087964352,C,2
0.0,2.0077430272875127,947.0,13.72549019607843,-0.0012457912457912723,I,2
14.0,1.5254713775125375,1156.5,13.72549019607843,0.0609716361931551,C,2
0.0,1.9323709739095232,0.0,0.0,1.9167497481388442,I,1
39.0,0.9169459406182631,2403.0,15.68627450980392,-0.28757188498402564,H,3
32.0,3.3162360951687213,1056.0,13.72549019607843,0.09126213592233012,E,2
0.0,9.463709372892945,0.0,0.0,-1.5373360928054027,E,1
26.0,1.596486438906164,948.0,12.15686274509804,0.718997818979863,D,2
15.0,4.422264942789855,2849.5,33.333333333333336,-0.1189316734221193,F,3
21.0,1.0331020445558012,2133.5,22.352941176470587,0.14009179467965538,G,3
0.0,1.6547622829751525,950.0,13.72549019607843,-0.004022636787623768,J,2
0.0,9.46815870650332,0.0,0.0,-0.0010000000000000009,J,1
0.0,9.497303320095526,0.0,0.0,-0.001500040250087209,G,1
0.0,1.0325734382963792,955.5,12.549019607843135,-0.0023647376852222735,C,2
0.0,1.5938452625826536,945.5,14.117647058823527,0.0007859174155386978,C,2
10.0,1.4828973215729147,1893.0,19.607843137254903,0.3558378734415433,A,3
41.0,2.0067777002837186,2605.0,17.647058823529413,0.09260005044560282,I,3
25.0,0.5775817046189128,1564.5,13.72549019607843,-0.04349512234999181,F,3
0.0,1.026219145527699,951.5,12.549019607843135,0.002899286543885826,D,2
0.0,0.5423962213567654,952.5,12.549019607843135,-0.003956537516582537,E,2
40.0,4.693949039816342,4061.5,88.23529411764706,0.6783478417122553,G,3
0.0,9.466070621653314,0.0,0.0,-0.7115661624137641,I,1
0.0,8.894492790785,0.0,0.0,-1.0663749499496789,C,1
41.0,1.6574183559872164,1731.5,17.647058823529413,0.12781457431457421,I,3
0.0,1.719120348006148,947.0,14.117647058823527,-0.0015773088896576248,D,2
38.0,5.030946686361224,2395.0,15.68627450980392,0.06673340548340523,I,3
65.0,3.088624722886527,4155.0,18.823529411764707,-4.195303640121436,A,3
59.0,1.4278348580841522,3676.5,18.431372549019606,0.13174603174603172,J,3
17.0,0.5597170264436694,2049.5,21.56862745098039,0.06846409449688146,J,3
3.0,0.6974165517755038,949.5,12.15686274509804,0.023687707641195987,H,2
31.0,0.9335658911921305,1293.0,13.72549019607843,0.024269519310919696,J,2
0.0,2.062791710481637,0.0,0.0,0.0011322815670641029,G,1
17.0,1.2742669566319351,1098.0,20.0,0.3987529713978988,J,2
0.0,1.0819078748245516,950.0,13.333333333333334,0.003228700554859465,H,2
12.0,1.0888516648442583,1057.5,12.941176470588236,0.012157768262413216,F,2
3.0,2.206861893625136,1542.5,22.352941176470587,0.1705431201550387,D,3
17.0,1.624418264217818,1753.0,18.823529411764707,-0.015624268620526072,H,3
0.0,1.6717083083031399,953.0,13.72549019607843,0.00018143143143140028,J,2
0.0,1.4537755718791563,953.0,12.549019607843135,0.00017130939967235914,A,2
51.0,4.52650334344203,951.5,12.549019607843135,-1.1893690722201642,F,2
18.0,0.6234685504958609,993.0,14.117647058823527,0.36198997592561843,I,2
48.0,1.5466999999001958,3021.0,23.137254901960784,0.41850840555497554,A,3
0.0,3.339040291925127,0.0,0.0,1.4808423870256653,J,1
38.0,1.9714348001424673,2379.5,15.68627450980392,0.6978211682802131,E,3
0.0,0.9522330329973586,944.5,14.117647058823527,0.08773927392739278,H,2
0.0,1.0443356852085175,947.5,12.941176470588236,-0.004853766653014957,C,2
0.0,1.0416100450899781,952.0,12.549019607843135,-0.0030280239027404843,A,2
50.0,5.208926483377549,2091.5,15.294117647058822,0.1021945701357474,H,3
0.0,2.015795314456442,957.0,14.117647058823527,0.0011896364777720936,A,2
0.0,9.495152439844606,0.0,14.117647058823527,-0.0019682784320942948,F,1
0.0,1.0902100958690284,955.0,13.72549019607843,0.04194784328265977,D,2
0.0,1.6167449744946987,0.0,0.0,0.007752211379329965,A,1
0.0,1.1110545708490989,952.0,13.72549019607843,0.004059436555199247,G,2
0.0,1.6117039088289782,947.0,14.509803921568627,0.003045773045773026,A,2
0.0,0.5142226399964733,956.0,12.549019607843135,0.0015607644804724874,C,2
0.0,9.533246143165014,0.0,0.0,0.700491452991453,I,1
14.0,0.9827772133052487,2234.0,15.294117647058822,-0.13620689655172408,F,3
0.0,0.7720945779184313,950.5,12.549019607843135,0.001586459346248792,F,2
1.0,4.103543419854701,1114.5,9.803921568627452,-0.04240423387096759,D,2
37.0,2.1575951709887806,2343.5,18.823529411764707,-0.5663101801310044,D,3
26.0,4.165225808843887,2723.0,18.823529411764707,0.08178264081624542,J,3
15.0,1.8187590222386698,1547.5,11.76470588235294,0.24182892411058698,C,3
38.0,1.8074432700407168,2390.0,19.607843137254903,-0.057533580116340605,E,3
0.0,0.8167409445325855,954.5,12.549019607843135,-0.0015347364139121078,I,2
0.0,9.52699239509646,0.0,0.0,0.7025626085597965,E,1
0.0,0.9755613981744672,1368.0,16.07843137254902,0.008879943732078122,D,2
0.0,0.5523297726827879,950.0,12.549019607843135,0.00023838411456111874,A,2
0.0,1.0231639554109673,947.5,12.941176470588236,0.0009344036578078363,H,2
0.0,9.49357985347127,0.0,0.0,-0.67803086522309,D,1
0.0,1.3968777742175147,950.0,14.117647058823527,0.004553815560526919,I,2
0.0,1.16798776572764,957.5,13.333333333333334,-0.0035594778451921716,I,2
9.0,1.278486107663115,951.5,12.15686274509804,0.1522825908268946,I,2
30.0,1.1418029520322281,3030.5,28.62745098039216,0.03218370339338095,B,3
46.0,1.869420309150688,1947.0,14.509803921568627,0.021937406409104687,C,3
69.0,3.5036966947206807,2878.5,20.7843137254902,-0.4251386510440138,H,3
0.0,0.5697369909526135,950.5,14.117647058823527,0.0024832459833319387,B,2
16.0,0.6546583644925424,1154.0,14.901960784313726,0.09497522622756269,E,2
16.0,0.9877743342053658,954.5,14.509803921568627,0.07101689735399669,D,2
0.0,9.48215721131241,0.0,0.0,-0.004738598442714181,H,1
0.0,9.039423896669502,0.0,0.0,-0.008457375389891553,F,1
0.0,1.4846393087472827,948.5,13.72549019607843,-0.0010261151440442012,J,2
0.0,3.081821432565849,949.5,14.117647058823527,0.0029999999999998916,I,2
0.0,0.5736608925943271,947.0,12.549019607843135,-0.0025811462676803565,J,2
26.0,3.343484317023321,2547.0,15.68627450980392,-0.08571198237444255,H,3
0.0,2.0202364362475014,1562.0,15.294117647058822,0.8121873889086388,H,3
16.0,0.7971329536615678,973.0,12.941176470588236,0.06393185354216369,E,2
18.0,2.5246397066227884,1836.0,23.137254901960784,-0.05449212299727768,G,3
42.0,1.8669234880494665,1795.5,14.509803921568627,-0.008571978645242284,B,3
41.0,3.9613217331615482,2574.5,87.84313725490196,0.23907761596762034,F,3
0.0,0.7819270083203933,939.5,13.333333333333334,0.006661859987357799,E,2
0.0,1.5463110454236113,953.0,13.72549019607843,0.0006974178646532714,B,2
52.0,3.3805192343443093,2710.5,16.470588235294116,-0.6877808242900021,G,3
20.0,2.5949805147646723,2051.5,26.274509803921568,0.1322436359888694,B,3
0.0,2.0150824687538407,1046.5,13.333333333333334,0.00725159555866417,J,2
7.0,4.006290707042236,1666.5,17.647058823529413,0.13178309865247773,D,3
33.0,0.9206018381139538,2043.0,14.901960784313726,-0.013197381028425326,A,3
0.0,9.070046188186202,0.0,0.0,3.910068425927449e-06,F,1
0.0,2.022875990031142,951.5,13.72549019607843,0.010367764853381645,F,2
0.0,0.603139008200737,943.5,12.549019607843135,0.024376426456963418,E,2
0.0,9.53441557108088,0.0,0.0,0.7581458617082175,C,1
0.0,2.011107087388681,952.0,13.72549019607843,-0.0031432642695440882,D,2
0.0,2.240406216233592,943.5,13.72549019607843,-0.005270390171766559,B,2
0.0,9.527826623486831,0.0,0.0,2.3509610195242523,E,1
20.0,0.5875402516400875,959.0,13.333333333333334,-0.05627027027027018,B,2
0.0,9.069808099398815,0.0,0.0,0.0004017618198033368,C,1
0.0,0.8416805339371092,960.0,14.117647058823527,-0.18464843430627093,A,2
46.0,2.0016735226187548,2881.5,18.823529411764707,0.3097818521347935,E,3
56.0,1.1183486220123522,942.0,12.941176470588236,0.6364474166553202,C,2
4.0,1.2966997790769683,1097.0,12.941176470588236,-0.07772585669781942,D,2
0.0,1.6165073020749443,948.5,13.72549019607843,0.0007012300136668009,C,2
40.0,1.0494361650051736,2512.5,18.03921568627451,-0.22720491010239474,H,3
0.0,1.7140148010719143,0.0,0.0,0.0011532295006871918,B,1
0.0,9.582236576734058,0.0,0.0,-0.6478650442477881,I,1
0.0,0.9901249882065929,947.0,13.72549019607843,-0.004709594182500387,C,2
24.0,2.1704175758803905,2398.0,22.745098039215687,0.93200480015674,J,3
0.0,9.528809664426493,914.0,17.254901960784313,0.012000000000000004,F,2
16.0,0.6438552474927135,3005.5,16.470588235294116,-0.2420215053763442,D,3
23.0,2.3467299260502883,2246.5,14.901960784313726,0.273296593999919,B,3
33.0,4.860627516124571,2048.0,88.23529411764706,-0.01980176467173589,B,3
0.0,1.0539929436169457,947.0,12.549019607843135,0.0016182376909685825,E,2
52.0,1.704510067725607,3264.5,23.52941176470588,-0.010119067778671498,H,3
24.0,4.643473752042099,2398.5,87.84313725490196,-0.4014681585173503,E,3
0.0,1.9097907270828915,947.5,14.509803921568627,1.1081771544271544,F,2
77.0,4.295557620533478,4798.5,88.23529411764706,0.4512618296529967,F,3
3.0,0.7380986195364193,925.5,15.294117647058822,0.11003479879418138,H,2
0.0,9.48796098230021,0.0,0.0,0.0010328624892362859,F,1
34.0,1.2216185530995651,2165.5,15.294117647058822,-0.13544435427149276,C,3
0.0,1.5807300519943646,951.5,13.72549019607843,0.20946820033549,H,2
0.0,9.069383054316518,0.0,0.0,9.794107610128222e-05,D,1
36.0,5.405491540255646,1541.0,13.72549019607843,-0.15205899065034334,J,3
37.0,3.7572620044154683,2336.0,24.705882352941178,0.6538832290529832,I,3
0.0,9.498478564702655,0.0,0.0,0.006380527981517781,C,1
0.0,9.040231501277331,0.0,0.0,-0.0013283304966735798,C,1
23.0,0.9220067318288951,939.5,13.72549019607843,0.4464409503154575,J,2
0.0,0.6924447611175066,951.0,13.72549019607843,-0.00011141320067098448,G,2
7.0,0.8866276814165835,1526.5,23.137254901960784,-0.020911770989104905,J,3
46.0,0.8311983901411139,1940.0,14.901960784313726,-0.11026294219154442,E,3
0.0,1.5852695643491193,953.5,13.333333333333334,-0.001582491582491602,B,2
0.0,0.91815390780877,949.5,12.941176470588236,0.00024003387180820956,A,2
9.0,0.5846495552766692,951.5,12.15686274509804,-0.09259969834087478,C,2
21.0,1.64338314586575,2115.5,48.62745098039216,-0.004641261645527028,E,3
0.0,0.43287684984979324,949.5,13.72549019607843,1.1092022209234367,F,2
1.0,4.5999957410995815,946.5,12.549019607843135,-0.033388227970001516,F,2
0.0,1.6076293702778437,950.5,13.72549019607843,0.0005234057407969978,A,2
8.0,0.7641425841352443,1287.0,12.941176470588236,-0.2928368794326241,E,2
2.0,0.6866639739200231,1150.0,14.509803921568627,0.19722449618878557,H,2
27.0,1.7162312274995346,1714.0,21.176470588235293,0.0393650561656993,B,3
0.0,9.497734592581072,0.0,0.0,0.0028995670995671796,C,1
0.0,1.7238476788228398,0.0,0.0,-0.000965245294104411,F,1
0.0,2.0087102497788947,946.5,13.72549019607843,0.0012542372881356179,I,2
0.0,1.0428585956763339,950.0,12.941176470588236,0.0016574915506767374,A,2
0.0,2.0471477710421753,944.5,13.72549019607843,-0.005007761493859175,I,2
22.0,1.5379504880687138,2241.0,18.431372549019606,-0.028588159413402092,H,3
0.0,9.041119495418457,0.0,0.0,-0.00845777361241229,G,1
16.0,3.5962191013936193,2932.5,16.862745098039216,-0.8606045395024008,G,3
0.0,1.4959391334173813,954.5,13.72549019607843,0.008034311856652696,G,2
0.0,0.5599018594423666,936.0,11.76470588235294,-0.003977827050997806,I,2
16.0,4.455118058228791,1631.0,14.509803921568627,-0.42313645999925553,B,3
0.0,9.11509021510343,0.0,0.0,0.0007280741754067677,F,1
18.0,3.9923195226062016,1852.5,16.470588235294116,0.09543328042236832,J,3
0.0,1.2795464708945414,944.0,14.117647058823527,0.0026115411681914003,I,2
36.0,1.1164051335749996,2279.5,19.607843137254903,0.01038317662521479,G,3
0.0,9.069138729682928,0.0,0.0,0.00044893378226706915,D,1
1.0,0.492963476947568,951.0,12.15686274509804,-0.0033485758485757855,G,2
35.0,0.8313870555265658,951.0,12.15686274509804,0.07688642687828501,C,2
0.0,9.487624124470917,0.0,0.0,-0.7806103333838716,I,1
30.0,0.9970454456195436,1028.5,13.72549019607843,-0.1946671815161966,J,2
0.0,9.439327436547735,0.0,0.0,-0.7708384512683579,J,1
50.0,1.1546008272613093,3078.5,16.862745098039216,-0.07693555295950172,A,3
0.0,9.0697615262936,0.0,0.0,-0.00044757900447622845,H,1
37.0,1.7271092024706494,2340.5,22.745098039215687,0.052169945355191205,D,3
0.0,0.9886720493693975,951.5,14.117647058823527,-0.005171821305841928,A,2
33.0,1.5515532653243542,2097.0,44.31372549019608,-0.0475146693395144,C,3
0.0,9.488671846049488,0.0,0.0,0.007893590654784566,C,1
2.0,2.0603475205429853,952.0,15.294117647058822,0.029778075300227025,A,2
5.0,1.0595177802933806,1316.0,12.941176470588236,-1.376514916918429,H,2
3.0,2.100021141951168,971.5,12.941176470588236,0.08835429168288034,B,2
74.0,1.2631231173923914,947.0,12.941176470588236,-0.5316151264894409,J,2
62.0,1.3216764356415085,2094.5,16.470588235294116,-0.5012561858007532,F,3
0.0,0.5260400246500448,947.0,12.941176470588236,-0.0031374330305147247,G,2
14.0,1.6825051716772705,1478.0,18.823529411764707,-0.2566493482538122,F,2
35.0,3.4142769202826337,3218.0,17.254901960784313,-0.6374315341135258,H,3
0.0,1.0350755847955755,953.0,12.941176470588236,-0.0010047345079707837,D,2
0.0,9.49395811198953,0.0,0.0,-0.00177642972690073,E,1
0.0,1.1632627910757816,954.0,13.72549019607843,-0.0017878454512116893,C,2
0.0,8.738517057407744,0.0,0.0,0.001940610686255284,D,1
19.0,1.7086413575718398,951.5,12.941176470588236,1.2010377462482087,J,2
1.0,1.6302264401393922,948.0,14.117647058823527,-0.017339250576560994,H,2
12.0,4.947696536630594,2217.5,19.607843137254903,-1.5277464788732393,E,3
0.0,1.0085512668054726,1539.0,9.803921568627452,-0.1856842105263159,B,3
0.0,0.7831721753846667,947.5,12.549019607843135,-0.0033936254937488863,A,2
0.0,9.070442700734494,0.0,0.0,0.006236886325445834,A,1
38.0,0.73001264297289,2361.0,15.68627450980392,-0.019165437863520915,B,3
66.0,0.7588803318960783,947.5,12.941176470588236,-0.14898308372382674,A,2
0.0,9.500355322152359,0.0,0.0,0.0059933543778036835,I,1
31.0,1.1465533365409666,1968.0,21.176470588235293,0.02770793983564568,D,3
0.0,1.0863787251905856,1012.5,13.72549019607843,0.2502746793666709,B,2
0.0,0.7920354881809814,1318.5,15.68627450980392,-0.13158506639939851,D,2
0.0,0.6106525369367592,948.0,12.15686274509804,-0.0052563430590336635,I,2
34.0,0.09463764458371297,2147.5,14.901960784313726,0.4254861370072869,A,3
34.0,3.402954213029697,2167.5,18.431372549019606,-0.24531831624605704,I,3
15.0,1.1665665481009415,1561.0,15.68627450980392,-0.023890291713734912,E,3
13.0,1.8441694978577834,1136.0,15.68627450980392,0.18032735162680524,H,2
3.0,1.328589922698361,1001.5,14.117647058823527,-0.04685475708502021,D,2
0.0,1.038348714616869,941.5,13.72549019607843,-0.0010774410774411214,I,2
0.0,1.057332883039367,951.5,12.549019607843135,-0.002363887664757036,B,2
0.0,9.51090755340579,0.0,0.0,2.9084113918754966,B,1
2.0,0.11132971067055514,1169.5,12.15686274509804,0.0815914148157139,E,2
0.0,0.781844507821628,953.5,12.549019607843135,0.0005260458892134556,J,2
7.0,1.9166722140884271,1426.5,18.03921568627451,0.6764931300583474,C,2
0.0,0.9163688340486514,946.5,12.941176470588236,-0.0023187984712692566,I,2
45.0,1.7080491682913361,2840.0,22.352941176470587,-0.38370782319983393,F,3
38.0,0.7206681466718695,2396.0,15.68627450980392,0.051925874575522,F,3
50.0,5.296888924812194,3136.5,32.94117647058823,-0.7094159877316724,G,3
0.0,1.123765204816182,950.0,13.72549019607843,0.013560544217687154,E,2
9.0,1.0532182275129998,969.0,12.941176470588236,-1.0521249999999998,H,2
0.0,0.4200286713108126,949.0,13.333333333333334,0.002466387210417087,E,2
15.0,1.647185618536679,1244.0,14.901960784313726,0.052457568807339414,I,2
33.0,4.102079600324129,3149.5,16.862745098039216,0.25223556317895945,H,3
0.0,2.1616185585880006,0.0,0.0,1.1748447204968944,I,1
21.0,1.430540425026515,1025.5,14.509803921568627,-0.0033376485568761827,H,2
2.0,3.978517367910914,956.5,14.901960784313726,-0.04274134790528222,H,2
0.0,1.632343502627194,950.0,13.72549019607843,0.0022289334789335064,I,2
2.0,3.73827401624527,952.5,12.549019607843135,0.7858683981743102,B,2
7.0,1.2691546238081344,942.5,14.117647058823527,0.023618442111769333,F,2
25.0,3.4053192611256606,2447.0,74.50980392156863,1.789408099688474,B,3
0.0,0.776011790401041,945.5,12.941176470588236,-0.00143850321535266,A,2
1.0,1.1070765946408156,941.0,14.117647058823527,-0.005287833166053302,H,2
7.0,2.183286077969463,1426.5,18.03921568627451,0.30143469174503656,H,2
44.0,2.3025413291483785,2775.0,16.07843137254902,0.06385804132973949,F,3
7.0,0.6122226261253345,1708.5,26.274509803921568,-0.021918787748058555,B,3
50.0,4.650806691935034,3128.0,20.392156862745097,-0.8301284145547703,H,3
0.0,0.5229658402199538,968.5,12.549019607843135,0.00498281786941579,G,2
0.0,9.528630132567836,0.0,0.0,-1.5598568019093082,I,1
34.0,1.0807331977860906,2130.0,20.7843137254902,-0.07050070206141523,H,3
42.0,1.6247973689707038,2620.5,20.7843137254902,0.2313921905016283,I,3
19.0,2.3188253371880148,1889.0,16.07843137254902,-0.0770684835779174,B,3
0.0,9.471933806951055,0.0,0.0,-1.3790179054419562,J,1
1.0,1.8470852753182831,953.0,13.72549019607843,0.030841103171836914,F,2
0.0,2.009093620992489,947.0,13.72549019607843,0.0009119346619347324,G,2
49.0,0.546293524770538,2060.0,14.901960784313726,0.019464852745736505,J,3
14.0,0.7232794838482401,1331.0,10.980392156862743,0.0835691633947448,H,2
0.0,0.8381247452773147,952.0,12.549019607843135,0.0018227255537270892,I,2
0.0,9.473539736777203,0.0,0.0,-0.005022839004374391,J,1
0.0,9.11700376738128,0.0,0.0,-0.0009682539682542846,H,1
14.0,2.6437219715149407,1419.0,27.84313725490196,-0.9676305935980138,B,2
16.0,2.051778423689411,1619.5,18.431372549019606,0.8232088807251527,C,3
19.0,1.4811346408118709,938.5,13.333333333333334,-0.5926704161288339,F,2
1.0,2.205375619977365,1536.5,9.803921568627452,0.02923349190168789,A,3
0.0,1.975725004838266,943.0,13.333333333333334,-0.0008649203903441094,G,2
34.0,2.1542610385829932,954.5,13.72549019607843,0.16634069400630924,F,2
13.0,0.5990955315421178,937.0,14.509803921568627,0.12097971781305117,A,2
16.0,3.6617739353755985,2952.0,16.07843137254902,-0.032419416751664265,A,3
21.0,1.848931490260806,1025.5,14.509803921568627,-0.016655378892938166,D,2
0.0,9.530375197548087,0.0,0.0,0.721861257579117,J,1
49.0,1.7765593400384192,3063.5,24.31372549019608,0.5998748055180997,J,3
30.0,3.8723819744751915,3049.5,25.49019607843137,1.2222288044772571,D,3
37.0,0.7057062908306384,2292.5,15.294117647058822,1.3046899724802197,G,3
0.0,0.5548851030924814,945.5,12.941176470588236,-0.0020470564677612657,J,2
61.0,1.6740043462965286,2605.0,24.31372549019608,-0.3178090990187333,B,3
41.0,1.3910442140578358,2599.5,15.68627450980392,-0.24706052568121545,A,3
0.0,1.0499415007416233,949.5,12.549019607843135,0.00022049491602427196,G,2
0.0,1.05355253532577,948.0,12.549019607843135,-0.00865593008739085,C,2
46.0,3.0322567814505073,2848.5,16.470588235294116,-0.8835975609756099,I,3
36.0,1.9660916029829132,2299.5,15.294117647058822,-1.5846754850088185,J,3
0.0,9.061947314916143,0.0,0.0,0.0012927400468387695,A,1
0.0,9.47192758330013,0.0,0.0,-0.704015349919977,B,1
0.0,1.0596816316456332,947.0,12.941176470588236,0.001364818756123043,G,2
44.0,4.090302207526286,2736.0,23.92156862745098,-1.9169886430852954,A,3
32.0,1.8944727992693513,2001.5,18.431372549019606,0.10528701789555006,D,3
0.0,1.9740072683923873,943.0,14.509803921568627,-0.00014402666576579515,D,2
15.0,3.2984242366176906,1508.0,18.823529411764707,2.1266262089396184,E,3
40.0,4.190295871478109,2501.5,21.56862745098039,0.21437579561639009,F,3
25.0,4.240008582416366,2522.5,88.23529411764706,0.4308390642449892,F,3
20.0,1.7518376765049728,2026.5,24.31372549019608,0.38413377960342815,G,3
0.0,9.11540967406363,0.0,0.0,-0.026426115764470293,D,1
0.0,9.478358777782036,0.0,0.0,0.0031697568667901077,J,1
40.0,4.5930641396523075,2491.0,23.137254901960784,0.43852523917995434,G,3
50.0,1.3390666756971579,2122.5,18.03921568627451,0.12042527888348342,I,3
36.0,1.2821160468473267,2306.5,28.62745098039216,0.7236667106210761,B,3
0.0,0.7337944971633125,942.0,14.117647058823527,3.515379786578343e-05,C,2
0.0,1.3026278217106781,954.0,14.117647058823527,1.0842594353695827,A,2
21.0,4.249087256167853,949.0,12.549019607843135,-1.4619094881729566,H,2
84.0,1.7389230711177608,2834.0,19.607843137254903,0.33432098642172514,J,3
26.0,0.5940693688037536,2629.0,18.823529411764707,0.042135892498668476,C,3
0.0,1.9950758821317867,952.0,13.72549019607843,-0.0014901636330207912,C,2
0.0,9.532597353360465,0.0,0.0,0.7052426969403295,G,1
0.0,1.5847995234139547,950.5,13.72549019607843,-0.007689779147406303,A,2
32.0,1.9553190440132586,3001.0,16.470588235294116,0.032711837342984884,I,3
8.0,1.6521875482074435,1586.0,20.0,-0.10062033088346489,F,3
0.0,0.7840042346101062,939.5,12.941176470588236,-0.0014638463705511917,A,2
25.0,2.4331919835695426,1552.0,13.72549019607843,-1.8814150943396228,C,3
27.0,1.7168566357143087,2756.0,20.0,-0.08399999999999999,A,3
0.0,9.484711038787529,0.0,0.0,0.009999351094795716,D,1
18.0,2.8991354806637606,1764.0,18.03921568627451,0.8385752707324023,C,3
0.0,6.30726831161871,0.0,0.0,-3.1175724537570035,I,1
0.0,9.471806248815474,0.0,0.0,-0.7328286483756943,G,1
55.0,1.2971573155668317,2342.5,23.137254901960784,0.0482558452934439,J,3
0.0,1.6602891347050819,1260.5,15.294117647058822,-0.0004974146628552445,H,2
24.0,1.8004028567986625,942.5,14.509803921568627,-0.5030877742946707,C,2
0.0,1.9777709523602576,943.5,13.72549019607843,0.0040622895622896005,E,2
0.0,9.0633035192717,0.0,0.0,0.0015413302237567983,J,1
50.0,1.7884621078129685,1683.5,14.509803921568627,0.2281863718366071,B,3
52.0,0.39074566358341695,2191.5,16.470588235294116,0.09114499442941265,D,3
0.0,9.492019943502003,0.0,0.0,-0.0012177334183309796,H,1
0.0,1.2121500281945616,949.5,13.72549019607843,0.003108993597439047,B,2
0.0,1.7938995462000449,0.0,0.0,-0.010437710437710503,I,1
25.0,4.486484423961848,2572.5,37.64705882352941,0.2388993710691827,H,3
14.0,1.383639623618929,1311.5,13.72549019607843,0.5537467333889353,B,2
0.0,9.44954714143653,0.0,0.0,-1.4082264957264956,D,1
22.0,5.262443539793802,984.5,13.333333333333334,-0.1236020585635682,J,2
0.0,9.470628826432758,0.0,0.0,1.4610897839311936,A,1
15.0,3.4039094472640743,950.5,12.941176470588236,1.336975278904665,H,2
0.0,2.0489178608079532,951.5,14.117647058823527,0.009231676591845983,A,2
46.0,1.1138368505517895,2856.0,21.96078431372549,-0.18672221535163658,C,3
49.0,0.917555575285239,3045.0,17.254901960784313,-0.08885878641677492,H,3
0.0,9.069311425569877,0.0,0.0,0.000749467923381264,H,1
21.0,6.183827609905023,2143.0,23.52941176470588,-0.4059792307692307,F,3
47.0,2.082718557232511,2952.0,16.862745098039216,0.09018720278046644,E,3
0.0,9.11314183589039,0.0,0.0,-0.0008947561422809613,E,1
0.0,1.9069904483114655,955.5,14.509803921568627,0.0029219882440221223,G,2
16.0,0.4190817304068975,1386.0,19.607843137254903,0.1651337660761952,I,2
0.0,9.494730084248053,0.0,0.0,0.00040456254272047687,G,1
0.0,1.038467394599454,952.0,12.549019607843135,0.003815473117486534,J,2
0.0,1.0678897216583352,948.0,13.333333333333334,0.004602120061221099,I,2
0.0,1.9812527455695956,949.5,14.901960784313726,-0.00129646749985729,E,2
0.0,9.472052433513248,0.0,0.0,0.009489727663640757,A,1
0.0,9.469888131505565,0.0,0.0,1.381065287622354,G,1
10.0,0.1913331120134022,1406.5,10.588235294117649,0.053153574159021416,H,2
51.0,1.1285145462604598,2130.0,16.07843137254902,0.7066933338607437,D,3
0.0,9.113280201320368,0.0,0.0,-0.0013033112582778728,B,1
0.0,0.5723986086345952,950.0,12.941176470588236,0.002091575415047786,D,2
0.0,9.113358611280171,0.0,0.0,0.006154403567447453,I,1
0.0,9.523756709249307,0.0,0.0,0.0025721153846152145,C,1
0.0,1.9620353945229119,930.5,14.117647058823527,-0.01119106012658222,E,2
0.0,9.497167529080093,0.0,0.0,-0.002873543123543043,E,1
20.0,1.5925191047169802,2016.0,87.84313725490196,0.26807527479068305,D,3
37.0,1.2109060788814334,2343.5,18.823529411764707,-0.08072008547008558,C,3
46.0,0.8298301289102542,2893.0,16.470588235294116,-0.0688905374748679,D,3
14.0,2.1345917866310518,1419.0,27.84313725490196,-0.08455022518500882,E,2
30.0,2.110076977324144,1867.5,30.19607843137255,0.39417867918203153,F,3
0.0,0.8499329094021272,961.5,14.117647058823527,0.0039144736842104955,B,2
0.0,1.995816679616609,952.0,14.117647058823527,0.0009957509055444902,C,2
21.0,0.5383018061899352,1319.0,14.117647058823527,-0.009219009601898809,B,2
60.0,1.6146015236230884,2555.5,23.92156862745098,-0.07125118984664199,G,3
10.0,2.1309321552788787,2015.0,22.352941176470587,0.7935738244983528,D,3
0.0,0.5598019020809587,947.0,12.549019607843135,0.001117845316934707,B,2
0.0,2.003352262708812,954.5,13.72549019607843,-0.001382774049217106,C,2
0.0,1.720878691670057,0.0,0.0,0.0006576039798692965,C,1
0.0,1.5572184971479792,952.0,13.333333333333334,-0.0011012368300504088,G,2
0.0,2.058354116102325,955.0,13.72549019607843,0.006283783783783692,G,2
0.0,2.522223026805028,952.5,12.549019607843135,1.5865550461078772,E,2
7.0,0.6419974632008772,945.5,12.941176470588236,0.0594787180264888,C,2
0.0,0.9884068186783914,973.0,12.941176470588236,0.009546739786946312,J,2
92.0,3.2859049773409335,3081.0,88.23529411764706,-0.6370440251572331,G,3
0.0,9.04612169150304,0.0,0.0,0.04221357157650951,E,1
0.0,1.978717974245695,948.0,13.72549019607843,0.002756533076356177,B,2
0.0,2.009869120452865,951.0,14.117647058823527,-0.004879330214900723,C,2
0.0,1.0425032743472349,942.0,12.941176470588236,-0.0024142508391822304,G,2
21.0,1.7850726820782072,2180.5,18.431372549019606,0.4481232756148452,D,3
107.0,3.7255665502755777,3584.5,87.84313725490196,0.8575454600253171,J,3
0.0,1.2163990190917882,950.0,13.333333333333334,-0.0022871951624692244,H,2
0.0,0.6069146906594954,946.5,12.549019607843135,0.0022227232810386743,B,2
40.0,1.73024936038581,2487.5,18.431372549019606,0.0345161290322582,C,3
120.0,2.921969622907862,5052.5,88.23529411764706,1.532530398322851,D,3
35.0,3.6369188861953603,2173.5,18.03921568627451,0.12462980726442052,C,3
0.0,1.9247871186706624,0.0,0.0,7.436967168510111e-05,A,1
14.0,6.624315373285227,947.0,12.549019607843135,-0.5974963666562854,C,2
0.0,1.6762451716560536,952.0,14.117647058823527,-0.005723905723905798,B,2
33.0,1.2977205257777462,2103.0,22.352941176470587,0.1243646496815286,H,3
29.0,1.130752465261656,2932.0,16.862745098039216,-0.6180379114420063,J,3
0.0,1.9363226261395594,951.5,14.117647058823527,-0.004155405405405377,D,2
0.0,9.46352633516148,0.0,0.0,-0.7932574594552039,H,1
41.0,4.485755504286918,2588.5,21.96078431372549,0.37728171963537793,C,3
20.0,2.566208501775746,953.0,12.941176470588236,0.7415656811631233,A,2
0.0,1.6339822059238482,949.5,14.117647058823527,-2.1833057547437917e-05,F,2
0.0,0.9407441767711396,951.0,15.294117647058822,0.046436946326211606,A,2
8.0,1.6562245812943555,1417.0,18.823529411764707,0.07038709677419352,H,2
46.0,2.5060974645757748,2869.0,18.03921568627451,0.11704222178683388,A,3
43.0,4.8991036460626,2714.5,27.45098039215686,-1.5523598483665024,F,3
45.0,2.5198904534842437,1931.0,14.509803921568627,-0.1268008518812377,J,3
7.0,1.4028337032212177,942.5,14.117647058823527,-0.04560845681883641,J,2
0.0,2.022495052006505,948.0,13.72549019607843,0.002206979706979695,F,2
51.0,2.28641815671213,2165.0,15.68627450980392,-1.080255080616022,C,3
0.0,1.397992675938055,948.5,13.72549019607843,0.019267018616282303,D,2
19.0,1.8285890255083834,1964.0,22.352941176470587,0.19052578451165236,B,3
0.0,9.496460788875519,0.0,0.0,-0.0007275362318840406,G,1
0.0,3.0651224391923937,948.5,12.549019607843135,0.020399253406468976,F,2
0.0,1.0189054421103687,952.0,12.549019607843135,0.0031356234222640333,B,2
1.0,0.9691874427738016,1336.0,25.88235294117647,-1.0920367423565172,H,2
0.0,1.5983452648812118,945.0,13.72549019607843,-0.0009656913839423964,F,2
0.0,0.5150238935469924,953.5,12.941176470588236,0.0005094984119374812,C,2
17.0,3.4908639765753393,1865.5,25.098039215686278,0.4241458333333328,H,3
30.0,2.4104360122424215,3045.0,27.058823529411764,-1.106320754716981,J,3
42.0,0.8678112718056515,2615.0,16.07843137254902,0.02496598849792847,B,3
3.0,0.9620049678269328,1121.5,12.941176470588236,-0.10118006019873815,J,2
0.0,1.2142345480572172,951.5,14.117647058823527,0.006793413040579566,C,2
0.0,9.495565870459231,0.0,14.117647058823527,-9.07034620376973e-05,B,1
33.0,2.1021661645639864,2986.5,16.862745098039216,-0.45999364848924773,C,3
0.0,9.533517793477076,0.0,0.0,-0.0023512110911008133,G,1
0.0,1.990480362982769,948.5,13.72549019607843,0.0033527256069628697,A,2
69.0,2.2070497012454893,2945.0,16.470588235294116,-1.036099846145684,C,3
0.0,1.9256700719932922,955.5,14.509803921568627,0.2542821280585549,I,2
36.0,1.9721932473046822,2268.5,22.352941176470587,-0.024942105370261092,G,3
0.0,1.0706115051373364,949.0,13.72549019607843,0.008280704173561304,F,2
0.0,9.115418446949436,0.0,0.0,0.8970230928693639,E,1
0.0,0.9035047811974432,953.5,12.549019607843135,-0.00030285417984365903,G,2
0.0,9.505456210023597,0.0,0.0,-2.315485882520237,D,1
0.0,9.507210026428526,0.0,0.0,2.1223706896551726,C,1
18.0,2.444409912379448,1838.0,19.607843137254903,-0.18238101089538794,E,3
15.0,0.977181448093585,2742.5,15.294117647058822,0.1676412706189776,D,3
84.0,3.919250681227128,2810.0,36.07843137254902,-0.5077543587294007,E,3
0.0,1.4261555156061927,938.5,13.72549019607843,-0.0018518518518518268,F,2
34.0,1.9035566603860339,3283.0,16.862745098039216,-0.11466465176230062,H,3
0.0,1.5577758910365394,948.0,13.72549019607843,0.005799484682108294,C,2
27.0,4.705557431183241,2684.5,23.92156862745098,-0.3607418684982928,I,3
5.0,0.5904870747373238,987.5,13.333333333333334,0.03580162897867328,I,2
47.0,2.0301669123778674,2002.0,14.509803921568627,0.029809421732251096,B,3
0.0,9.46832808705805,0.0,0.0,-0.8324203539823007,H,1
0.0,9.068751750209056,0.0,0.0,-0.0024687806618497454,B,1
0.0,9.49810802960972,0.0,0.0,0.0012640591751950092,D,1
0.0,9.463572654670214,0.0,0.0,-0.0028014184397162634,G,1
29.0,4.722494738995033,2310.5,27.058823529411764,0.2695958485958494,H,3
38.0,1.5190688300243549,2355.5,21.56862745098039,-0.31343769171779146,A,3
12.0,1.9064327963766756,1295.5,18.431372549019606,0.7419051122790254,H,2
38.0,4.324661904689744,2367.0,15.294117647058822,-0.7472119810328124,E,3
0.0,9.49000125573648,0.0,0.0,0.001524323965121921,E,1
50.0,0.4766450967311077,2128.5,18.431372549019606,0.058174995478931804,J,3
42.0,1.8038105021375255,1804.0,15.294117647058822,0.0836314823975596,I,3
3.0,1.4130461314154146,1576.5,18.431372549019606,-0.04691726281723729,D,3
0.0,1.1035372147981437,949.0,13.72549019607843,0.0007757475083056686,J,2
14.0,0.739401560737706,1331.0,10.980392156862743,-0.27287272325198025,G,2
0.0,1.230579151347677,955.0,12.549019607843135,2.1678372874452707,A,2
0.0,2.2621106264210225,951.0,14.117647058823527,-0.005479570479570484,D,2
0.0,9.480208726740937,0.0,0.0,-0.7190606475148199,G,1
18.0,0.17273235266478584,2362.0,21.56862745098039,0.5767060465116279,B,3
15.0,3.90999434825984,1419.5,14.901960784313726,0.16686278094044305,C,2
48.0,0.44560878539499943,2021.0,14.901960784313726,0.13344603065474986,B,3
0.0,1.6299936637504777,0.0,0.0,-0.002556688043976185,C,1
0.0,9.495162023767922,0.0,0.0,-0.6678860165685199,F,1
69.0,2.206090378935286,2878.5,20.7843137254902,-0.1763928614349236,J,3
38.0,1.8656692159407713,2396.0,27.058823529411764,-0.10985760517799359,H,3
0.0,9.47370396509441,0.0,0.0,0.07774506178845952,D,1
0.0,9.534732400538017,0.0,0.0,1.4035569946234414,F,1
0.0,1.029803387884189,954.0,12.549019607843135,-0.00013552138773897937,A,2
0.0,0.5681580725122967,943.5,12.549019607843135,-0.0014451429389774617,C,2
0.0,1.2379963035021255,952.0,14.509803921568627,0.0011473076344448163,J,2
0.0,0.8547436459299739,945.5,12.549019607843135,-6.731442216645345e-05,J,2
29.0,4.815562694061965,1806.5,16.470588235294116,-0.7015686071938978,G,3
15.0,1.6839064360333187,970.0,13.333333333333334,-0.0028338762214983326,A,2
17.0,3.8275419972851137,1690.5,21.96078431372549,-0.07301799013637345,F,3
2.0,0.4248622939560353,955.5,12.549019607843135,-0.0031936198493576207,H,2
54.0,2.7791354335869056,2296.0,15.294117647058822,-0.6993095410336785,D,3
68.0,1.3381054659271703,2867.0,27.84313725490196,-0.019463684594685948,C,3
0.0,9.507894653106712,860.75,16.862745098039216,0.011424818203143394,C,2
0.0,0.6052307716250632,946.5,12.549019607843135,-0.002933588150979549,F,2
0.0,1.7299069631144257,954.5,14.509803921568627,-1.1051966739466739,G,2
0.0,1.7731084108229465,0.0,0.0,0.0044667766096338005,D,1
42.0,1.0424372455990227,2622.5,87.84313725490196,0.6904376810444028,J,3
0.0,1.977068116404793,951.5,14.117647058823527,0.0023344935844935855,H,2
0.0,0.7863291108768775,950.0,12.549019607843135,-0.7980043168573279,F,2
21.0,1.800114744303034,1377.0,14.117647058823527,0.020142229917753995,A,2
0.0,1.4157649235832297,944.0,14.117647058823527,-0.000850340136054506,E,2
0.0,1.6513852451132587,0.0,0.0,0.0010885521885521943,B,1
0.0,9.544727306543702,0.0,0.0,1.590393534021374,E,1
85.0,2.2841192520055595,2855.5,16.470588235294116,0.41806351478013726,I,3
0.0,9.496233135111625,0.0,0.0,0.0033472375577637825,J,1
0.0,9.461915721428424,0.0,0.0,-0.7033383533442945,H,1
0.0,1.7089844514899055,0.0,0.0,0.0003776503776504181,G,1
7.0,0.06038221371708113,1188.0,9.803921568627452,0.1298732977854831,F,2
44.0,4.417445923423497,2736.5,25.098039215686278,-0.7002270652080287,J,3
0.0,2.00622377447839,956.5,13.72549019607843,0.0005331841909023138,J,2
6.0,1.1613403164367377,990.0,13.333333333333334,-0.03216149068322993,C,2
7.0,1.0590914476306776,1362.0,13.72549019607843,0.005197368421052673,E,2
0.0,9.568259864352072,0.0,0.0,-2.8134663075854327,I,1
32.0,1.2548990239612954,2156.0,27.058823529411764,0.09786940836940844,D,3
7.0,3.7822031816424886,949.0,14.509803921568627,0.8319353380503136,J,2
0.0,1.6841923744765714,952.0,12.15686274509804,-0.0006513047138047012,C,2
0.0,1.614865820765896,1213.5,16.470588235294116,7.604562737650866e-05,B,2
0.0,9.07114982652488,0.0,0.0,0.0025924463745230497,H,1
21.0,0.9186063260974342,2185.0,21.56862745098039,0.04815323150227163,D,3
31.0,3.6157840271465225,1944.5,14.509803921568627,0.054287145606412235,G,3
0.0,1.1057772338985512,951.0,13.72549019607843,-0.0017926221335992087,D,2
44.0,1.0327659308254404,2900.5,16.07843137254902,0.4225607037656238,H,3
0.0,1.1981413395093008,953.5,12.15686274509804,0.004136542467021553,E,2
0.0,1.7074170284303907,951.5,14.117647058823527,-0.00042475247524753623,E,2
0.0,2.0086773522998365,947.0,13.72549019607843,-0.0012493174993175038,H,2
24.0,0.6420775493972987,1520.5,16.862745098039216,0.04162915851272009,C,3
30.0,3.8323854473216405,1842.5,23.92156862745098,0.09695486028182465,B,3
84.0,1.077423419994201,2844.0,16.07843137254902,-0.004895242569661229,H,3
0.0,2.00050702318056,946.0,13.72549019607843,0.0013169321467035866,J,2
3.0,2.938477893128799,801.5,29.80392156862745,0.1936234487097528,D,2
39.0,2.0685179379283496,2452.5,88.23529411764706,-0.08608263283462292,A,3
39.0,1.7884126837611174,2429.5,16.07843137254902,-0.7689550848730659,J,3
0.0,8.077624656925972,0.0,0.0,-0.0027637307255132804,J,1
0.0,0.5675058062957071,955.0,12.549019607843135,0.0026098386257157324,B,2
0.0,4.733472423621358,942.0,12.549019607843135,0.003949964763918956,E,2
0.0,0.5968050119885588,951.0,12.549019607843135,-0.0018354393354392817,C,2
38.0,0.3610808174278062,2371.0,15.294117647058822,0.0124812530237057,D,3
25.0,0.7079518111456049,2514.5,21.56862745098039,0.032495162460695004,D,3
0.0,0.7790461115410245,943.5,12.549019607843135,-0.0016485900216921534,H,2
4.0,3.59148018720488,947.5,14.117647058823527,1.478466779551685,J,2
8.0,2.8356389566686975,1706.5,16.862745098039216,0.10501156158470781,I,3
23.0,1.8285114983900872,1241.0,13.72549019607843,1.1876519776626835,C,2
30.0,1.5191741941782402,1875.0,27.45098039215686,0.027951783097730498,H,3
0.0,9.473509680081994,0.0,0.0,-0.645229753922842,J,1
30.0,4.914278450209646,1918.5,21.56862745098039,-1.1821480352641247,D,3
0.0,1.3800742695292447,952.0,12.941176470588236,0.005544970333091759,E,2
37.0,0.8384034925116621,2289.5,15.68627450980392,-0.19831700532172228,I,3
0.0,1.6095531698059713,1194.5,16.07843137254902,0.00895622895622894,G,2
0.0,2.0081188670721217,951.5,13.72549019607843,0.004257448574854605,F,2
0.0,9.438647369175072,0.0,0.0,-0.6502563108725898,G,1
39.0,1.7361010017391172,2459.5,22.352941176470587,-0.46534861868069916,G,3
9.0,3.886528768725757,1809.0,16.470588235294116,-0.5135592716462276,I,3
0.0,2.009991578102818,952.5,13.72549019607843,-0.0010510510510510773,I,2
0.0,1.871259238528371,0.0,0.0,-0.010037037037037004,B,1
0.0,9.49325393538005,0.0,0.0,-0.0096709889215989,H,1
36.0,3.608681520421911,2224.0,15.294117647058822,-0.017322102817310503,F,3
0.0,2.011907749535404,953.5,13.72549019607843,-0.003988073644113965,F,2
17.0,1.6444473791663794,1719.5,19.215686274509803,0.3235322009907996,A,3
0.0,3.1383814863432398,947.5,12.549019607843135,0.8569159489159492,A,2
31.0,4.839086039739323,1923.5,20.392156862745097,-0.9326386773547095,D,3
6.0,1.4656631730563763,952.0,87.05882352941177,-0.08544554455445541,G,2
49.0,1.785921538595112,2070.5,19.607843137254903,-0.2114639307869457,I,3
40.0,1.0175891932346552,2533.0,15.68627450980392,0.29006715506715514,J,3
38.0,0.9164917088055603,2380.0,17.647058823529413,-0.1218668359941945,E,3
12.0,2.6515400209059554,1295.5,18.431372549019606,1.4060161802215783,C,2
0.0,2.234043348183963,947.5,14.509803921568627,0.001114864864864673,G,2
0.0,9.461316499326507,0.0,0.0,-0.7632245221154061,J,1
0.0,7.5968479492323295,0.0,0.0,-0.002735947577405362,J,1
0.0,1.9753915924394945,955.5,14.117647058823527,-0.008412162162162201,I,2
40.0,0.9118000764904617,2512.5,18.03921568627451,-0.046942675159235614,A,3
0.0,9.070636160098635,0.0,0.0,-0.001583333333333492,J,1
12.0,1.867841517535989,1295.5,18.431372549019606,0.2738423645320198,B,2
0.0,0.041054196278215604,1201.5,13.72549019607843,0.00013630235417860098,F,2
0.0,9.453590984483451,0.0,0.0,-0.8233001479427173,J,1
49.0,4.806749958376464,2099.5,14.901960784313726,-0.6824850136750218,B,3
12.0,0.46322014070404677,1856.5,14.509803921568627,0.014430516698723528,H,3
35.0,4.45871563964233,3218.0,17.254901960784313,0.49686409375873475,D,3
40.0,0.5095633762366655,1710.0,14.117647058823527,-0.08625962562464162,G,3
27.0,0.8941411819180212,2717.0,33.333333333333336,0.004792520653339197,D,3
0.0,1.9972148056959191,957.0,14.117647058823527,-0.001330945038998832,G,2
42.0,0.5310251135471439,1788.0,14.509803921568627,0.02453435130760706,H,3
46.0,1.7566261833683503,2863.5,88.23529411764706,0.1648450106157111,B,3
39.0,1.058948086916905,2403.0,15.68627450980392,-0.0378033070063164,G,3
0.0,1.2188858264507927,1722.5,22.745098039215687,0.21540524700934272,I,3
27.0,0.48790247480538496,1677.5,25.88235294117647,0.5666447506890505,G,3
0.0,9.48296605902781,0.0,14.117647058823527,0.0252523771959747,E,1
13.0,1.2731219756722534,942.5,14.117647058823527,0.036675000811767444,D,2
1.0,1.4178128541274173,949.0,14.117647058823527,0.055572842998585614,D,2
23.0,1.758106030651627,2306.5,88.23529411764706,0.19008689646641652,C,3
0.0,4.117795413367126,947.5,12.549019607843135,-0.02108628335873064,F,2
0.0,0.522069732464501,946.5,12.549019607843135,-0.0006693693693693437,A,2
0.0,1.6078800247772822,946.5,13.72549019607843,-0.0016384001451116015,A,2
0.0,9.068453481697038,0.0,0.0,0.001136348929010822,F,1
0.0,9.540249530006237,0.0,0.0,1.5671730554604022,E,1
0.0,2.0181994075239924,0.0,0.0,-0.000814564564564503,D,1
0.0,0.5367522132936815,949.0,12.549019607843135,-0.0011769572861722866,B,2
0.0,9.115660552907864,0.0,0.0,1.0010352773082187,A,1
27.0,0.29075008583956613,1687.0,14.901960784313726,-0.09401731627028193,I,3
0.0,9.52733003012331,0.0,0.0,0.7812601325672005,H,1
0.0,9.45770296643835,0.0,0.0,-0.03931105684928132,E,1
19.0,1.3802528489134651,1922.5,21.96078431372549,-0.06504500703234883,D,3
24.0,2.68177996561321,2426.0,20.392156862745097,-0.17568476014358758,H,3
0.0,1.869052874576812,950.0,13.72549019607843,0.026792673071742892,D,2
0.0,9.114454002468657,0.0,0.0,0.010526304286057275,E,1
31.0,1.8227484735983963,3133.5,20.392156862745097,0.031122987887796216,F,3
0.0,0.5725235800908124,952.5,12.549019607843135,-0.003030505059484212,D,2
13.0,0.6030511766665196,1342.0,16.862745098039216,0.06158846976271043,H,2
0.0,1.0263891333568131,953.0,12.549019607843135,0.002055672225163674,E,2
0.0,0.48586536573922273,948.5,12.549019607843135,-0.0022635135135136153,I,2
36.0,0.37920283464432236,943.5,13.72549019607843,-0.0165532682512734,E,2
7.0,1.4159343969363776,955.0,13.72549019607843,0.04077656765676563,B,2
0.0,1.8420497759973138,945.5,22.745098039215687,0.001146787967980012,J,2
0.0,9.545806974348158,0.0,0.0,0.6891112927931736,J,1
0.0,1.669662093632751,948.0,14.117647058823527,0.024979436422389478,J,2
29.0,0.8620394680317395,1842.0,14.509803921568627,0.2279625,E,3
21.0,5.666497861924947,2143.0,23.52941176470588,-0.17551912524850888,F,3
26.0,4.044246049319331,2596.0,25.88235294117647,0.5299060503204602,B,3
32.0,2.4344110693238323,3139.0,34.509803921568626,-0.42611146383080034,H,3
0.0,1.6084591877758656,946.5,14.509803921568627,0.0009121415497254093,A,2
58.0,1.7583704232746509,2437.5,20.7843137254902,-0.04557340647857888,F,3
0.0,1.9784493600445203,946.0,13.72549019607843,0.0009033377682651222,E,2
0.0,9.540035296967902,0.0,0.0,-0.0013450406256974023,A,1
0.0,9.496810972420894,0.0,0.0,-0.0025720659248373856,H,1
12.0,3.481998143577701,1265.0,16.862745098039216,-0.14415244370680513,I,2
3.0,3.3547817996785456,1646.0,22.352941176470587,1.6704535637149025,C,3
0.0,1.692796713654468,0.0,0.0,-0.0023232323232323937,E,1
38.0,0.9587651830346771,2380.0,17.647058823529413,0.19017136374492477,A,3
10.0,0.7276494537159187,1800.5,19.607843137254903,-0.042020800764286936,D,3
54.0,1.8536717613303813,1965.5,14.509803921568627,-0.11517314442933499,H,3
0.0,9.496745562741852,0.0,0.0,0.0029724927268609536,I,1
0.0,9.475438421424473,0.0,0.0,-0.7054225412172384,E,1
0.0,1.6882033298796684,947.5,14.117647058823527,-0.0010810810810811256,C,2
32.0,2.1743242921625177,2156.0,27.058823529411764,0.028451770451770386,E,3
44.0,3.743731896623001,1888.0,14.901960784313726,-1.4303639177469276,C,3
0.0,1.687765504529985,0.0,0.0,0.0007481729220859545,F,1
0.0,1.6369093371518908,0.0,0.0,-0.009464305490951813,C,1
47.0,1.7364759033615336,2099.5,20.0,-0.16884741423451088,G,3
0.0,0.8124449037043657,1022.0,26.274509803921568,0.2519018404907975,H,2
50.0,5.275302093756315,3136.5,32.94117647058823,-0.8027676767676777,I,3
0.0,1.74165256491251,945.0,14.117647058823527,-0.006306306306306297,I,2
0.0,9.067863732204392,0.0,0.0,1.8632931253925733e-05,J,1
0.0,9.49787698329534,0.0,0.0,-0.006033653846153841,J,1
0.0,0.8331563816888501,950.0,12.549019607843135,0.0049346238750211935,F,2
47.0,1.7187862889811354,2915.0,23.137254901960784,0.2620288497564631,B,3
52.0,3.9259699886030255,2204.0,21.176470588235293,0.8393255227967144,B,3
0.0,9.116249481992574,0.0,0.0,-0.0023507805325984066,E,1
16.0,1.7802130057825696,959.5,13.72549019607843,-0.028313466215042604,C,2
54.0,1.4942458635167581,2326.5,23.52941176470588,0.12044505615945666,H,3
0.0,1.6295348537824854,952.0,13.72549019607843,-0.00030246689642660085,C,2
0.0,9.0705126684908,0.0,0.0,0.002176147439305609,E,1
28.0,1.76008981240028,2856.5,88.23529411764706,0.7314940331715211,F,3
41.0,4.3147416772366505,2576.5,16.07843137254902,-0.43832019929838895,F,3
0.0,9.46348590899988,0.0,0.0,-0.6951556772658692,C,1
0.0,2.7890224300749313,963.5,12.941176470588236,-0.049239285499004914,D,2
0.0,0.5940119198547371,952.0,14.117647058823527,0.0021969696969696972,D,2
0.0,0.5355255836491056,953.5,12.549019607843135,-0.0005058950382691441,J,2
0.0,1.6062281375045246,1206.5,16.07843137254902,0.016949226484110125,J,2
0.0,1.0622860999651607,946.0,12.941176470588236,-0.002902728621988815,A,2
0.0,2.245320347503213,953.0,14.117647058823527,0.0047121212121211675,G,2
23.0,3.3978666356995233,1100.0,13.333333333333334,-0.5653399999999995,D,2
48.0,1.744897345271567,2023.0,14.901960784313726,0.04283939182649779,C,3
16.0,1.8643198498728293,1631.5,16.862745098039216,0.6452018633540374,F,3
28.0,6.679424365407995,946.5,12.941176470588236,-0.907123829885589,E,2
0.0,0.7362134665392253,947.0,13.72549019607843,-0.0037403802107192075,A,2
0.0,1.645116905512769,957.5,13.72549019607843,0.00028811605992810907,E,2
1.0,1.0600840984872386,955.0,13.333333333333334,0.0312360720608143,A,2
0.0,1.6037926750737783,1198.5,16.07843137254902,-0.004321588234631801,C,2
0.0,0.9707711827914538,953.5,13.72549019607843,0.003233001152464221,A,2
0.0,0.4171934295662544,950.0,14.117647058823527,-0.001481481481481528,B,2
0.0,9.538974965584943,0.0,0.0,0.6977611029103566,B,1
0.0,9.114387261406248,0.0,0.0,-0.00025218030892038,D,1
0.0,9.528107015507807,0.0,0.0,1.3692095496473142,H,1
46.0,1.8187718247903764,1947.0,14.509803921568627,0.13892172776739864,G,3
0.0,1.841755034627017,0.0,0.0,-0.011935074987905,J,1
1.0,0.9113094651272347,962.0,14.509803921568627,-0.09973569023569029,G,2
0.0,1.2131779672560679,949.5,13.333333333333334,0.0034148262283855146,A,2
56.0,1.4496942108219715,3516.0,87.84313725490196,0.4282547274749722,I,3
0.0,9.49391007529288,0.0,0.0,-0.002925310618795751,D,1
24.0,1.1376773292721931,1086.0,14.117647058823527,0.07382342632110661,G,2
0.0,9.533843839823389,0.0,0.0,0.7027438735141457,H,1
29.0,4.546378911189618,2657.0,16.07843137254902,0.30786997959836704,G,3
27.0,4.595343858945262,2684.5,23.92156862745098,-0.4636522347745511,C,3
42.0,0.9457731726622107,2663.0,18.823529411764707,0.02700236583491722,G,3
0.0,0.48116186325890975,948.5,12.549019607843135,0.0014794339794340083,J,2
1.0,1.221508909252688,942.0,12.15686274509804,0.0013889122100019802,E,2
31.0,2.213466079501523,1944.5,14.509803921568627,1.7001923496617268,C,3
20.0,0.7600076417000208,1305.0,13.72549019607843,0.7375465874679711,D,2
43.0,1.4228828300461112,2711.0,52.94117647058823,-0.1302664249277857,H,3
17.0,2.9195817195519904,1698.0,87.84313725490196,0.008626198083067083,J,3
0.0,2.023188384296687,0.0,0.0,-2.5674808283498995e-05,D,1
0.0,0.8988788819954128,954.0,12.549019607843135,0.0013052637825647917,J,2
0.0,0.8179396474559361,949.0,12.549019607843135,-0.003254343135012605,F,2
39.0,1.6562388259385898,2446.5,36.86274509803921,-0.43894907336887534,G,3
0.0,1.991137395667117,951.5,13.72549019607843,0.0030713668213668277,E,2
0.0,2.223294404137499,947.5,13.72549019607843,0.002518746789933246,A,2
7.0,1.4661809212548187,942.5,14.117647058823527,-0.01322450674507869,J,2
0.0,9.49901769880865,0.0,0.0,0.0009134615384615019,F,1
0.0,0.633793116575381,0.0,0.0,-0.0030176362803481793,H,1
0.0,1.215441171354128,950.5,13.333333333333334,-0.005762937102314403,G,2
18.0,1.0676784946957278,1174.5,14.509803921568627,0.07446882118754128,F,2
6.0,2.070337283667578,946.0,14.117647058823527,-0.006000000000000005,I,2
43.0,3.80778797070428,2673.0,88.23529411764706,-0.8212296427342867,A,3
52.0,0.4175852272804832,2198.0,19.607843137254903,0.08051329861334361,C,3
48.0,0.927116586089997,3028.0,17.254901960784313,0.030309653916211293,F,3
0.0,2.6774840002714893,955.0,12.549019607843135,0.11271705617280547,E,2
0.0,1.656662908019383,947.0,14.117647058823527,-0.0030169491525423586,G,2
32.0,1.2067631569285913,1415.5,14.901960784313726,0.3483261668910369,F,2
2.0,2.261502769158429,1264.0,23.92156862745098,0.2266976630963972,H,2
29.0,2.266888209238521,2924.5,32.15686274509804,-0.23304449648711947,D,3
0.0,1.1080188861818767,948.5,13.72549019607843,-0.0034279445566622324,G,2
0.0,9.537246825214847,0.0,0.0,-1.4254434134539622,E,1
0.0,9.536538046647188,0.0,0.0,1.4281573041093834,J,1
3.0,3.2834276866888,951.0,12.15686274509804,0.5050492047758097,C,2
0.0,1.4145821116560482,937.0,13.72549019607843,-0.0027156442473514897,J,2
0.0,9.067046235692944,0.0,0.0,0.004795240893066932,J,1
0.0,9.465523322567162,0.0,0.0,0.7857174733161575,I,1
74.0,0.7800856550147073,3127.0,16.862745098039216,1.04640522875817,D,3
0.0,9.490285571515956,0.0,0.0,-0.0003260900453733173,C,1
15.0,1.8303824200243448,2184.5,18.823529411764707,0.002763144467247902,B,3
0.0,2.233937579476658,943.5,13.72549019607843,0.0012392242568739498,B,2
0.0,1.0407226959454199,936.0,12.549019607843135,-8.799147871885182e-06,H,2
1.0,1.8671575145950585,1411.5,19.607843137254903,1.0898295499800876,F,2
74.0,0.8962668159146823,947.0,12.941176470588236,0.13971246006389781,E,2
0.0,9.516857469564696,0.0,0.0,0.0030022517461349985,G,1
14.0,0.1303873986529091,1409.0,13.72549019607843,0.028023337723193695,D,2
0.0,6.988310328261625,0.0,0.0,0.00031201386728207936,F,1
0.0,1.9681234238469343,0.0,0.0,-0.0008797387992018971,G,1
0.0,9.495667354752815,0.0,0.0,-0.6744457501844481,J,1
0.0,1.1315591234842954,941.0,13.72549019607843,-0.0002700372786579308,H,2
0.0,1.1294473381795471,950.0,14.117647058823527,0.004685277263707155,J,2
0.0,2.0607222879192917,947.5,13.72549019607843,-0.003614864864864842,C,2
2.0,1.7069141765198237,956.5,14.509803921568627,0.0194887043189369,C,2
40.0,0.7967040442531362,2512.0,15.68627450980392,-0.2652652584344015,J,3
0.0,9.131613259783906,0.0,0.0,0.003609562739997685,B,1
51.0,2.2603995614405528,2182.0,53.72549019607843,-0.21315676908044767,E,3
33.0,1.5778104214197666,2093.5,27.45098039215686,0.1056005649717513,H,3
0.0,9.445302025265725,0.0,0.0,0.8459908152790534,F,1
3.0,2.139514841483963,1364.5,20.0,0.07574257425742581,H,2
66.0,1.2895685181062018,956.0,12.941176470588236,-1.1379290674603175,D,2
0.0,9.114547219157613,0.0,0.0,0.0036137118695256376,G,1
0.0,9.466749848082872,0.0,0.0,-0.006114701658179844,D,1
30.0,3.855308390000575,1842.5,23.92156862745098,0.18143845744366272,J,3
0.0,0.60376456450919,947.0,13.333333333333334,0.005193659431492581,J,2
25.0,1.6314824115296829,2498.5,18.03921568627451,-0.4516208454214451,F,3
0.0,1.799213981340674,0.0,0.0,0.0030698581520074986,H,1
0.0,9.492314625917174,0.0,0.0,0.0018423763736262755,B,1
0.0,9.732839582914728,0.0,0.0,-2.1569504532996,E,1
0.0,0.8381937188469685,952.0,12.549019607843135,0.003938100927348143,A,2
0.0,1.6575539965637287,0.0,0.0,-0.0289491355356592,D,1
0.0,9.468392750056259,0.0,0.0,-0.7027353765372906,D,1
46.0,0.9019280666657767,1970.5,14.509803921568627,-0.16089146819415134,A,3
12.0,0.9472533082962155,959.0,14.117647058823527,0.01979816419141911,J,2
18.0,3.7510007124123503,1818.0,18.823529411764707,0.7274141784529422,F,3
0.0,1.3892437677143796,952.0,12.549019607843135,0.0030817850986400996,B,2
6.0,1.8173871222435627,952.5,14.901960784313726,-0.07553003724559493,G,2
31.0,4.33814186129552,3089.5,34.11764705882353,0.5602972886634989,G,3
0.0,0.7751724952831593,951.0,12.549019607843135,0.003968158152870993,I,2
1.0,2.9790817716356446,1649.0,25.88235294117647,0.34713724933307644,G,3
0.0,0.5167412020171106,962.0,12.941176470588236,0.0002453623493471335,H,2
0.0,0.5771545285044921,944.0,12.549019607843135,0.0027119382964454486,E,2
0.0,9.467385960859037,0.0,0.0,0.7105916100742743,D,1
1.0,0.5534683876374041,1136.5,15.68627450980392,-0.15939986206164786,H,2
0.0,1.604957661019342,1195.5,16.07843137254902,0.0011439072273203843,F,2
3.0,1.4237989520206966,1245.5,23.92156862745098,0.0701275563989035,I,2
0.0,1.1037486642351604,1194.5,13.72549019607843,-0.8159069212410501,F,2
45.0,4.676098801758834,1930.0,18.431372549019606,-0.07189983164983271,A,3
2.0,0.8085492510829297,953.5,13.72549019607843,0.0028880059058536967,A,2
0.0,9.473390208724776,0.0,0.0,0.004088090952446888,G,1
77.0,4.838461871373625,4798.5,88.23529411764706,-0.3839096535648263,H,3
0.0,1.0407226188773995,944.0,12.549019607843135,-0.002787286063569594,B,2
4.0,2.2977174760415613,948.0,14.509803921568627,0.41047998088867677,J,2
39.0,1.8391931591434985,2433.0,30.19607843137255,-0.031741888474561775,J,3
34.0,1.8892470777608033,2127.0,21.96078431372549,-0.04632643855209606,J,3
35.0,4.600313350450956,2165.0,15.68627450980392,-0.5580235706124874,I,3
19.0,0.8240968488517922,981.0,17.254901960784313,0.967165692956832,B,2
0.0,9.065236804010874,0.0,0.0,0.0029498230491604716,C,1
0.0,4.85170054411945,948.0,12.549019607843135,-1.297772917407113,G,2
47.0,1.838005285788659,2002.0,14.509803921568627,0.23371428571428599,G,3
0.0,1.414479701907809,1160.0,14.509803921568627,-0.0038175675675676257,I,2
47.0,4.4584991944285814,2010.0,15.294117647058822,-1.3010440477616703,J,3
29.0,0.918173728230611,1842.0,14.509803921568627,-0.0611941471485446,A,3
44.0,1.8167164913493874,1885.0,14.509803921568627,0.2248923076923077,B,3
0.0,1.9958070180227894,951.5,13.72549019607843,-0.0007926807811857728,G,2
0.0,1.0263696039685788,946.0,12.941176470588236,0.00636446424152437,E,2
38.0,1.60357932032611,1009.5,14.117647058823527,-1.0240972522828933,I,2
0.0,3.367960875849651,944.5,14.117647058823527,0.8506735842578874,I,2
0.0,9.526312438575756,0.0,0.0,1.5805533111025607,C,1
33.0,1.8606922706354205,1416.0,14.117647058823527,0.07180284256941472,E,2
0.0,9.4672844648649,0.0,0.0,1.381656976744186,B,1
25.0,1.0972677417700016,1576.0,18.03921568627451,-0.08724713492792394,J,3
0.0,2.0109160057783297,954.0,13.72549019607843,-0.002020998270998331,E,2
0.0,9.498951030420422,0.0,0.0,-2.0824008600525388,C,1
41.0,0.9661459409860585,1730.5,14.117647058823527,-1.1203423035989661,E,3
0.0,0.7339026728216704,951.0,13.72549019607843,0.0014277255311737624,D,2
18.0,1.825639991809069,1045.0,13.72549019607843,0.18246817979528251,D,2
0.0,9.484323953200516,0.0,0.0,-0.006076375166582437,J,1
0.0,9.546490783038289,0.0,0.0,-2.30045983725427,C,1
15.0,0.9726611314836009,1197.5,14.117647058823527,-0.5065021797881364,I,2
0.0,9.065004362004148,0.0,0.0,0.0013487009679065132,F,1
2.0,1.9020896649111847,956.5,14.509803921568627,0.011628828828828819,B,2
0.0,1.7002210177904513,948.5,13.72549019607843,-0.009306459001374279,H,2
0.0,9.545564819191654,0.0,0.0,-0.0020577587775150175,J,1
0.0,2.2798203666410544,951.5,14.117647058823527,-0.07142742597150742,B,2
23.0,0.6210088332849968,1100.0,13.333333333333334,2.599377580476918,J,2
0.0,9.486639935526732,0.0,14.117647058823527,0.00016902392177400166,E,1
36.0,0.5342191975979075,1556.0,13.72549019607843,-0.0367283950617284,B,3
0.0,1.7225822690654058,958.5,14.901960784313726,0.24300012694919915,I,2
2.0,0.799434880197867,1200.0,13.333333333333334,-0.08289747413727999,J,2
0.0,1.028254268045435,945.5,12.549019607843135,0.001226693494299158,J,2
42.0,2.4554123426569716,1799.0,14.509803921568627,1.4747654320987658,J,3
28.0,2.5279364179387804,952.0,12.15686274509804,0.11964210101824735,A,2
0.0,9.453059995403386,0.0,0.0,-1.5617743712135124,D,1
32.0,0.8706185921557456,2020.0,21.96078431372549,-0.013930456640133926,B,3
0.0,0.5370108458045213,949.0,12.549019607843135,0.003614864864864842,I,2
35.0,0.6550146892735021,2181.5,18.431372549019606,-0.2827444968553459,H,3
0.0,9.069297438151862,0.0,0.0,-0.00034612831190816706,C,1
5.0,4.948513128465369,1140.5,24.31372549019608,0.6505826698973118,E,2
15.0,4.703530698844806,950.5,12.941176470588236,-0.7283417634569758,G,2
3.0,2.052199079816576,1283.0,15.294117647058822,0.17862674698795178,D,2
0.0,9.491548212140652,0.0,0.0,-0.007934662537802617,F,1
0.0,1.0668418391588632,954.5,12.549019607843135,0.0023153160734153966,G,2
0.0,9.523176117371197,0.0,0.0,1.4081168458781361,A,1
0.0,0.6048779238327824,952.5,12.549019607843135,0.005075777756635924,A,2
38.0,2.2327520927337723,2379.5,15.68627450980392,0.17190200785683118,B,3
0.0,9.066703015910457,0.0,0.0,-0.007548759753806866,J,1
36.0,0.6083765786043878,1523.5,16.862745098039216,0.059793231094658894,A,3
0.0,1.0538378195416571,948.0,12.549019607843135,-0.003035644609699517,D,2
31.0,2.302335590030912,1962.0,23.137254901960784,-5.393743257797734e-05,B,3
62.0,1.8762417692830275,2639.5,88.23529411764706,0.10218006201810251,I,3
16.0,4.472465331717449,1754.0,25.098039215686278,3.397549960815047,A,3
5.0,0.22354950271760662,987.5,13.333333333333334,0.011399029224390816,I,2
0.0,1.6452465280424697,953.5,13.72549019607843,0.0035859715725488073,I,2
0.0,9.497772243561114,842.75,16.862745098039216,0.6430765661252902,H,2
0.0,9.527249474550228,0.0,0.0,1.537977994818807,C,1
0.0,9.493680039165188,0.0,0.0,-0.0017534043169635805,C,1
0.0,0.9914900318899722,959.5,14.117647058823527,-0.004325163881178984,B,2
0.0,9.06481851452796,0.0,0.0,-0.00042375305273845143,D,1
0.0,3.10212584429556,948.5,12.549019607843135,0.06013587487781047,I,2
35.0,1.943268092906443,2180.0,20.7843137254902,0.08805741995234073,G,3
15.0,1.322072291014378,1561.0,15.68627450980392,0.038209889826131826,E,3
44.0,1.6462886352190904,2771.0,87.84313725490196,0.2788562091503267,H,3
31.0,1.8087355891699095,1929.5,14.901960784313726,0.17044164037854892,J,3
34.0,0.41829795362979055,2127.0,15.294117647058822,-0.07238303242088923,B,3
0.0,2.07794550575536,948.5,12.549019607843135,-0.00033799680495716355,H,2
0.0,2.0444312714271464,942.5,16.862745098039216,-0.04879003267973847,A,2
0.0,2.902480100741709,921.0,14.117647058823527,0.0037407530454043325,E,2
0.0,1.1230129998258158,925.0,14.901960784313726,0.00205120274914089,A,2
0.0,2.0347225859737748,947.5,13.72549019607843,0.00597972972972971,A,2
0.0,3.493366783318891,947.5,12.549019607843135,1.5216589756592294,H,2
0.0,0.46077846460055405,942.5,12.549019607843135,-0.003241755757973086,H,2
0.0,4.2311084297902095,1079.0,13.72549019607843,0.2952833524464835,B,2
86.0,1.0505169663887117,2897.5,16.07843137254902,0.16996406576398138,A,3
0.0,9.022457083663726,0.0,0.0,-0.019572270918860823,J,1
0.0,1.024460692101877,947.5,12.941176470588236,-0.0009381410068569629,I,2
0.0,9.492385846004405,0.0,0.0,-0.6988436339704929,H,1
0.0,9.449407899088873,0.0,0.0,-1.3871165039809275,I,1
0.0,9.068008985725523,0.0,0.0,-0.0021864695060567207,E,1
0.0,0.8818174194649577,961.0,12.941176470588236,0.0018125681684705297,F,2
51.0,2.899042098880869,3165.5,16.470588235294116,-0.03093021472392632,B,3
0.0,1.0467936042394144,946.5,12.549019607843135,0.0003119941133186144,A,2
17.0,2.3567569284834295,1267.5,9.803921568627452,-0.5757207792207795,A,2
8.0,1.4589970304823339,958.0,13.333333333333334,-0.0370722138439009,E,2
9.0,4.812592975491329,943.5,12.549019607843135,-0.7336886323787253,E,2
10.0,0.5470539708129056,964.5,13.333333333333334,0.1780415793151643,E,2
0.0,0.8543203378000127,949.5,12.549019607843135,-0.0004702543832978412,E,2
51.0,4.309439258415798,3213.0,17.647058823529413,-1.2828801619433197,B,3
6.0,1.5685892354412303,952.5,12.15686274509804,0.035884049155768816,C,2
0.0,9.492957411741669,0.0,0.0,0.009300582080754488,D,1
43.0,2.3546282693287486,1831.5,14.117647058823527,-0.09369258589511764,D,3
30.0,4.714379477456802,2964.0,23.52941176470588,-0.12855226950149223,D,3
0.0,1.7772375917015033,956.0,14.509803921568627,-0.00333550191177312,J,2
0.0,2.001605271135486,945.5,13.72549019607843,0.0018092932088090152,H,2
0.0,1.6449631500609843,950.0,14.117647058823527,-0.0022050245002722957,C,2
18.0,2.895874644770037,1872.0,14.509803921568627,-0.2548466257668711,B,3
0.0,2.2361335413148984,954.0,13.72549019607843,0.0013657810352722954,C,2
0.0,0.8887490000354629,948.5,12.549019607843135,0.0012531739314429746,A,2
0.0,1.7001561969460004,947.0,14.117647058823527,-0.00021927001930677203,I,2
41.0,0.8212364267677777,990.5,13.72549019607843,-0.018190719986680398,B,2
0.0,1.731506767412119,949.5,14.117647058823527,-0.0017346938775509857,A,2
0.0,1.4260936598647596,944.0,14.117647058823527,-0.0179242600050053,G,2
0.0,1.6121092625074656,1213.5,16.470588235294116,0.0168998143071889,C,2
0.0,8.754950209654966,0.0,0.0,-0.010631220534311203,F,1
35.0,4.588849032973545,2183.5,30.588235294117645,0.618963028053348,J,3
16.0,1.746468769672937,1154.0,14.901960784313726,0.3481761006289307,C,2
0.0,1.6799079141103033,950.0,13.72549019607843,-0.004787448465414512,D,2
0.0,1.0632866261927028,956.0,12.549019607843135,0.0020836873406966383,G,2
1.0,0.7104386130586455,949.0,14.117647058823527,0.020431893687707592,F,2
0.0,7.71023126836804,0.0,0.0,-0.006881159420289329,G,1
53.0,2.5697170848739774,2251.5,15.294117647058822,1.120468980496855,F,3
42.0,2.1066123961654553,2622.5,87.84313725490196,7.825342214056044,H,3
28.0,0.6498774119299524,2839.5,19.607843137254903,0.17527276439363004,B,3
0.0,9.448389993256948,0.0,0.0,-0.7161423298255267,H,1
3.0,0.6782147681937611,1576.5,18.431372549019606,0.009036544850498318,A,3
0.0,2.0088364888833623,951.5,13.72549019607843,0.0004221879815100027,C,2
0.0,1.0129327340703245,946.5,13.72549019607843,0.004158362144939309,F,2
4.0,3.06901359174981,1841.5,22.745098039215687,-0.2696004102325944,I,3
0.0,9.524781696873244,0.0,0.0,-0.006186711892990138,I,1
24.0,1.0724528007169476,942.5,14.509803921568627,-0.8538437499999999,F,2
3.0,0.961877704848495,1569.0,15.294117647058822,-0.027645915402669696,C,3
46.0,1.6508145032688641,1540.5,13.72549019607843,-0.08553188638799569,A,3
0.0,1.0016514505776466,1200.5,13.72549019607843,0.6973500774109261,F,2
30.0,0.7467931270007371,950.5,12.15686274509804,-1.2977531600188477,A,2
4.0,2.350602283023534,1574.5,9.803921568627452,-0.1919491036393015,D,3
0.0,1.7323970572610004,0.0,0.0,0.001246322853465702,G,1
44.0,2.9311447607376886,2736.5,25.098039215686278,1.1878222222222234,H,3
18.0,0.35591848222072137,946.0,12.15686274509804,0.034962366952189405,G,2
36.0,0.8166438450235685,2255.5,15.294117647058822,-0.006822872877080888,B,3
48.0,0.7776479424583428,3028.0,17.254901960784313,-0.0565987585548305,F,3
0.0,9.531142399394408,0.0,0.0,-0.002505692548427474,E,1
34.0,1.802229557674302,2103.5,88.23529411764706,-0.0999245294611587,G,3
1.0,2.414360297953394,1235.5,13.333333333333334,0.02507764791523437,F,2
0.0,9.46492052881215,0.0,0.0,-0.7065605941373204,F,1
0.0,9.47452187961301,0.0,0.0,1.4187006004747942,C,1
38.0,1.7931864434241285,2372.0,25.88235294117647,0.06323086944384115,A,3
46.0,0.5583003286135332,1945.0,14.509803921568627,-0.15971518987341776,C,3
2.0,0.7816116860466908,1809.0,15.294117647058822,0.006058631921824126,B,3
0.0,9.471984303413441,0.0,0.0,-1.4697282152673963,J,1
26.0,4.571176441789217,2679.5,22.745098039215687,0.6893217893217893,G,3
0.0,1.0336385784300197,956.5,12.549019607843135,0.0027258376693561903,B,2
